Patient_ID,Patient_Name,Age,Gender,City,Insurance_Type,Registration_Date
P00001,Sneha Rao,48,Male,Nagpur,Corporate Insurance,2025-02-12
P00002,Aditi Jain,22,Female,Chandrapur,Private Insurance,2025-06-11
P00003,Neha Jain,56,Male,Wardha,Corporate Insurance,2024-08-04
P00004,Aditi Pawar,60,Female,Jabalpur,Corporate Insurance,2025-12-29
P00005,Nisha Gupta,5,Female,Mumbai,Government Scheme,2024-11-19
P00006,Karan Patil,17,Female,Bhandara,Private Insurance,2025-07-06
P00007,Diya Singh,44,Female,Pune,Private Insurance,2025-01-04
P00008,Ananya Patil,36,Female,Nagpur,Private Insurance,2025-11-29
P00009,Ananya Pawar,42,Female,Nagpur,Private Insurance,2025-05-02
P00010,Aditya Pawar,26,Female,Chandrapur,Self Pay,2025-06-21
P00011,Vikram Pawar,59,Female,Nashik,Corporate Insurance,2025-07-19
P00012,Aarav Mehta,57,Male,Nagpur,Private Insurance,2024-08-28
P00013,Vikram Shah,43,Female,Nagpur,Government Scheme,2024-09-11
P00014,Aditya Shah,63,Female,Bhandara,Government Scheme,2025-08-26
P00015,Vikram Sharma,51,Female,Nagpur,Private Insurance,2024-12-03
P00016,Meera Verma,26,Male,Amravati,Government Scheme,2025-05-01
P00017,Vikram Patil,49,Male,Wardha,Corporate Insurance,2025-01-13
P00018,Priya Deshmukh,24,Other,Mumbai,Government Scheme,2024-01-25
P00019,Meera Shah,59,Male,Nagpur,Private Insurance,2024-12-09
P00020,Sneha Shah,41,Female,Nagpur,Self Pay,2024-05-05
P00021,Neha Rao,38,Male,Nagpur,Private Insurance,2024-03-04
P00022,Rahul Patil,29,Female,Nagpur,Corporate Insurance,2024-07-09
P00023,Priya Deshmukh,65,Male,Nashik,Corporate Insurance,2024-08-01
P00024,Rohan Jain,39,Female,Wardha,Private Insurance,2025-06-26
P00025,Neha Sharma,34,Female,Nagpur,Government Scheme,2024-07-03
P00026,Meera Singh,35,Male,Mumbai,Self Pay,2025-08-04
P00027,Karan Jain,52,Male,Pune,Government Scheme,2024-06-02
P00028,Sneha Singh,49,Male,Nagpur,Government Scheme,2025-08-26
P00029,Rahul Verma,50,Female,Nagpur,Corporate Insurance,2025-01-18
P00030,Isha Patil,50,Female,Pune,Private Insurance,2024-02-19
P00031,Ananya Rao,83,Female,Akola,Government Scheme,2024-03-21
P00032,Priya Mehta,34,Female,Jabalpur,Private Insurance,2024-02-22
P00033,Karan Khan,32,Female,Nagpur,Private Insurance,2024-10-26
P00034,Sneha Deshmukh,27,Female,Nashik,Corporate Insurance,2024-08-06
P00035,Rohan Shah,54,Male,Nagpur,Self Pay,2024-02-03
P00036,Priya Khan,63,Female,Nagpur,Government Scheme,2025-05-12
P00037,Aditi Patil,40,Male,Nashik,Private Insurance,2025-09-14
P00038,Priya Rao,26,Male,Akola,Corporate Insurance,2025-09-06
P00039,Arjun Rao,26,Male,Nagpur,Private Insurance,2024-04-20
P00040,Kavya Deshmukh,54,Female,Nagpur,Government Scheme,2025-09-26
P00041,Rohan Deshmukh,56,Female,Nashik,Private Insurance,2024-11-06
P00042,Vivaan Gupta,52,Female,Nagpur,Government Scheme,2024-05-31
P00043,Ananya Shah,29,Male,Nagpur,Government Scheme,2024-04-07
P00044,Kavya Shah,46,Female,Nagpur,Private Insurance,2025-07-14
P00045,Arjun Khan,44,Female,Nagpur,Government Scheme,2024-07-06
P00046,Priya Kulkarni,46,Other,Pune,Government Scheme,2025-04-12
P00047,Priya Deshmukh,59,Male,Nagpur,Self Pay,2025-02-08
P00048,Pooja Joshi,46,Male,Bhandara,Government Scheme,2025-11-07
P00049,Aarav Shah,55,Female,Akola,Corporate Insurance,2025-06-06
P00050,Rohan Kulkarni,43,Male,Nagpur,Private Insurance,2025-07-18
P00051,Diya Reddy,47,Female,Chandrapur,Private Insurance,2024-12-25
P00052,Ananya Patil,54,Female,Nagpur,Private Insurance,2025-01-20
P00053,Isha Mehta,14,Male,Pune,Private Insurance,2024-04-19
P00054,Rahul Verma,36,Male,Pune,Government Scheme,2025-07-25
P00055,Arjun Khan,33,Male,Pune,Private Insurance,2025-07-03
P00056,Arjun Joshi,30,Female,Amravati,Private Insurance,2024-08-13
P00057,Vivaan Gupta,37,Female,Pune,Private Insurance,2024-04-12
P00058,Riya Shah,70,Male,Chandrapur,Government Scheme,2025-07-27
P00059,Aditya Jain,26,Male,Amravati,Self Pay,2025-07-16
P00060,Vikram Deshmukh,60,Female,Nagpur,Government Scheme,2025-07-24
P00061,Aarav Gupta,10,Female,Nagpur,Corporate Insurance,2024-01-22
P00062,Arjun Kulkarni,36,Male,Nagpur,Private Insurance,2025-09-16
P00063,Ananya Singh,45,Male,Nagpur,Government Scheme,2024-09-19
P00064,Rahul Patil,53,Female,Mumbai,Private Insurance,2024-06-25
P00065,Aditya Patil,56,Male,Jabalpur,Self Pay,2025-01-19
P00066,Rahul Khan,57,Other,Nagpur,Private Insurance,2025-09-11
P00067,Isha Gupta,35,Female,Jabalpur,Corporate Insurance,2025-08-17
P00068,Rohan Deshmukh,33,Male,Akola,Self Pay,2024-05-03
P00069,Aditya Joshi,58,Male,Wardha,Government Scheme,2025-12-13
P00070,Diya Pawar,38,Male,Jabalpur,Government Scheme,2025-07-17
P00071,Nisha Rao,18,Male,Akola,Private Insurance,2025-11-12
P00072,Rahul Khan,20,Male,Chandrapur,Private Insurance,2025-11-09
P00073,Aditya Jain,25,Male,Nagpur,Corporate Insurance,2025-01-18
P00074,Nisha Singh,51,Female,Nagpur,Self Pay,2024-01-27
P00075,Isha Gupta,45,Male,Mumbai,Private Insurance,2024-02-22
P00076,Riya Rao,55,Female,Nagpur,Private Insurance,2025-04-01
P00077,Sneha Patil,34,Female,Nagpur,Private Insurance,2024-03-07
P00078,Riya Mehta,45,Female,Nagpur,Self Pay,2025-04-26
P00079,Vikram Joshi,54,Male,Wardha,Government Scheme,2024-03-16
P00080,Pooja Singh,36,Other,Amravati,Self Pay,2025-08-18
P00081,Pooja Rao,51,Male,Mumbai,Private Insurance,2024-07-14
P00082,Vikram Mehta,29,Male,Amravati,Corporate Insurance,2024-03-16
P00083,Diya Mehta,35,Female,Mumbai,Private Insurance,2024-09-05
P00084,Rohan Mehta,35,Male,Chandrapur,Private Insurance,2025-10-25
P00085,Sneha Shah,19,Male,Bhandara,Corporate Insurance,2025-02-06
P00086,Nisha Gupta,51,Female,Nagpur,Self Pay,2025-12-26
P00087,Sneha Kulkarni,33,Male,Nagpur,Government Scheme,2024-07-07
P00088,Aditya Verma,42,Male,Mumbai,Corporate Insurance,2025-05-05
P00089,Kavya Kulkarni,51,Female,Nashik,Private Insurance,2024-05-16
P00090,Riya Patil,50,Male,Wardha,Private Insurance,2024-11-09
P00091,Pooja Reddy,55,Female,Mumbai,Private Insurance,2024-10-01
P00092,Aditi Jain,40,Female,Pune,Private Insurance,2025-04-08
P00093,Diya Sharma,34,Female,Nagpur,Self Pay,2025-05-06
P00094,Rohan Singh,40,Female,Chandrapur,Government Scheme,2024-02-09
P00095,Riya Jain,10,Female,Pune,Government Scheme,2025-05-22
P00096,Priya Mehta,15,Male,Pune,Self Pay,2025-07-03
P00097,Karan Verma,17,Female,Nagpur,Private Insurance,2024-10-05
P00098,Vivaan Singh,23,Male,Nagpur,Private Insurance,2024-02-21
P00099,Arjun Verma,50,Male,Amravati,Private Insurance,2024-11-04
P00100,Vivaan Mehta,25,Female,Nagpur,Self Pay,2024-08-23
P00101,Rohan Reddy,35,Female,Nagpur,Government Scheme,2025-08-01
P00102,Rohan Patil,67,Male,Chandrapur,Corporate Insurance,2024-04-11
P00103,Aditi Verma,35,Male,Wardha,Corporate Insurance,2024-08-04
P00104,Sneha Patil,56,Male,Nagpur,Self Pay,2025-06-14
P00105,Arjun Gupta,24,Female,Bhandara,Self Pay,2025-11-17
P00106,Pooja Sharma,38,Male,Nagpur,Government Scheme,2025-03-09
P00107,Priya Jain,24,Male,Amravati,Corporate Insurance,2024-01-02
P00108,Aditya Shah,36,Male,Pune,Government Scheme,2025-05-25
P00109,Nisha Pawar,58,Female,Mumbai,Private Insurance,2024-01-23
P00110,Pooja Jain,9,Male,Nagpur,Private Insurance,2024-02-17
P00111,Ananya Khan,50,Female,Pune,Self Pay,2025-05-02
P00112,Nisha Verma,47,Male,Mumbai,Private Insurance,2024-09-27
P00113,Aarav Jain,31,Male,Chandrapur,Self Pay,2024-01-20
P00114,Karan Singh,15,Male,Jabalpur,Corporate Insurance,2024-10-23
P00115,Arjun Joshi,43,Female,Nagpur,Private Insurance,2024-10-03
P00116,Pooja Sharma,32,Male,Nagpur,Private Insurance,2025-03-15
P00117,Diya Jain,46,Female,Pune,Private Insurance,2025-11-20
P00118,Diya Deshmukh,42,Male,Wardha,Government Scheme,2024-03-15
P00119,Priya Patil,72,Male,Amravati,Self Pay,2025-05-01
P00120,Meera Shah,37,Male,Nagpur,Private Insurance,2025-04-17
P00121,Isha Reddy,23,Female,Nagpur,Government Scheme,2025-12-14
P00122,Riya Khan,45,Male,Nagpur,Government Scheme,2024-10-15
P00123,Diya Jain,46,Female,Nagpur,Private Insurance,2024-04-28
P00124,Aditya Verma,68,Male,Jabalpur,Private Insurance,2025-10-23
P00125,Diya Mehta,58,Male,Nagpur,Private Insurance,2024-02-06
P00126,Vikram Shah,49,Male,Pune,Self Pay,2024-11-24
P00127,Aditi Rao,70,Male,Nagpur,Private Insurance,2025-04-22
P00128,Aarav Pawar,19,Male,Nagpur,Private Insurance,2024-03-15
P00129,Neha Singh,30,Female,Mumbai,Government Scheme,2024-08-04
P00130,Aditi Reddy,24,Male,Nagpur,Self Pay,2024-03-16
P00131,Rahul Rao,35,Female,Nagpur,Self Pay,2025-09-09
P00132,Ananya Sharma,16,Female,Pune,Government Scheme,2024-07-04
P00133,Vikram Joshi,54,Male,Nagpur,Government Scheme,2025-03-16
P00134,Nisha Singh,38,Female,Nagpur,Self Pay,2024-06-24
P00135,Karan Sharma,14,Male,Jabalpur,Corporate Insurance,2025-05-21
P00136,Vikram Verma,23,Other,Amravati,Government Scheme,2025-08-04
P00137,Ananya Deshmukh,48,Female,Chandrapur,Self Pay,2024-01-30
P00138,Isha Kulkarni,58,Female,Nagpur,Private Insurance,2025-06-11
P00139,Sneha Pawar,80,Female,Nagpur,Government Scheme,2025-04-27
P00140,Sneha Deshmukh,90,Female,Wardha,Corporate Insurance,2024-02-25
P00141,Aditya Pawar,50,Male,Akola,Private Insurance,2024-07-11
P00142,Aditi Gupta,23,Male,Nagpur,Private Insurance,2025-09-13
P00143,Sneha Rao,1,Male,Mumbai,Self Pay,2024-11-19
P00144,Vivaan Sharma,47,Female,Pune,Corporate Insurance,2024-03-11
P00145,Neha Mehta,27,Male,Bhandara,Private Insurance,2025-04-13
P00146,Neha Rao,34,Female,Wardha,Corporate Insurance,2025-07-27
P00147,Aarav Pawar,30,Male,Chandrapur,Private Insurance,2024-11-12
P00148,Sneha Khan,39,Male,Nashik,Corporate Insurance,2024-03-22
P00149,Aarav Patil,62,Female,Nagpur,Corporate Insurance,2024-04-05
P00150,Aditi Gupta,45,Male,Pune,Self Pay,2024-10-01
P00151,Arjun Deshmukh,39,Male,Wardha,Corporate Insurance,2024-12-19
P00152,Arjun Pawar,22,Female,Mumbai,Corporate Insurance,2025-07-02
P00153,Isha Rao,10,Male,Jabalpur,Corporate Insurance,2025-05-12
P00154,Diya Sharma,33,Male,Nagpur,Government Scheme,2024-07-04
P00155,Isha Kulkarni,41,Female,Amravati,Government Scheme,2025-05-18
P00156,Karan Khan,76,Female,Bhandara,Private Insurance,2024-03-23
P00157,Nisha Shah,44,Male,Bhandara,Private Insurance,2024-05-14
P00158,Sneha Pawar,61,Male,Pune,Self Pay,2025-07-28
P00159,Sneha Shah,33,Male,Nagpur,Private Insurance,2025-10-19
P00160,Rahul Pawar,19,Male,Chandrapur,Corporate Insurance,2025-05-19
P00161,Vikram Patil,24,Male,Jabalpur,Private Insurance,2024-11-29
P00162,Sneha Pawar,28,Female,Jabalpur,Private Insurance,2025-10-12
P00163,Priya Kulkarni,82,Female,Nagpur,Private Insurance,2024-09-15
P00164,Riya Deshmukh,26,Female,Jabalpur,Private Insurance,2025-04-13
P00165,Vivaan Pawar,58,Male,Nagpur,Private Insurance,2025-05-15
P00166,Riya Shah,25,Male,Bhandara,Government Scheme,2024-02-23
P00167,Ananya Pawar,60,Male,Nagpur,Private Insurance,2025-12-01
P00168,Karan Pawar,49,Female,Chandrapur,Self Pay,2025-04-11
P00169,Aditi Shah,39,Male,Nagpur,Government Scheme,2024-06-24
P00170,Diya Jain,41,Male,Nagpur,Self Pay,2025-08-23
P00171,Neha Gupta,30,Female,Nagpur,Self Pay,2024-10-05
P00172,Isha Kulkarni,50,Female,Mumbai,Private Insurance,2024-03-02
P00173,Vikram Shah,33,Male,Bhandara,Private Insurance,2025-05-08
P00174,Aarav Kulkarni,19,Male,Akola,Self Pay,2024-04-09
P00175,Karan Mehta,18,Male,Akola,Self Pay,2025-03-11
P00176,Priya Khan,45,Female,Amravati,Private Insurance,2025-05-09
P00177,Rahul Sharma,72,Male,Nagpur,Self Pay,2024-04-24
P00178,Vikram Kulkarni,45,Female,Nagpur,Private Insurance,2025-07-31
P00179,Ananya Patil,40,Female,Wardha,Private Insurance,2024-11-29
P00180,Rohan Khan,47,Male,Jabalpur,Private Insurance,2024-09-14
P00181,Nisha Rao,67,Female,Nagpur,Self Pay,2024-03-15
P00182,Isha Singh,46,Male,Akola,Private Insurance,2025-06-20
P00183,Priya Gupta,34,Female,Pune,Government Scheme,2024-04-29
P00184,Karan Patil,63,Female,Mumbai,Private Insurance,2024-05-02
P00185,Aarav Verma,50,Female,Nagpur,Private Insurance,2024-07-12
P00186,Vikram Kulkarni,71,Male,Mumbai,Private Insurance,2024-11-20
P00187,Aditi Reddy,45,Female,Chandrapur,Government Scheme,2025-10-03
P00188,Arjun Kulkarni,19,Female,Wardha,Self Pay,2025-06-30
P00189,Meera Rao,16,Female,Nashik,Self Pay,2025-06-22
P00190,Ananya Gupta,73,Female,Nagpur,Private Insurance,2024-05-25
P00191,Pooja Sharma,75,Male,Pune,Private Insurance,2025-04-18
P00192,Vivaan Singh,39,Female,Chandrapur,Private Insurance,2024-09-11
P00193,Karan Joshi,35,Female,Pune,Corporate Insurance,2024-12-11
P00194,Kavya Joshi,70,Male,Pune,Government Scheme,2025-04-04
P00195,Aarav Sharma,21,Female,Chandrapur,Self Pay,2024-05-01
P00196,Nisha Kulkarni,25,Male,Nagpur,Private Insurance,2024-09-09
P00197,Aarav Joshi,54,Female,Nagpur,Government Scheme,2024-10-15
P00198,Karan Rao,35,Male,Mumbai,Government Scheme,2025-09-30
P00199,Isha Mehta,42,Female,Chandrapur,Government Scheme,2025-12-07
P00200,Ananya Khan,39,Male,Mumbai,Government Scheme,2025-11-29
P00201,Aarav Gupta,48,Female,Amravati,Private Insurance,2025-01-20
P00202,Diya Patil,69,Other,Wardha,Government Scheme,2025-04-13
P00203,Rahul Khan,44,Female,Mumbai,Corporate Insurance,2025-06-06
P00204,Neha Sharma,54,Male,Nashik,Private Insurance,2025-07-25
P00205,Rahul Shah,3,Male,Amravati,Self Pay,2025-05-08
P00206,Rahul Sharma,41,Female,Nagpur,Corporate Insurance,2025-10-23
P00207,Aarav Pawar,26,Female,Mumbai,Government Scheme,2024-10-06
P00208,Vikram Pawar,19,Female,Pune,Government Scheme,2025-05-27
P00209,Sneha Kulkarni,25,Other,Wardha,Private Insurance,2025-03-21
P00210,Meera Khan,36,Male,Bhandara,Self Pay,2025-07-18
P00211,Arjun Joshi,59,Male,Nagpur,Corporate Insurance,2025-11-09
P00212,Sneha Joshi,17,Female,Amravati,Corporate Insurance,2024-02-28
P00213,Riya Shah,43,Male,Nagpur,Private Insurance,2025-09-14
P00214,Vivaan Khan,33,Female,Nagpur,Corporate Insurance,2025-08-24
P00215,Ananya Patil,36,Female,Pune,Private Insurance,2025-09-27
P00216,Rohan Reddy,61,Female,Amravati,Government Scheme,2024-07-19
P00217,Diya Joshi,52,Female,Pune,Private Insurance,2025-02-26
P00218,Isha Patil,67,Male,Wardha,Private Insurance,2024-02-21
P00219,Vikram Pawar,39,Male,Nagpur,Government Scheme,2024-02-14
P00220,Aditi Verma,29,Female,Amravati,Government Scheme,2025-03-06
P00221,Kavya Shah,38,Female,Nagpur,Corporate Insurance,2025-12-09
P00222,Riya Sharma,47,Male,Akola,Private Insurance,2024-06-14
P00223,Aditya Shah,45,Male,Mumbai,Corporate Insurance,2025-07-30
P00224,Pooja Verma,21,Female,Nashik,Government Scheme,2024-02-28
P00225,Aditya Deshmukh,44,Female,Nashik,Private Insurance,2024-02-17
P00226,Rahul Gupta,46,Male,Mumbai,Private Insurance,2025-03-20
P00227,Meera Jain,90,Male,Nashik,Self Pay,2024-07-22
P00228,Aditya Jain,78,Male,Bhandara,Self Pay,2024-03-12
P00229,Aditi Gupta,26,Female,Akola,Private Insurance,2025-10-29
P00230,Rohan Rao,37,Male,Amravati,Government Scheme,2025-10-09
P00231,Nisha Patil,14,Female,Nagpur,Government Scheme,2024-01-11
P00232,Kavya Mehta,31,Male,Akola,Government Scheme,2025-12-08
P00233,Karan Rao,48,Female,Nashik,Self Pay,2024-01-14
P00234,Arjun Pawar,65,Female,Nagpur,Self Pay,2025-06-22
P00235,Sneha Sharma,28,Female,Jabalpur,Private Insurance,2025-07-26
P00236,Nisha Reddy,30,Female,Nagpur,Private Insurance,2024-07-28
P00237,Vikram Shah,1,Female,Nashik,Private Insurance,2024-04-09
P00238,Vikram Deshmukh,39,Male,Jabalpur,Corporate Insurance,2025-02-14
P00239,Riya Reddy,22,Male,Nagpur,Government Scheme,2025-10-08
P00240,Meera Shah,32,Male,Mumbai,Private Insurance,2024-01-23
P00241,Neha Kulkarni,25,Female,Pune,Self Pay,2025-09-13
P00242,Pooja Pawar,40,Female,Nashik,Government Scheme,2025-03-29
P00243,Arjun Reddy,9,Female,Jabalpur,Private Insurance,2025-12-21
P00244,Ananya Kulkarni,14,Female,Chandrapur,Private Insurance,2024-07-11
P00245,Neha Reddy,82,Female,Wardha,Self Pay,2025-04-15
P00246,Ananya Deshmukh,18,Male,Akola,Self Pay,2024-11-28
P00247,Aditya Singh,21,Male,Amravati,Private Insurance,2025-04-08
P00248,Ananya Kulkarni,77,Female,Nagpur,Private Insurance,2024-05-10
P00249,Kavya Verma,90,Male,Nagpur,Private Insurance,2024-12-29
P00250,Priya Joshi,20,Male,Amravati,Self Pay,2025-12-21
P00251,Neha Patil,35,Female,Pune,Private Insurance,2025-09-08
P00252,Rohan Joshi,48,Male,Jabalpur,Private Insurance,2024-05-31
P00253,Arjun Khan,75,Female,Jabalpur,Private Insurance,2024-02-13
P00254,Vikram Verma,23,Female,Nagpur,Corporate Insurance,2024-10-31
P00255,Rahul Khan,37,Other,Bhandara,Government Scheme,2024-06-16
P00256,Isha Reddy,57,Male,Bhandara,Private Insurance,2024-07-04
P00257,Isha Khan,50,Female,Nagpur,Government Scheme,2024-05-13
P00258,Nisha Mehta,35,Female,Bhandara,Self Pay,2025-01-30
P00259,Pooja Pawar,39,Male,Amravati,Corporate Insurance,2024-03-09
P00260,Riya Rao,16,Female,Jabalpur,Corporate Insurance,2025-10-22
P00261,Aditya Jain,37,Male,Nagpur,Government Scheme,2024-01-23
P00262,Aarav Verma,37,Male,Pune,Government Scheme,2024-04-29
P00263,Kavya Khan,46,Female,Mumbai,Private Insurance,2025-02-14
P00264,Priya Khan,31,Male,Nashik,Self Pay,2024-04-12
P00265,Arjun Jain,51,Male,Nagpur,Self Pay,2025-01-02
P00266,Aditya Verma,61,Male,Nagpur,Private Insurance,2024-02-24
P00267,Vivaan Kulkarni,45,Female,Jabalpur,Government Scheme,2025-09-27
P00268,Riya Reddy,49,Female,Nagpur,Private Insurance,2025-03-06
P00269,Aarav Rao,43,Female,Nagpur,Self Pay,2024-08-09
P00270,Rohan Gupta,42,Male,Jabalpur,Private Insurance,2025-03-15
P00271,Rahul Kulkarni,28,Male,Nashik,Private Insurance,2025-01-29
P00272,Aarav Verma,48,Male,Nashik,Private Insurance,2025-08-22
P00273,Karan Khan,40,Male,Nagpur,Private Insurance,2025-06-14
P00274,Riya Sharma,82,Female,Wardha,Private Insurance,2025-09-02
P00275,Ananya Rao,72,Female,Pune,Self Pay,2025-09-22
P00276,Nisha Pawar,49,Male,Nagpur,Self Pay,2024-03-15
P00277,Pooja Verma,28,Male,Nagpur,Government Scheme,2025-07-15
P00278,Kavya Sharma,21,Male,Nagpur,Private Insurance,2025-10-26
P00279,Isha Pawar,65,Female,Chandrapur,Corporate Insurance,2024-05-24
P00280,Arjun Pawar,47,Female,Nagpur,Corporate Insurance,2025-08-28
P00281,Nisha Khan,51,Male,Mumbai,Government Scheme,2025-03-21
P00282,Aditya Kulkarni,9,Female,Nagpur,Self Pay,2025-04-17
P00283,Sneha Kulkarni,60,Female,Nagpur,Self Pay,2025-06-04
P00284,Arjun Verma,51,Male,Jabalpur,Self Pay,2024-09-10
P00285,Diya Deshmukh,21,Male,Jabalpur,Private Insurance,2025-10-17
P00286,Ananya Joshi,33,Male,Akola,Government Scheme,2025-06-28
P00287,Aditya Gupta,47,Male,Mumbai,Private Insurance,2024-11-16
P00288,Aarav Jain,43,Male,Nagpur,Self Pay,2025-03-29
P00289,Aarav Patil,36,Female,Wardha,Self Pay,2025-11-27
P00290,Karan Singh,40,Female,Nagpur,Corporate Insurance,2024-09-14
P00291,Ananya Sharma,37,Male,Wardha,Private Insurance,2025-10-14
P00292,Karan Sharma,45,Female,Pune,Government Scheme,2024-01-10
P00293,Ananya Verma,70,Male,Pune,Self Pay,2025-08-02
P00294,Riya Gupta,1,Male,Nagpur,Corporate Insurance,2025-03-08
P00295,Meera Deshmukh,37,Female,Amravati,Corporate Insurance,2025-06-02
P00296,Diya Reddy,45,Male,Jabalpur,Private Insurance,2025-02-24
P00297,Aarav Verma,48,Male,Bhandara,Corporate Insurance,2024-12-15
P00298,Vikram Kulkarni,35,Female,Nagpur,Corporate Insurance,2024-04-22
P00299,Ananya Rao,9,Female,Amravati,Corporate Insurance,2024-06-26
P00300,Aditya Joshi,48,Male,Nagpur,Government Scheme,2025-10-23
P00301,Diya Singh,75,Female,Wardha,Self Pay,2024-10-23
P00302,Vivaan Jain,13,Female,Wardha,Private Insurance,2024-04-26
P00303,Isha Verma,58,Male,Wardha,Private Insurance,2024-04-03
P00304,Vikram Sharma,36,Male,Wardha,Private Insurance,2024-07-28
P00305,Neha Jain,41,Male,Wardha,Government Scheme,2025-06-18
P00306,Aditi Verma,22,Male,Nagpur,Corporate Insurance,2024-09-28
P00307,Rahul Verma,36,Male,Nagpur,Government Scheme,2024-11-10
P00308,Aditya Shah,67,Female,Amravati,Government Scheme,2025-05-13
P00309,Aditya Sharma,53,Female,Mumbai,Self Pay,2025-03-17
P00310,Karan Mehta,75,Male,Pune,Government Scheme,2024-02-29
P00311,Aditi Mehta,64,Female,Nagpur,Government Scheme,2024-10-12
P00312,Aditi Reddy,50,Male,Wardha,Government Scheme,2025-05-27
P00313,Neha Deshmukh,75,Male,Chandrapur,Government Scheme,2025-06-01
P00314,Kavya Rao,50,Female,Wardha,Government Scheme,2024-10-29
P00315,Diya Singh,58,Male,Akola,Self Pay,2024-06-05
P00316,Vikram Pawar,36,Male,Jabalpur,Government Scheme,2024-05-13
P00317,Aarav Khan,43,Male,Nagpur,Government Scheme,2024-03-06
P00318,Isha Jain,29,Female,Wardha,Government Scheme,2024-03-22
P00319,Vikram Shah,61,Male,Wardha,Corporate Insurance,2025-12-09
P00320,Aditya Pawar,20,Female,Bhandara,Government Scheme,2024-10-28
P00321,Nisha Pawar,57,Male,Nagpur,Self Pay,2024-08-22
P00322,Riya Sharma,38,Male,Chandrapur,Government Scheme,2024-11-21
P00323,Sneha Sharma,64,Female,Nagpur,Private Insurance,2025-01-12
P00324,Ananya Kulkarni,56,Female,Nashik,Government Scheme,2024-04-10
P00325,Diya Pawar,77,Male,Akola,Private Insurance,2025-10-22
P00326,Pooja Khan,56,Male,Nagpur,Private Insurance,2024-12-18
P00327,Vivaan Jain,12,Female,Jabalpur,Private Insurance,2025-02-14
P00328,Vikram Pawar,41,Male,Pune,Self Pay,2025-01-01
P00329,Nisha Verma,20,Male,Bhandara,Government Scheme,2025-11-15
P00330,Priya Singh,32,Female,Jabalpur,Government Scheme,2025-12-17
P00331,Isha Joshi,71,Male,Pune,Government Scheme,2024-04-01
P00332,Sneha Mehta,54,Female,Nagpur,Private Insurance,2025-06-04
P00333,Nisha Shah,29,Female,Chandrapur,Corporate Insurance,2024-04-29
P00334,Aditya Reddy,23,Male,Bhandara,Corporate Insurance,2024-01-09
P00335,Priya Patil,43,Female,Chandrapur,Self Pay,2025-02-07
P00336,Pooja Khan,19,Male,Jabalpur,Private Insurance,2024-12-14
P00337,Kavya Shah,29,Male,Wardha,Corporate Insurance,2024-12-25
P00338,Diya Patil,48,Male,Nagpur,Self Pay,2024-01-16
P00339,Ananya Pawar,64,Female,Wardha,Private Insurance,2025-04-14
P00340,Riya Joshi,54,Female,Pune,Private Insurance,2025-01-08
P00341,Aarav Verma,1,Male,Amravati,Private Insurance,2024-02-12
P00342,Rohan Shah,48,Male,Nagpur,Self Pay,2024-09-03
P00343,Sneha Gupta,43,Male,Nagpur,Government Scheme,2024-04-08
P00344,Karan Gupta,50,Female,Akola,Private Insurance,2025-10-21
P00345,Aditi Gupta,73,Female,Nagpur,Private Insurance,2025-06-25
P00346,Sneha Sharma,3,Female,Amravati,Government Scheme,2024-12-26
P00347,Aditya Gupta,31,Male,Nagpur,Self Pay,2024-03-04
P00348,Isha Gupta,53,Female,Wardha,Government Scheme,2025-09-12
P00349,Rahul Pawar,12,Male,Nagpur,Private Insurance,2024-09-16
P00350,Rahul Kulkarni,70,Female,Nagpur,Government Scheme,2025-03-02
P00351,Aditya Deshmukh,49,Female,Akola,Corporate Insurance,2025-06-09
P00352,Nisha Pawar,58,Male,Nagpur,Private Insurance,2024-10-16
P00353,Karan Sharma,31,Male,Nagpur,Government Scheme,2025-12-10
P00354,Pooja Verma,57,Male,Chandrapur,Private Insurance,2024-06-16
P00355,Diya Singh,62,Female,Nagpur,Private Insurance,2024-09-07
P00356,Vivaan Singh,46,Male,Nagpur,Corporate Insurance,2024-05-13
P00357,Aditi Deshmukh,46,Female,Amravati,Corporate Insurance,2024-09-07
P00358,Nisha Gupta,47,Male,Amravati,Private Insurance,2025-08-03
P00359,Aarav Shah,26,Male,Bhandara,Private Insurance,2024-12-10
P00360,Rohan Shah,39,Female,Jabalpur,Private Insurance,2025-10-06
P00361,Arjun Khan,39,Male,Amravati,Government Scheme,2025-10-12
P00362,Vikram Jain,49,Female,Bhandara,Private Insurance,2024-08-24
P00363,Rohan Sharma,61,Female,Mumbai,Government Scheme,2025-08-03
P00364,Karan Jain,22,Female,Wardha,Private Insurance,2024-12-27
P00365,Aditi Reddy,40,Female,Pune,Self Pay,2024-11-05
P00366,Aarav Reddy,70,Male,Bhandara,Corporate Insurance,2024-07-28
P00367,Vikram Sharma,28,Male,Chandrapur,Private Insurance,2024-02-18
P00368,Rohan Reddy,26,Male,Mumbai,Self Pay,2024-11-28
P00369,Meera Deshmukh,46,Male,Nagpur,Self Pay,2025-05-02
P00370,Pooja Gupta,58,Male,Mumbai,Private Insurance,2025-09-26
P00371,Aditya Gupta,42,Female,Wardha,Corporate Insurance,2024-10-27
P00372,Pooja Verma,67,Female,Chandrapur,Government Scheme,2024-04-10
P00373,Arjun Verma,58,Female,Wardha,Government Scheme,2024-12-08
P00374,Pooja Deshmukh,58,Male,Nagpur,Self Pay,2024-07-31
P00375,Diya Singh,53,Male,Nagpur,Private Insurance,2025-11-01
P00376,Vivaan Pawar,86,Male,Jabalpur,Private Insurance,2025-05-22
P00377,Pooja Singh,38,Female,Chandrapur,Government Scheme,2025-10-23
P00378,Arjun Kulkarni,4,Female,Mumbai,Self Pay,2024-08-14
P00379,Nisha Joshi,72,Male,Nagpur,Corporate Insurance,2024-11-21
P00380,Arjun Pawar,33,Female,Nagpur,Government Scheme,2024-02-29
P00381,Ananya Singh,44,Male,Nagpur,Private Insurance,2024-04-08
P00382,Priya Sharma,67,Female,Nagpur,Private Insurance,2024-09-30
P00383,Sneha Rao,12,Female,Wardha,Corporate Insurance,2024-10-16
P00384,Aditya Pawar,18,Male,Mumbai,Private Insurance,2025-05-08
P00385,Vikram Singh,12,Male,Mumbai,Corporate Insurance,2024-06-06
P00386,Meera Pawar,27,Male,Wardha,Private Insurance,2025-12-19
P00387,Aditya Khan,50,Female,Amravati,Private Insurance,2025-07-23
P00388,Neha Singh,52,Female,Chandrapur,Private Insurance,2025-10-13
P00389,Arjun Jain,47,Male,Chandrapur,Government Scheme,2024-08-11
P00390,Rohan Deshmukh,15,Male,Akola,Private Insurance,2025-02-14
P00391,Karan Deshmukh,1,Male,Bhandara,Corporate Insurance,2025-01-12
P00392,Karan Joshi,43,Male,Nagpur,Government Scheme,2025-07-21
P00393,Vivaan Rao,33,Female,Nagpur,Private Insurance,2025-09-11
P00394,Neha Gupta,51,Female,Jabalpur,Government Scheme,2025-02-21
P00395,Vikram Verma,55,Male,Nashik,Private Insurance,2025-12-12
P00396,Sneha Joshi,45,Male,Jabalpur,Self Pay,2024-12-26
P00397,Vivaan Kulkarni,56,Female,Nagpur,Self Pay,2024-07-19
P00398,Rohan Reddy,46,Female,Bhandara,Corporate Insurance,2024-05-04
P00399,Vikram Khan,52,Other,Nagpur,Government Scheme,2024-10-02
P00400,Vikram Deshmukh,29,Male,Mumbai,Private Insurance,2024-08-01
P00401,Karan Mehta,39,Male,Nagpur,Government Scheme,2024-05-26
P00402,Vivaan Rao,46,Female,Akola,Government Scheme,2024-11-26
P00403,Aarav Khan,58,Male,Nagpur,Government Scheme,2024-07-09
P00404,Neha Pawar,35,Male,Nagpur,Private Insurance,2025-12-20
P00405,Vivaan Khan,52,Male,Nagpur,Private Insurance,2024-08-10
P00406,Vivaan Jain,37,Female,Bhandara,Corporate Insurance,2025-03-20
P00407,Pooja Mehta,40,Male,Pune,Corporate Insurance,2025-07-03
P00408,Vikram Singh,58,Male,Jabalpur,Private Insurance,2025-11-20
P00409,Arjun Kulkarni,4,Male,Chandrapur,Corporate Insurance,2025-05-16
P00410,Sneha Deshmukh,17,Male,Bhandara,Self Pay,2024-07-07
P00411,Kavya Gupta,14,Male,Pune,Private Insurance,2025-02-09
P00412,Nisha Patil,1,Female,Nagpur,Corporate Insurance,2024-02-20
P00413,Rohan Khan,29,Male,Pune,Corporate Insurance,2024-07-16
P00414,Arjun Rao,56,Male,Nashik,Government Scheme,2025-12-15
P00415,Nisha Patil,37,Female,Bhandara,Self Pay,2024-01-04
P00416,Kavya Shah,46,Female,Nagpur,Private Insurance,2024-08-28
P00417,Kavya Khan,63,Male,Nagpur,Government Scheme,2024-02-09
P00418,Karan Sharma,67,Female,Amravati,Self Pay,2025-01-25
P00419,Karan Shah,41,Male,Jabalpur,Government Scheme,2025-07-02
P00420,Isha Jain,68,Female,Chandrapur,Private Insurance,2024-02-21
P00421,Kavya Verma,44,Female,Wardha,Government Scheme,2024-04-04
P00422,Arjun Singh,26,Female,Wardha,Self Pay,2025-09-20
P00423,Sneha Singh,31,Male,Nashik,Self Pay,2024-07-22
P00424,Priya Khan,14,Male,Nagpur,Private Insurance,2024-01-01
P00425,Ananya Joshi,25,Female,Nagpur,Government Scheme,2024-03-12
P00426,Pooja Deshmukh,35,Female,Akola,Private Insurance,2025-10-23
P00427,Vivaan Sharma,57,Female,Nagpur,Government Scheme,2025-11-05
P00428,Vikram Kulkarni,75,Male,Nagpur,Private Insurance,2024-04-30
P00429,Isha Deshmukh,16,Other,Wardha,Corporate Insurance,2024-07-23
P00430,Ananya Singh,49,Male,Nagpur,Government Scheme,2024-05-13
P00431,Rahul Pawar,22,Female,Mumbai,Government Scheme,2024-12-25
P00432,Rahul Mehta,51,Male,Pune,Self Pay,2025-08-25
P00433,Ananya Mehta,40,Female,Jabalpur,Private Insurance,2025-07-08
P00434,Karan Gupta,7,Female,Jabalpur,Private Insurance,2024-10-08
P00435,Pooja Verma,60,Female,Nagpur,Private Insurance,2025-05-22
P00436,Sneha Patil,31,Female,Amravati,Government Scheme,2024-07-05
P00437,Kavya Jain,32,Female,Akola,Corporate Insurance,2025-10-25
P00438,Meera Kulkarni,22,Male,Nagpur,Private Insurance,2025-03-11
P00439,Vikram Gupta,30,Female,Jabalpur,Self Pay,2025-10-31
P00440,Karan Khan,50,Male,Nagpur,Private Insurance,2024-07-04
P00441,Rohan Verma,38,Male,Bhandara,Private Insurance,2025-11-24
P00442,Vikram Kulkarni,48,Male,Akola,Self Pay,2024-07-28
P00443,Rahul Shah,49,Female,Mumbai,Self Pay,2025-05-14
P00444,Kavya Verma,67,Male,Chandrapur,Corporate Insurance,2024-02-03
P00445,Arjun Jain,35,Female,Chandrapur,Government Scheme,2024-06-17
P00446,Rahul Khan,14,Female,Nagpur,Government Scheme,2025-01-28
P00447,Aditi Kulkarni,62,Male,Chandrapur,Private Insurance,2025-01-03
P00448,Isha Khan,36,Male,Nashik,Private Insurance,2024-04-04
P00449,Aditya Patil,63,Male,Wardha,Corporate Insurance,2024-01-08
P00450,Arjun Shah,49,Male,Nashik,Government Scheme,2025-09-03
P00451,Kavya Singh,40,Male,Nagpur,Private Insurance,2024-06-27
P00452,Riya Gupta,49,Male,Nagpur,Private Insurance,2025-07-02
P00453,Kavya Khan,79,Male,Jabalpur,Private Insurance,2024-05-06
P00454,Aditya Kulkarni,81,Male,Nagpur,Self Pay,2024-07-27
P00455,Priya Gupta,43,Female,Chandrapur,Government Scheme,2024-01-13
P00456,Pooja Shah,45,Other,Wardha,Corporate Insurance,2025-01-24
P00457,Sneha Khan,62,Male,Mumbai,Government Scheme,2025-01-12
P00458,Rohan Sharma,26,Male,Nagpur,Self Pay,2025-02-25
P00459,Riya Mehta,48,Female,Nagpur,Private Insurance,2025-06-30
P00460,Aditi Sharma,42,Female,Mumbai,Private Insurance,2025-05-01
P00461,Neha Patil,48,Male,Akola,Private Insurance,2024-05-27
P00462,Diya Mehta,26,Female,Bhandara,Private Insurance,2024-11-01
P00463,Rahul Gupta,12,Female,Amravati,Corporate Insurance,2024-02-25
P00464,Diya Shah,3,Male,Amravati,Self Pay,2025-04-21
P00465,Aarav Gupta,21,Male,Mumbai,Private Insurance,2024-10-16
P00466,Kavya Patil,33,Male,Akola,Government Scheme,2024-05-03
P00467,Karan Singh,36,Male,Mumbai,Government Scheme,2025-10-02
P00468,Vikram Khan,79,Female,Jabalpur,Government Scheme,2024-12-09
P00469,Rahul Deshmukh,63,Female,Bhandara,Private Insurance,2024-02-08
P00470,Nisha Jain,24,Male,Chandrapur,Private Insurance,2024-03-09
P00471,Rahul Patil,49,Female,Chandrapur,Private Insurance,2024-07-31
P00472,Ananya Jain,34,Male,Pune,Corporate Insurance,2025-11-17
P00473,Priya Khan,37,Other,Chandrapur,Government Scheme,2024-03-12
P00474,Isha Reddy,46,Male,Nagpur,Self Pay,2024-10-20
P00475,Aditya Mehta,54,Male,Jabalpur,Corporate Insurance,2024-10-17
P00476,Aditi Mehta,36,Male,Akola,Private Insurance,2025-03-26
P00477,Rahul Rao,62,Male,Mumbai,Private Insurance,2025-03-13
P00478,Aditi Mehta,20,Female,Amravati,Private Insurance,2024-12-23
P00479,Karan Jain,42,Male,Wardha,Self Pay,2025-08-11
P00480,Riya Deshmukh,90,Female,Akola,Government Scheme,2024-01-20
P00481,Rahul Jain,46,Male,Nashik,Private Insurance,2024-10-14
P00482,Kavya Singh,69,Female,Nagpur,Private Insurance,2024-02-15
P00483,Isha Rao,44,Male,Amravati,Self Pay,2024-08-07
P00484,Karan Khan,53,Male,Nashik,Self Pay,2024-07-12
P00485,Aditi Joshi,41,Female,Jabalpur,Private Insurance,2025-10-07
P00486,Vivaan Deshmukh,39,Male,Nagpur,Self Pay,2025-05-07
P00487,Neha Verma,27,Female,Nagpur,Private Insurance,2024-06-24
P00488,Sneha Kulkarni,50,Female,Wardha,Private Insurance,2025-04-13
P00489,Riya Singh,26,Female,Nagpur,Private Insurance,2025-08-30
P00490,Meera Joshi,55,Female,Nagpur,Self Pay,2024-05-17
P00491,Karan Joshi,63,Other,Bhandara,Self Pay,2025-02-16
P00492,Vivaan Verma,49,Other,Chandrapur,Government Scheme,2024-12-22
P00493,Nisha Mehta,37,Male,Amravati,Private Insurance,2025-10-29
P00494,Rohan Gupta,51,Male,Amravati,Government Scheme,2024-09-24
P00495,Sneha Patil,36,Male,Jabalpur,Private Insurance,2025-05-10
P00496,Sneha Pawar,60,Male,Wardha,Private Insurance,2025-02-19
P00497,Sneha Sharma,7,Male,Pune,Government Scheme,2024-08-23
P00498,Nisha Khan,36,Female,Nagpur,Government Scheme,2024-09-01
P00499,Arjun Mehta,4,Male,Pune,Private Insurance,2025-09-21
P00500,Aarav Deshmukh,14,Other,Pune,Private Insurance,2025-10-16
P00501,Pooja Mehta,68,Female,Nagpur,Private Insurance,2024-07-09
P00502,Vivaan Khan,59,Female,Chandrapur,Government Scheme,2024-12-10
P00503,Kavya Patil,28,Female,Akola,Government Scheme,2024-04-14
P00504,Vivaan Joshi,13,Female,Wardha,Self Pay,2024-11-07
P00505,Rohan Joshi,1,Male,Nashik,Private Insurance,2025-09-25
P00506,Pooja Joshi,32,Female,Nagpur,Private Insurance,2025-05-28
P00507,Isha Gupta,88,Male,Wardha,Private Insurance,2024-12-20
P00508,Karan Reddy,50,Male,Jabalpur,Private Insurance,2025-07-23
P00509,Karan Joshi,31,Female,Nagpur,Self Pay,2025-02-07
P00510,Rohan Reddy,51,Male,Nagpur,Private Insurance,2024-11-15
P00511,Kavya Pawar,12,Male,Nagpur,Private Insurance,2024-01-13
P00512,Meera Kulkarni,36,Male,Jabalpur,Private Insurance,2024-03-20
P00513,Meera Khan,44,Male,Nagpur,Private Insurance,2025-01-28
P00514,Vivaan Mehta,40,Male,Nagpur,Corporate Insurance,2024-03-03
P00515,Pooja Rao,57,Female,Akola,Corporate Insurance,2024-01-09
P00516,Ananya Sharma,49,Female,Nashik,Government Scheme,2024-08-26
P00517,Vikram Gupta,55,Female,Bhandara,Private Insurance,2025-02-09
P00518,Priya Deshmukh,29,Female,Jabalpur,Government Scheme,2025-06-18
P00519,Vivaan Deshmukh,59,Male,Nagpur,Government Scheme,2025-12-05
P00520,Neha Deshmukh,73,Female,Chandrapur,Government Scheme,2025-04-22
P00521,Priya Khan,24,Male,Chandrapur,Private Insurance,2025-12-12
P00522,Meera Sharma,25,Female,Nagpur,Private Insurance,2024-07-29
P00523,Aditya Mehta,67,Male,Mumbai,Private Insurance,2025-04-25
P00524,Priya Jain,38,Female,Bhandara,Private Insurance,2024-01-04
P00525,Nisha Shah,69,Male,Nagpur,Government Scheme,2024-04-09
P00526,Riya Shah,34,Male,Nagpur,Corporate Insurance,2025-04-14
P00527,Nisha Khan,70,Female,Nagpur,Private Insurance,2024-08-18
P00528,Rohan Sharma,44,Male,Mumbai,Self Pay,2025-02-16
P00529,Nisha Gupta,47,Female,Nagpur,Private Insurance,2025-11-19
P00530,Riya Deshmukh,72,Male,Mumbai,Private Insurance,2025-07-17
P00531,Diya Deshmukh,35,Male,Nagpur,Government Scheme,2024-09-13
P00532,Aditya Pawar,24,Female,Jabalpur,Private Insurance,2025-05-15
P00533,Ananya Joshi,33,Female,Pune,Corporate Insurance,2025-11-05
P00534,Karan Gupta,51,Female,Nagpur,Corporate Insurance,2024-06-29
P00535,Rohan Khan,12,Male,Nagpur,Private Insurance,2025-02-09
P00536,Rahul Singh,54,Male,Pune,Private Insurance,2025-06-19
P00537,Sneha Verma,32,Female,Nagpur,Private Insurance,2025-04-26
P00538,Vivaan Sharma,64,Female,Nagpur,Corporate Insurance,2024-12-21
P00539,Meera Sharma,1,Female,Pune,Private Insurance,2024-11-12
P00540,Aditya Kulkarni,27,Male,Mumbai,Self Pay,2025-02-23
P00541,Rahul Shah,10,Female,Nashik,Private Insurance,2024-12-28
P00542,Sneha Jain,26,Female,Mumbai,Government Scheme,2024-09-17
P00543,Vikram Patil,47,Male,Bhandara,Private Insurance,2025-09-30
P00544,Arjun Mehta,39,Female,Nashik,Self Pay,2025-07-31
P00545,Aarav Joshi,37,Male,Amravati,Self Pay,2025-04-13
P00546,Aditi Gupta,39,Female,Pune,Private Insurance,2024-05-23
P00547,Aarav Mehta,46,Female,Akola,Private Insurance,2025-01-10
P00548,Sneha Mehta,23,Male,Bhandara,Government Scheme,2024-05-29
P00549,Neha Kulkarni,55,Female,Jabalpur,Government Scheme,2024-04-28
P00550,Sneha Patil,55,Female,Wardha,Self Pay,2024-06-22
P00551,Aditya Pawar,49,Other,Chandrapur,Private Insurance,2024-04-24
P00552,Diya Jain,53,Male,Wardha,Corporate Insurance,2025-07-30
P00553,Nisha Joshi,48,Male,Nagpur,Private Insurance,2025-01-10
P00554,Karan Deshmukh,81,Female,Nagpur,Corporate Insurance,2025-06-15
P00555,Kavya Kulkarni,40,Female,Jabalpur,Corporate Insurance,2025-12-13
P00556,Karan Jain,36,Female,Amravati,Government Scheme,2024-07-15
P00557,Diya Kulkarni,28,Male,Akola,Corporate Insurance,2024-05-22
P00558,Kavya Joshi,22,Male,Bhandara,Government Scheme,2024-04-15
P00559,Neha Reddy,18,Male,Mumbai,Self Pay,2024-01-14
P00560,Riya Reddy,25,Male,Nashik,Private Insurance,2024-01-21
P00561,Rohan Singh,41,Female,Nagpur,Private Insurance,2025-03-10
P00562,Meera Patil,48,Male,Amravati,Government Scheme,2025-05-14
P00563,Isha Joshi,43,Female,Akola,Corporate Insurance,2024-08-01
P00564,Isha Singh,27,Female,Nagpur,Corporate Insurance,2025-01-28
P00565,Neha Jain,59,Male,Wardha,Government Scheme,2024-05-30
P00566,Meera Kulkarni,56,Male,Nagpur,Corporate Insurance,2025-05-27
P00567,Aditi Verma,39,Female,Nagpur,Self Pay,2025-06-02
P00568,Rahul Reddy,30,Female,Jabalpur,Self Pay,2025-06-01
P00569,Aditi Gupta,52,Male,Mumbai,Private Insurance,2025-01-08
P00570,Riya Reddy,46,Female,Nashik,Government Scheme,2025-09-08
P00571,Riya Kulkarni,14,Male,Nagpur,Government Scheme,2024-03-01
P00572,Pooja Singh,41,Male,Jabalpur,Self Pay,2024-10-30
P00573,Aarav Patil,47,Female,Chandrapur,Government Scheme,2024-02-16
P00574,Nisha Verma,25,Female,Jabalpur,Self Pay,2025-08-26
P00575,Arjun Rao,46,Female,Nagpur,Corporate Insurance,2024-02-23
P00576,Karan Khan,14,Male,Nagpur,Government Scheme,2024-11-14
P00577,Pooja Kulkarni,67,Female,Akola,Self Pay,2024-05-15
P00578,Priya Kulkarni,66,Male,Mumbai,Government Scheme,2025-05-31
P00579,Diya Patil,37,Female,Nagpur,Government Scheme,2024-10-20
P00580,Aditya Jain,49,Male,Nagpur,Government Scheme,2025-02-06
P00581,Riya Patil,1,Female,Bhandara,Corporate Insurance,2025-12-03
P00582,Karan Gupta,20,Female,Jabalpur,Self Pay,2025-11-03
P00583,Aarav Shah,36,Male,Pune,Self Pay,2024-11-08
P00584,Aditi Singh,22,Male,Mumbai,Private Insurance,2024-09-27
P00585,Nisha Shah,56,Female,Akola,Government Scheme,2024-08-06
P00586,Pooja Rao,80,Female,Mumbai,Corporate Insurance,2025-05-18
P00587,Isha Jain,20,Male,Wardha,Corporate Insurance,2025-12-27
P00588,Arjun Rao,26,Female,Nagpur,Corporate Insurance,2025-03-12
P00589,Aditi Kulkarni,46,Female,Akola,Self Pay,2025-02-16
P00590,Aditya Verma,73,Female,Chandrapur,Self Pay,2025-12-30
P00591,Karan Rao,19,Female,Wardha,Private Insurance,2024-05-18
P00592,Vivaan Patil,47,Male,Nagpur,Self Pay,2024-02-26
P00593,Kavya Reddy,77,Male,Pune,Private Insurance,2024-03-10
P00594,Rahul Patil,11,Male,Pune,Corporate Insurance,2025-03-12
P00595,Nisha Mehta,18,Male,Amravati,Private Insurance,2025-10-16
P00596,Sneha Jain,34,Female,Mumbai,Corporate Insurance,2024-06-18
P00597,Nisha Singh,32,Male,Amravati,Government Scheme,2025-06-12
P00598,Aditya Jain,57,Female,Nagpur,Private Insurance,2025-10-07
P00599,Vivaan Patil,47,Female,Nagpur,Government Scheme,2025-10-31
P00600,Diya Gupta,8,Male,Wardha,Self Pay,2025-08-02
P00601,Meera Gupta,52,Female,Nagpur,Self Pay,2024-09-25
P00602,Kavya Rao,31,Female,Akola,Self Pay,2025-04-28
P00603,Aditi Kulkarni,66,Female,Pune,Government Scheme,2025-02-09
P00604,Isha Sharma,30,Male,Bhandara,Private Insurance,2024-12-16
P00605,Riya Joshi,30,Female,Mumbai,Corporate Insurance,2025-05-31
P00606,Rohan Mehta,52,Male,Jabalpur,Corporate Insurance,2025-05-12
P00607,Aditi Reddy,56,Male,Wardha,Self Pay,2025-08-13
P00608,Aarav Reddy,51,Male,Nagpur,Private Insurance,2025-02-08
P00609,Ananya Deshmukh,10,Female,Nagpur,Self Pay,2025-04-25
P00610,Arjun Khan,52,Male,Chandrapur,Private Insurance,2024-07-28
P00611,Kavya Shah,22,Female,Amravati,Corporate Insurance,2024-12-11
P00612,Priya Jain,46,Male,Akola,Private Insurance,2025-08-21
P00613,Ananya Mehta,15,Male,Akola,Private Insurance,2025-07-17
P00614,Rahul Joshi,50,Female,Chandrapur,Private Insurance,2025-01-09
P00615,Diya Kulkarni,27,Male,Nagpur,Self Pay,2025-02-17
P00616,Karan Verma,18,Male,Nagpur,Self Pay,2024-07-06
P00617,Karan Shah,56,Female,Amravati,Self Pay,2024-10-06
P00618,Neha Verma,47,Female,Pune,Private Insurance,2025-04-29
P00619,Neha Gupta,30,Male,Akola,Corporate Insurance,2024-03-25
P00620,Arjun Verma,70,Male,Chandrapur,Government Scheme,2024-01-14
P00621,Kavya Verma,34,Male,Akola,Private Insurance,2025-03-13
P00622,Priya Pawar,43,Female,Wardha,Self Pay,2025-06-09
P00623,Neha Singh,47,Male,Nagpur,Government Scheme,2025-12-16
P00624,Aditi Reddy,30,Male,Nagpur,Government Scheme,2024-12-09
P00625,Karan Gupta,51,Male,Nagpur,Private Insurance,2024-03-30
P00626,Vikram Singh,32,Male,Nagpur,Self Pay,2025-04-08
P00627,Diya Rao,34,Female,Nagpur,Private Insurance,2024-08-12
P00628,Sneha Shah,68,Male,Pune,Government Scheme,2024-04-24
P00629,Karan Jain,22,Female,Nagpur,Government Scheme,2025-03-29
P00630,Kavya Rao,1,Female,Nagpur,Self Pay,2025-06-08
P00631,Isha Jain,73,Male,Nagpur,Private Insurance,2024-02-10
P00632,Riya Patil,90,Female,Nagpur,Private Insurance,2025-06-11
P00633,Aditya Deshmukh,34,Female,Nagpur,Private Insurance,2025-02-23
P00634,Rohan Verma,5,Female,Nagpur,Government Scheme,2025-06-25
P00635,Aarav Khan,36,Male,Nagpur,Private Insurance,2025-04-04
P00636,Priya Khan,37,Male,Jabalpur,Self Pay,2024-12-07
P00637,Pooja Deshmukh,38,Female,Nagpur,Private Insurance,2024-08-31
P00638,Karan Shah,21,Female,Nagpur,Government Scheme,2025-04-12
P00639,Rahul Shah,53,Male,Wardha,Government Scheme,2024-05-25
P00640,Diya Khan,52,Female,Nagpur,Private Insurance,2025-02-04
P00641,Rohan Joshi,14,Other,Bhandara,Self Pay,2025-07-03
P00642,Rahul Joshi,55,Male,Amravati,Self Pay,2024-06-19
P00643,Kavya Pawar,81,Female,Mumbai,Self Pay,2024-03-03
P00644,Kavya Patil,45,Male,Mumbai,Government Scheme,2024-01-17
P00645,Sneha Khan,36,Female,Akola,Private Insurance,2025-02-09
P00646,Pooja Shah,39,Male,Nagpur,Private Insurance,2024-10-28
P00647,Sneha Pawar,54,Female,Wardha,Government Scheme,2025-04-22
P00648,Kavya Mehta,9,Male,Nagpur,Corporate Insurance,2025-08-17
P00649,Kavya Deshmukh,45,Male,Pune,Private Insurance,2025-12-15
P00650,Sneha Joshi,35,Male,Nagpur,Private Insurance,2024-08-23
P00651,Diya Reddy,77,Male,Akola,Self Pay,2024-03-23
P00652,Aditya Jain,39,Female,Nagpur,Government Scheme,2025-06-30
P00653,Karan Joshi,74,Male,Wardha,Corporate Insurance,2024-01-14
P00654,Vivaan Khan,21,Male,Nagpur,Private Insurance,2025-04-11
P00655,Kavya Shah,53,Female,Amravati,Corporate Insurance,2024-07-19
P00656,Arjun Singh,48,Female,Akola,Self Pay,2024-09-14
P00657,Aditi Jain,25,Female,Chandrapur,Self Pay,2024-03-31
P00658,Pooja Sharma,45,Female,Nagpur,Private Insurance,2024-01-01
P00659,Riya Singh,65,Male,Nagpur,Private Insurance,2024-05-21
P00660,Priya Gupta,36,Female,Pune,Private Insurance,2024-11-10
P00661,Riya Kulkarni,10,Male,Wardha,Self Pay,2024-08-02
P00662,Rohan Gupta,42,Male,Chandrapur,Private Insurance,2024-10-13
P00663,Rohan Rao,25,Female,Wardha,Private Insurance,2024-03-22
P00664,Kavya Pawar,35,Male,Chandrapur,Private Insurance,2024-04-11
P00665,Pooja Mehta,40,Female,Chandrapur,Corporate Insurance,2025-06-29
P00666,Karan Joshi,10,Female,Nagpur,Private Insurance,2025-08-20
P00667,Nisha Gupta,11,Female,Bhandara,Government Scheme,2025-06-24
P00668,Aarav Jain,51,Female,Wardha,Self Pay,2025-11-28
P00669,Rohan Joshi,32,Female,Nagpur,Corporate Insurance,2025-06-17
P00670,Sneha Rao,1,Female,Nashik,Self Pay,2024-03-29
P00671,Vivaan Singh,57,Female,Nagpur,Government Scheme,2025-06-22
P00672,Karan Reddy,47,Female,Nagpur,Private Insurance,2024-06-17
P00673,Riya Patil,28,Male,Pune,Private Insurance,2025-07-21
P00674,Aarav Shah,17,Female,Mumbai,Private Insurance,2025-04-06
P00675,Vivaan Gupta,58,Male,Nagpur,Government Scheme,2025-09-10
P00676,Arjun Rao,49,Male,Akola,Private Insurance,2025-11-25
P00677,Sneha Deshmukh,87,Male,Nagpur,Government Scheme,2025-05-17
P00678,Priya Jain,50,Male,Nashik,Government Scheme,2025-11-12
P00679,Kavya Singh,49,Male,Wardha,Self Pay,2025-01-29
P00680,Meera Mehta,39,Male,Pune,Private Insurance,2025-11-10
P00681,Rahul Rao,58,Male,Amravati,Corporate Insurance,2024-03-05
P00682,Rohan Mehta,54,Male,Amravati,Self Pay,2024-11-17
P00683,Aditi Joshi,66,Female,Pune,Private Insurance,2025-07-10
P00684,Neha Mehta,32,Male,Nagpur,Private Insurance,2025-12-20
P00685,Rahul Kulkarni,34,Male,Nagpur,Corporate Insurance,2025-09-26
P00686,Kavya Singh,33,Female,Amravati,Corporate Insurance,2024-09-23
P00687,Kavya Verma,57,Male,Chandrapur,Private Insurance,2025-04-03
P00688,Isha Mehta,70,Male,Nagpur,Private Insurance,2024-03-04
P00689,Rohan Shah,33,Male,Bhandara,Corporate Insurance,2024-03-25
P00690,Isha Mehta,34,Female,Amravati,Self Pay,2025-05-29
P00691,Pooja Shah,48,Female,Chandrapur,Self Pay,2024-08-16
P00692,Aditi Singh,37,Female,Mumbai,Private Insurance,2025-02-10
P00693,Priya Patil,60,Male,Wardha,Self Pay,2024-05-30
P00694,Rohan Patil,1,Male,Bhandara,Government Scheme,2025-08-06
P00695,Aarav Rao,26,Male,Wardha,Government Scheme,2024-03-03
P00696,Rahul Khan,27,Female,Nagpur,Self Pay,2025-03-29
P00697,Isha Deshmukh,1,Female,Pune,Private Insurance,2025-05-09
P00698,Kavya Pawar,24,Male,Mumbai,Government Scheme,2025-08-22
P00699,Pooja Jain,25,Male,Pune,Self Pay,2024-07-05
P00700,Kavya Pawar,38,Male,Jabalpur,Government Scheme,2024-09-08
P00701,Arjun Shah,63,Female,Wardha,Corporate Insurance,2025-02-09
P00702,Sneha Mehta,37,Female,Chandrapur,Government Scheme,2024-07-29
P00703,Isha Sharma,22,Male,Nagpur,Private Insurance,2025-06-21
P00704,Aditi Singh,41,Male,Jabalpur,Private Insurance,2025-07-06
P00705,Meera Kulkarni,62,Female,Bhandara,Government Scheme,2025-07-05
P00706,Ananya Singh,23,Male,Nagpur,Private Insurance,2024-12-29
P00707,Priya Verma,25,Male,Pune,Government Scheme,2025-04-03
P00708,Vikram Deshmukh,53,Male,Bhandara,Private Insurance,2024-05-10
P00709,Karan Rao,38,Female,Jabalpur,Private Insurance,2024-05-24
P00710,Rahul Mehta,54,Female,Nashik,Private Insurance,2024-09-30
P00711,Ananya Reddy,42,Male,Mumbai,Government Scheme,2024-05-30
P00712,Meera Jain,55,Male,Bhandara,Private Insurance,2025-08-07
P00713,Vikram Sharma,22,Male,Wardha,Government Scheme,2024-07-07
P00714,Vikram Singh,42,Male,Nashik,Private Insurance,2025-11-05
P00715,Rohan Gupta,38,Female,Nagpur,Corporate Insurance,2024-10-26
P00716,Aarav Gupta,19,Female,Nagpur,Government Scheme,2025-07-09
P00717,Vivaan Joshi,12,Female,Jabalpur,Self Pay,2024-02-25
P00718,Vikram Deshmukh,55,Male,Mumbai,Corporate Insurance,2025-06-08
P00719,Vivaan Deshmukh,35,Female,Jabalpur,Corporate Insurance,2024-11-28
P00720,Neha Patil,23,Male,Nagpur,Corporate Insurance,2025-08-15
P00721,Aarav Khan,40,Male,Nagpur,Private Insurance,2024-05-12
P00722,Diya Reddy,63,Male,Mumbai,Private Insurance,2024-05-26
P00723,Vikram Gupta,1,Male,Nagpur,Self Pay,2025-09-21
P00724,Aarav Patil,14,Male,Wardha,Government Scheme,2025-02-27
P00725,Kavya Joshi,24,Male,Amravati,Government Scheme,2025-02-14
P00726,Vivaan Jain,70,Other,Mumbai,Self Pay,2025-03-09
P00727,Aditi Gupta,47,Female,Wardha,Private Insurance,2024-09-18
P00728,Vikram Singh,57,Female,Nagpur,Private Insurance,2025-11-21
P00729,Aditya Joshi,20,Male,Bhandara,Government Scheme,2025-02-08
P00730,Riya Jain,21,Male,Nagpur,Government Scheme,2024-01-12
P00731,Aditya Singh,51,Male,Nashik,Self Pay,2024-07-28
P00732,Aditi Joshi,43,Female,Chandrapur,Self Pay,2025-12-09
P00733,Rohan Reddy,52,Male,Chandrapur,Private Insurance,2024-12-20
P00734,Aditi Kulkarni,38,Male,Amravati,Private Insurance,2025-06-14
P00735,Diya Joshi,47,Male,Nagpur,Private Insurance,2024-01-14
P00736,Vivaan Pawar,45,Female,Nagpur,Private Insurance,2024-01-17
P00737,Arjun Shah,57,Male,Jabalpur,Self Pay,2024-05-29
P00738,Nisha Reddy,57,Male,Amravati,Self Pay,2025-01-13
P00739,Diya Verma,11,Male,Wardha,Corporate Insurance,2025-03-20
P00740,Aditi Reddy,1,Female,Amravati,Government Scheme,2024-02-20
P00741,Priya Jain,61,Male,Jabalpur,Private Insurance,2025-10-31
P00742,Ananya Khan,65,Female,Pune,Government Scheme,2025-03-16
P00743,Meera Deshmukh,23,Female,Nagpur,Private Insurance,2024-09-13
P00744,Vivaan Patil,7,Female,Chandrapur,Private Insurance,2024-11-25
P00745,Pooja Mehta,44,Male,Wardha,Government Scheme,2025-01-04
P00746,Isha Pawar,60,Male,Pune,Government Scheme,2025-07-17
P00747,Nisha Rao,76,Female,Jabalpur,Private Insurance,2024-03-08
P00748,Sneha Kulkarni,52,Female,Nashik,Self Pay,2025-02-26
P00749,Ananya Pawar,35,Female,Mumbai,Government Scheme,2025-01-16
P00750,Sneha Rao,25,Female,Wardha,Private Insurance,2025-07-28
P00751,Neha Khan,42,Male,Amravati,Self Pay,2024-09-19
P00752,Aarav Gupta,36,Female,Chandrapur,Private Insurance,2024-09-26
P00753,Rahul Mehta,23,Female,Nashik,Government Scheme,2025-08-12
P00754,Rahul Verma,81,Other,Nagpur,Government Scheme,2025-09-17
P00755,Neha Kulkarni,76,Female,Wardha,Government Scheme,2025-08-24
P00756,Ananya Joshi,64,Male,Nagpur,Self Pay,2025-09-24
P00757,Riya Rao,25,Male,Nagpur,Private Insurance,2024-03-15
P00758,Vivaan Rao,58,Male,Mumbai,Private Insurance,2025-04-23
P00759,Kavya Reddy,54,Male,Nagpur,Government Scheme,2025-05-17
P00760,Ananya Shah,50,Female,Pune,Private Insurance,2024-07-11
P00761,Priya Khan,66,Male,Amravati,Private Insurance,2024-11-27
P00762,Nisha Joshi,54,Male,Akola,Government Scheme,2025-12-24
P00763,Aditi Gupta,56,Female,Mumbai,Private Insurance,2024-04-11
P00764,Neha Mehta,54,Male,Pune,Government Scheme,2025-08-19
P00765,Neha Sharma,48,Male,Pune,Government Scheme,2024-08-20
P00766,Riya Sharma,8,Male,Nagpur,Self Pay,2025-09-13
P00767,Isha Singh,44,Male,Amravati,Corporate Insurance,2025-01-25
P00768,Rahul Jain,31,Female,Nashik,Self Pay,2024-01-09
P00769,Meera Gupta,18,Male,Nashik,Corporate Insurance,2024-03-20
P00770,Arjun Khan,74,Male,Pune,Government Scheme,2025-08-26
P00771,Aditya Reddy,75,Male,Nashik,Self Pay,2025-07-31
P00772,Aditya Patil,68,Female,Nagpur,Self Pay,2024-06-07
P00773,Rohan Mehta,47,Male,Nagpur,Self Pay,2025-04-13
P00774,Kavya Pawar,68,Male,Jabalpur,Self Pay,2025-01-06
P00775,Pooja Shah,42,Female,Bhandara,Corporate Insurance,2024-02-09
P00776,Aditi Sharma,46,Male,Nashik,Government Scheme,2025-05-29
P00777,Priya Gupta,21,Male,Chandrapur,Corporate Insurance,2024-04-26
P00778,Vikram Jain,50,Male,Mumbai,Government Scheme,2024-10-26
P00779,Pooja Pawar,43,Male,Mumbai,Private Insurance,2024-01-06
P00780,Riya Deshmukh,17,Female,Nagpur,Private Insurance,2024-06-26
P00781,Vivaan Joshi,41,Male,Mumbai,Government Scheme,2025-11-14
P00782,Vivaan Mehta,40,Male,Nagpur,Private Insurance,2024-12-31
P00783,Isha Shah,76,Male,Wardha,Private Insurance,2025-06-12
P00784,Diya Patil,59,Female,Pune,Private Insurance,2024-08-06
P00785,Priya Rao,42,Female,Nagpur,Government Scheme,2024-02-01
P00786,Aditya Joshi,47,Male,Nagpur,Private Insurance,2025-03-25
P00787,Pooja Jain,43,Female,Akola,Government Scheme,2024-06-24
P00788,Rahul Sharma,38,Male,Jabalpur,Self Pay,2024-03-21
P00789,Sneha Joshi,21,Male,Nagpur,Self Pay,2024-12-26
P00790,Kavya Gupta,39,Male,Akola,Self Pay,2024-10-25
P00791,Aditi Mehta,28,Female,Bhandara,Private Insurance,2024-03-25
P00792,Vivaan Jain,18,Male,Amravati,Corporate Insurance,2025-03-07
P00793,Sneha Verma,52,Female,Nashik,Corporate Insurance,2024-11-21
P00794,Nisha Jain,49,Male,Bhandara,Private Insurance,2025-12-24
P00795,Rahul Mehta,8,Male,Pune,Private Insurance,2024-03-05
P00796,Sneha Kulkarni,40,Male,Nashik,Government Scheme,2024-12-27
P00797,Riya Kulkarni,61,Female,Jabalpur,Corporate Insurance,2025-08-02
P00798,Rahul Kulkarni,62,Female,Pune,Self Pay,2024-11-06
P00799,Diya Deshmukh,61,Other,Nagpur,Corporate Insurance,2024-06-01
P00800,Meera Mehta,43,Male,Nashik,Corporate Insurance,2025-12-23
P00801,Riya Khan,26,Male,Chandrapur,Self Pay,2024-08-25
P00802,Diya Mehta,21,Male,Nagpur,Private Insurance,2025-11-06
P00803,Nisha Mehta,49,Male,Chandrapur,Private Insurance,2025-09-05
P00804,Pooja Jain,49,Female,Nashik,Private Insurance,2025-05-06
P00805,Diya Jain,66,Male,Nagpur,Private Insurance,2025-07-18
P00806,Vikram Rao,63,Male,Amravati,Private Insurance,2025-02-01
P00807,Riya Singh,39,Male,Bhandara,Government Scheme,2025-05-03
P00808,Sneha Mehta,18,Female,Amravati,Self Pay,2024-07-16
P00809,Meera Mehta,36,Male,Mumbai,Private Insurance,2024-02-10
P00810,Sneha Verma,46,Female,Nagpur,Self Pay,2025-03-31
P00811,Arjun Pawar,38,Male,Nashik,Corporate Insurance,2025-08-09
P00812,Aarav Khan,31,Male,Nashik,Private Insurance,2025-08-31
P00813,Neha Patil,47,Male,Wardha,Private Insurance,2025-07-10
P00814,Karan Kulkarni,32,Female,Bhandara,Government Scheme,2025-12-17
P00815,Sneha Sharma,30,Female,Nagpur,Corporate Insurance,2025-03-10
P00816,Meera Joshi,48,Female,Nagpur,Self Pay,2024-05-04
P00817,Vikram Kulkarni,34,Female,Bhandara,Private Insurance,2024-05-29
P00818,Arjun Verma,47,Female,Nagpur,Self Pay,2024-07-19
P00819,Ananya Jain,47,Male,Pune,Self Pay,2025-12-13
P00820,Rahul Singh,20,Female,Chandrapur,Private Insurance,2025-10-07
P00821,Vikram Verma,33,Female,Nagpur,Self Pay,2025-06-13
P00822,Aditya Sharma,69,Male,Amravati,Government Scheme,2025-09-20
P00823,Karan Joshi,20,Female,Pune,Private Insurance,2024-09-06
P00824,Pooja Kulkarni,2,Female,Nagpur,Corporate Insurance,2025-06-07
P00825,Vivaan Jain,7,Male,Akola,Private Insurance,2024-05-01
P00826,Vikram Singh,43,Female,Nagpur,Self Pay,2024-03-16
P00827,Aditya Sharma,43,Female,Mumbai,Self Pay,2025-04-13
P00828,Aditya Shah,40,Male,Wardha,Private Insurance,2025-05-30
P00829,Riya Rao,65,Female,Wardha,Self Pay,2025-03-10
P00830,Kavya Reddy,1,Female,Bhandara,Private Insurance,2024-12-08
P00831,Pooja Jain,50,Female,Amravati,Private Insurance,2025-03-18
P00832,Ananya Verma,72,Female,Nashik,Private Insurance,2024-09-28
P00833,Priya Sharma,21,Male,Nagpur,Corporate Insurance,2024-08-02
P00834,Arjun Shah,35,Female,Nagpur,Corporate Insurance,2024-07-02
P00835,Priya Gupta,28,Female,Nagpur,Private Insurance,2024-09-22
P00836,Pooja Khan,25,Female,Chandrapur,Government Scheme,2024-08-20
P00837,Rahul Patil,36,Male,Mumbai,Corporate Insurance,2024-04-25
P00838,Rahul Reddy,69,Female,Nagpur,Self Pay,2025-01-26
P00839,Rohan Jain,77,Male,Pune,Private Insurance,2024-10-27
P00840,Neha Rao,36,Female,Pune,Private Insurance,2024-04-28
P00841,Nisha Mehta,78,Male,Nagpur,Government Scheme,2025-10-23
P00842,Karan Shah,43,Female,Nagpur,Private Insurance,2025-01-06
P00843,Diya Singh,75,Female,Amravati,Government Scheme,2024-04-14
P00844,Aditya Mehta,40,Male,Nagpur,Self Pay,2024-02-05
P00845,Priya Joshi,44,Female,Nashik,Self Pay,2024-03-03
P00846,Aarav Sharma,49,Male,Wardha,Private Insurance,2024-10-26
P00847,Vikram Verma,90,Male,Amravati,Self Pay,2024-06-25
P00848,Arjun Shah,58,Male,Nashik,Government Scheme,2025-12-01
P00849,Aarav Singh,29,Female,Nagpur,Self Pay,2024-12-08
P00850,Ananya Joshi,60,Male,Mumbai,Private Insurance,2025-06-23
P00851,Diya Shah,35,Female,Chandrapur,Government Scheme,2024-06-27
P00852,Kavya Singh,33,Other,Amravati,Private Insurance,2024-02-20
P00853,Rohan Mehta,59,Male,Bhandara,Private Insurance,2024-09-01
P00854,Karan Joshi,43,Male,Nagpur,Self Pay,2025-05-17
P00855,Sneha Jain,47,Male,Jabalpur,Government Scheme,2025-07-11
P00856,Aarav Rao,42,Male,Amravati,Private Insurance,2024-05-23
P00857,Priya Shah,48,Male,Mumbai,Government Scheme,2024-08-04
P00858,Pooja Pawar,50,Female,Jabalpur,Self Pay,2024-12-12
P00859,Aditi Sharma,5,Male,Bhandara,Self Pay,2024-09-10
P00860,Isha Khan,55,Female,Nashik,Self Pay,2024-08-02
P00861,Aarav Reddy,23,Female,Bhandara,Corporate Insurance,2025-12-19
P00862,Karan Sharma,15,Male,Nagpur,Self Pay,2025-11-12
P00863,Vikram Mehta,41,Female,Jabalpur,Private Insurance,2024-09-17
P00864,Aditi Deshmukh,44,Male,Wardha,Self Pay,2024-02-09
P00865,Vikram Mehta,29,Female,Mumbai,Private Insurance,2024-09-19
P00866,Aarav Pawar,58,Female,Chandrapur,Self Pay,2025-10-05
P00867,Isha Gupta,16,Male,Nagpur,Corporate Insurance,2025-10-18
P00868,Karan Rao,34,Female,Amravati,Private Insurance,2025-05-27
P00869,Vikram Singh,31,Male,Nagpur,Private Insurance,2025-05-08
P00870,Pooja Sharma,41,Male,Nagpur,Private Insurance,2024-09-21
P00871,Kavya Jain,47,Male,Akola,Corporate Insurance,2024-11-17
P00872,Arjun Deshmukh,23,Female,Nagpur,Government Scheme,2025-10-04
P00873,Meera Reddy,56,Male,Jabalpur,Self Pay,2024-06-06
P00874,Riya Deshmukh,43,Female,Wardha,Private Insurance,2024-10-23
P00875,Priya Kulkarni,6,Female,Wardha,Private Insurance,2025-10-02
P00876,Neha Kulkarni,5,Female,Nagpur,Private Insurance,2025-05-24
P00877,Meera Pawar,42,Female,Nagpur,Self Pay,2024-03-20
P00878,Aarav Kulkarni,38,Male,Bhandara,Private Insurance,2025-07-29
P00879,Aditya Shah,40,Female,Amravati,Corporate Insurance,2024-02-19
P00880,Isha Khan,41,Female,Chandrapur,Self Pay,2024-07-28
P00881,Kavya Deshmukh,46,Male,Bhandara,Corporate Insurance,2025-11-02
P00882,Meera Jain,60,Male,Nagpur,Government Scheme,2024-02-22
P00883,Karan Sharma,21,Female,Wardha,Government Scheme,2024-05-16
P00884,Nisha Mehta,20,Female,Nagpur,Private Insurance,2025-09-25
P00885,Sneha Jain,21,Female,Nagpur,Government Scheme,2025-05-03
P00886,Karan Jain,47,Male,Nashik,Government Scheme,2024-06-17
P00887,Aditi Verma,66,Male,Nagpur,Private Insurance,2024-09-08
P00888,Diya Mehta,34,Male,Nagpur,Corporate Insurance,2025-11-11
P00889,Rohan Khan,1,Male,Bhandara,Private Insurance,2025-03-17
P00890,Aarav Rao,10,Female,Wardha,Private Insurance,2024-08-17
P00891,Vivaan Sharma,26,Male,Jabalpur,Government Scheme,2024-04-15
P00892,Ananya Jain,31,Female,Pune,Government Scheme,2024-10-29
P00893,Rohan Singh,34,Female,Nashik,Private Insurance,2024-08-19
P00894,Karan Rao,43,Female,Wardha,Corporate Insurance,2024-11-10
P00895,Diya Shah,36,Female,Amravati,Private Insurance,2024-02-05
P00896,Aarav Verma,62,Male,Nagpur,Government Scheme,2024-12-07
P00897,Aarav Reddy,29,Female,Pune,Private Insurance,2024-06-29
P00898,Diya Verma,26,Female,Amravati,Private Insurance,2025-12-03
P00899,Rohan Khan,51,Female,Nagpur,Government Scheme,2024-07-21
P00900,Priya Verma,13,Male,Chandrapur,Self Pay,2024-06-27
P00901,Rahul Rao,49,Male,Nashik,Government Scheme,2024-08-08
P00902,Vivaan Kulkarni,44,Male,Bhandara,Private Insurance,2025-03-20
P00903,Aditi Verma,39,Male,Nagpur,Private Insurance,2025-06-17
P00904,Vivaan Mehta,72,Male,Mumbai,Corporate Insurance,2024-08-02
P00905,Nisha Sharma,30,Female,Nagpur,Private Insurance,2025-05-21
P00906,Vikram Patil,81,Female,Jabalpur,Government Scheme,2024-04-05
P00907,Riya Mehta,38,Female,Wardha,Private Insurance,2024-05-19
P00908,Kavya Verma,18,Female,Jabalpur,Private Insurance,2024-07-29
P00909,Sneha Deshmukh,43,Male,Mumbai,Private Insurance,2025-05-25
P00910,Aditya Pawar,22,Female,Amravati,Private Insurance,2025-02-07
P00911,Aditi Joshi,28,Female,Pune,Government Scheme,2024-12-02
P00912,Diya Rao,50,Male,Nagpur,Private Insurance,2025-03-19
P00913,Ananya Mehta,53,Female,Nagpur,Self Pay,2024-05-23
P00914,Neha Reddy,30,Female,Amravati,Private Insurance,2024-07-11
P00915,Karan Mehta,61,Female,Chandrapur,Government Scheme,2025-05-30
P00916,Kavya Reddy,64,Male,Nagpur,Government Scheme,2025-12-21
P00917,Nisha Gupta,69,Female,Wardha,Private Insurance,2024-01-01
P00918,Kavya Khan,52,Female,Jabalpur,Private Insurance,2024-09-21
P00919,Vivaan Reddy,68,Female,Pune,Private Insurance,2025-10-06
P00920,Sneha Khan,6,Male,Nagpur,Private Insurance,2025-08-30
P00921,Vivaan Rao,36,Female,Bhandara,Private Insurance,2024-07-10
P00922,Aditi Mehta,26,Female,Nagpur,Private Insurance,2024-01-26
P00923,Karan Patil,44,Male,Nagpur,Private Insurance,2025-02-18
P00924,Sneha Kulkarni,31,Male,Mumbai,Government Scheme,2025-05-22
P00925,Rahul Verma,39,Female,Jabalpur,Government Scheme,2024-07-04
P00926,Neha Reddy,78,Female,Nagpur,Private Insurance,2024-08-09
P00927,Meera Rao,39,Female,Nagpur,Government Scheme,2025-05-06
P00928,Meera Pawar,50,Male,Amravati,Private Insurance,2025-01-26
P00929,Vikram Sharma,38,Female,Wardha,Corporate Insurance,2024-07-25
P00930,Rahul Gupta,43,Male,Nagpur,Private Insurance,2025-09-02
P00931,Priya Deshmukh,42,Male,Nagpur,Private Insurance,2025-10-21
P00932,Isha Kulkarni,51,Male,Amravati,Self Pay,2025-06-13
P00933,Isha Rao,64,Female,Nagpur,Private Insurance,2025-11-21
P00934,Arjun Gupta,73,Male,Pune,Private Insurance,2024-09-19
P00935,Vikram Jain,48,Male,Nashik,Corporate Insurance,2024-03-21
P00936,Neha Mehta,53,Male,Bhandara,Government Scheme,2025-06-18
P00937,Isha Mehta,20,Female,Amravati,Government Scheme,2025-02-12
P00938,Aarav Deshmukh,40,Male,Pune,Private Insurance,2024-10-29
P00939,Priya Joshi,60,Male,Nagpur,Private Insurance,2024-07-09
P00940,Rahul Joshi,58,Male,Mumbai,Private Insurance,2024-02-16
P00941,Aditya Verma,46,Male,Nagpur,Self Pay,2024-05-05
P00942,Nisha Sharma,59,Male,Mumbai,Private Insurance,2025-04-30
P00943,Aditi Pawar,51,Female,Nagpur,Government Scheme,2024-06-15
P00944,Pooja Jain,65,Male,Pune,Corporate Insurance,2025-11-14
P00945,Vivaan Joshi,47,Male,Nagpur,Corporate Insurance,2024-12-11
P00946,Riya Singh,35,Male,Pune,Private Insurance,2024-03-02
P00947,Vikram Pawar,48,Female,Bhandara,Government Scheme,2025-04-22
P00948,Ananya Patil,1,Female,Nagpur,Self Pay,2025-05-16
P00949,Nisha Joshi,49,Male,Nashik,Self Pay,2024-05-11
P00950,Riya Joshi,1,Male,Nagpur,Corporate Insurance,2025-09-05
P00951,Priya Kulkarni,9,Female,Bhandara,Self Pay,2025-06-22
P00952,Riya Singh,51,Female,Nagpur,Self Pay,2025-03-11
P00953,Meera Verma,51,Male,Nashik,Private Insurance,2024-03-29
P00954,Riya Patil,20,Male,Pune,Government Scheme,2024-12-20
P00955,Isha Verma,28,Female,Wardha,Government Scheme,2025-12-09
P00956,Diya Sharma,68,Female,Nashik,Self Pay,2024-06-22
P00957,Neha Jain,33,Female,Mumbai,Government Scheme,2025-11-14
P00958,Neha Khan,85,Female,Akola,Government Scheme,2024-05-21
P00959,Aarav Khan,42,Male,Nagpur,Government Scheme,2025-03-18
P00960,Karan Singh,50,Male,Wardha,Corporate Insurance,2024-10-16
P00961,Priya Verma,73,Male,Nagpur,Private Insurance,2024-02-19
P00962,Aditya Patil,44,Male,Wardha,Self Pay,2025-04-13
P00963,Ananya Pawar,23,Female,Nagpur,Government Scheme,2024-12-11
P00964,Aarav Khan,40,Female,Pune,Government Scheme,2024-08-17
P00965,Rohan Mehta,41,Female,Chandrapur,Government Scheme,2024-06-18
P00966,Neha Khan,16,Female,Chandrapur,Government Scheme,2024-12-22
P00967,Rohan Singh,37,Male,Nagpur,Self Pay,2024-03-18
P00968,Neha Mehta,28,Female,Nagpur,Private Insurance,2025-03-13
P00969,Meera Jain,60,Male,Pune,Corporate Insurance,2024-03-08
P00970,Diya Rao,43,Female,Bhandara,Self Pay,2024-06-02
P00971,Sneha Sharma,37,Female,Mumbai,Private Insurance,2025-01-06
P00972,Pooja Deshmukh,40,Female,Bhandara,Private Insurance,2025-06-25
P00973,Vivaan Pawar,46,Male,Nagpur,Private Insurance,2024-10-17
P00974,Diya Shah,54,Male,Akola,Private Insurance,2025-04-03
P00975,Ananya Gupta,23,Male,Akola,Private Insurance,2025-11-11
P00976,Nisha Jain,22,Female,Nagpur,Private Insurance,2025-03-08
P00977,Pooja Pawar,63,Male,Akola,Corporate Insurance,2025-07-01
P00978,Sneha Kulkarni,34,Male,Nagpur,Self Pay,2024-12-15
P00979,Nisha Sharma,15,Female,Nagpur,Self Pay,2024-07-08
P00980,Pooja Shah,50,Female,Nagpur,Government Scheme,2024-09-23
P00981,Karan Singh,51,Female,Chandrapur,Government Scheme,2024-09-13
P00982,Nisha Verma,13,Female,Nashik,Corporate Insurance,2025-02-04
P00983,Diya Joshi,46,Male,Nagpur,Private Insurance,2024-04-20
P00984,Kavya Pawar,56,Female,Pune,Self Pay,2025-07-12
P00985,Rahul Reddy,49,Male,Nashik,Corporate Insurance,2024-04-21
P00986,Rohan Patil,54,Male,Amravati,Corporate Insurance,2025-05-30
P00987,Rahul Verma,15,Female,Nagpur,Government Scheme,2024-12-10
P00988,Rahul Sharma,48,Male,Nagpur,Corporate Insurance,2025-06-22
P00989,Aditi Verma,36,Female,Nagpur,Government Scheme,2024-05-07
P00990,Aditi Khan,33,Female,Jabalpur,Private Insurance,2024-06-01
P00991,Kavya Verma,59,Female,Pune,Private Insurance,2024-07-03
P00992,Neha Gupta,70,Female,Nagpur,Government Scheme,2025-07-23
P00993,Vikram Rao,76,Female,Wardha,Private Insurance,2024-07-12
P00994,Riya Gupta,67,Male,Nagpur,Private Insurance,2024-09-01
P00995,Aarav Pawar,40,Male,Nagpur,Private Insurance,2024-04-12
P00996,Aditi Rao,49,Male,Nagpur,Self Pay,2024-06-19
P00997,Diya Kulkarni,57,Female,Nagpur,Corporate Insurance,2025-09-16
P00998,Riya Deshmukh,44,Other,Nagpur,Corporate Insurance,2024-03-29
P00999,Rahul Deshmukh,44,Female,Nagpur,Government Scheme,2025-10-28
P01000,Meera Reddy,58,Male,Amravati,Corporate Insurance,2025-08-29
P01001,Karan Reddy,41,Male,Wardha,Government Scheme,2025-11-23
P01002,Isha Joshi,28,Male,Bhandara,Government Scheme,2025-03-30
P01003,Aditi Singh,34,Female,Amravati,Government Scheme,2025-05-14
P01004,Isha Deshmukh,54,Male,Wardha,Private Insurance,2025-09-06
P01005,Meera Joshi,42,Male,Amravati,Government Scheme,2025-06-01
P01006,Ananya Reddy,48,Female,Jabalpur,Government Scheme,2025-02-13
P01007,Aditi Shah,55,Male,Nagpur,Corporate Insurance,2024-11-03
P01008,Karan Joshi,35,Female,Bhandara,Private Insurance,2025-09-20
P01009,Rohan Kulkarni,56,Male,Nagpur,Private Insurance,2024-08-18
P01010,Aditi Mehta,49,Male,Amravati,Private Insurance,2025-02-10
P01011,Rahul Mehta,19,Male,Bhandara,Private Insurance,2024-02-13
P01012,Diya Singh,69,Female,Nashik,Corporate Insurance,2025-04-16
P01013,Rahul Mehta,32,Female,Jabalpur,Government Scheme,2024-04-06
P01014,Diya Jain,11,Male,Wardha,Private Insurance,2024-02-11
P01015,Rohan Rao,22,Female,Nagpur,Government Scheme,2024-08-04
P01016,Ananya Singh,23,Male,Pune,Government Scheme,2025-05-03
P01017,Isha Pawar,43,Female,Nagpur,Private Insurance,2025-08-24
P01018,Rahul Reddy,37,Male,Wardha,Private Insurance,2025-03-12
P01019,Rohan Gupta,36,Female,Pune,Private Insurance,2025-04-22
P01020,Ananya Kulkarni,54,Female,Amravati,Government Scheme,2024-06-25
P01021,Rohan Mehta,48,Female,Bhandara,Self Pay,2024-03-18
P01022,Priya Rao,48,Female,Nagpur,Private Insurance,2024-03-23
P01023,Vikram Shah,50,Female,Nagpur,Government Scheme,2024-02-24
P01024,Meera Pawar,54,Female,Jabalpur,Self Pay,2024-09-10
P01025,Arjun Mehta,2,Female,Nagpur,Private Insurance,2025-06-30
P01026,Aditi Kulkarni,35,Female,Nagpur,Government Scheme,2024-02-13
P01027,Vikram Shah,1,Male,Wardha,Private Insurance,2024-09-10
P01028,Vivaan Sharma,43,Male,Amravati,Private Insurance,2025-03-14
P01029,Vikram Joshi,42,Male,Nagpur,Government Scheme,2024-02-13
P01030,Rahul Verma,62,Female,Nagpur,Private Insurance,2025-02-02
P01031,Arjun Shah,65,Female,Wardha,Government Scheme,2024-10-17
P01032,Aarav Jain,46,Female,Amravati,Self Pay,2025-11-01
P01033,Neha Deshmukh,32,Male,Pune,Private Insurance,2024-12-28
P01034,Arjun Patil,51,Male,Nagpur,Corporate Insurance,2025-01-12
P01035,Arjun Pawar,32,Female,Jabalpur,Private Insurance,2025-09-12
P01036,Vivaan Sharma,42,Female,Nagpur,Government Scheme,2025-06-16
P01037,Meera Reddy,61,Female,Nagpur,Government Scheme,2025-02-04
P01038,Diya Joshi,31,Female,Jabalpur,Government Scheme,2025-04-29
P01039,Kavya Mehta,57,Male,Pune,Corporate Insurance,2024-10-21
P01040,Kavya Gupta,55,Female,Nagpur,Private Insurance,2025-05-25
P01041,Aarav Rao,24,Female,Amravati,Private Insurance,2024-08-13
P01042,Riya Kulkarni,61,Female,Pune,Government Scheme,2024-08-16
P01043,Pooja Rao,55,Female,Nagpur,Government Scheme,2025-08-27
P01044,Vivaan Kulkarni,44,Female,Nagpur,Self Pay,2024-10-30
P01045,Riya Khan,28,Female,Bhandara,Self Pay,2025-01-22
P01046,Aditya Sharma,26,Female,Pune,Private Insurance,2024-03-28
P01047,Karan Shah,32,Female,Bhandara,Self Pay,2024-09-07
P01048,Aditya Verma,52,Male,Wardha,Self Pay,2025-04-19
P01049,Isha Jain,24,Male,Jabalpur,Government Scheme,2025-01-22
P01050,Meera Kulkarni,50,Female,Nagpur,Private Insurance,2024-08-08
P01051,Sneha Singh,18,Male,Pune,Corporate Insurance,2024-01-22
P01052,Rohan Joshi,38,Female,Nagpur,Self Pay,2025-02-04
P01053,Aditya Patil,44,Male,Nashik,Private Insurance,2024-09-11
P01054,Kavya Khan,88,Male,Bhandara,Private Insurance,2025-11-03
P01055,Priya Shah,16,Female,Nagpur,Self Pay,2024-02-01
P01056,Vivaan Shah,70,Female,Bhandara,Corporate Insurance,2025-05-13
P01057,Arjun Rao,45,Male,Mumbai,Government Scheme,2024-10-06
P01058,Ananya Patil,50,Female,Wardha,Corporate Insurance,2024-07-14
P01059,Rahul Singh,44,Female,Nagpur,Private Insurance,2025-06-05
P01060,Diya Sharma,50,Male,Nagpur,Private Insurance,2025-01-10
P01061,Vikram Khan,39,Female,Chandrapur,Self Pay,2024-02-24
P01062,Isha Pawar,70,Male,Akola,Private Insurance,2025-03-15
P01063,Neha Khan,33,Male,Amravati,Private Insurance,2024-05-10
P01064,Ananya Jain,64,Male,Nagpur,Self Pay,2025-09-12
P01065,Nisha Patil,30,Male,Akola,Private Insurance,2024-06-25
P01066,Sneha Verma,41,Male,Nagpur,Private Insurance,2025-08-02
P01067,Aditya Joshi,22,Male,Nagpur,Private Insurance,2024-08-28
P01068,Nisha Singh,51,Other,Amravati,Private Insurance,2024-08-18
P01069,Diya Joshi,69,Male,Bhandara,Private Insurance,2024-01-02
P01070,Isha Kulkarni,41,Male,Jabalpur,Private Insurance,2025-11-02
P01071,Ananya Shah,38,Male,Chandrapur,Corporate Insurance,2025-02-07
P01072,Sneha Pawar,21,Male,Nagpur,Government Scheme,2024-04-17
P01073,Aarav Gupta,38,Female,Pune,Self Pay,2024-01-26
P01074,Vivaan Reddy,12,Male,Nagpur,Private Insurance,2024-07-20
P01075,Karan Rao,25,Female,Jabalpur,Private Insurance,2024-12-25
P01076,Rohan Gupta,46,Female,Nagpur,Corporate Insurance,2024-01-25
P01077,Ananya Reddy,67,Female,Mumbai,Government Scheme,2024-09-20
P01078,Vivaan Jain,90,Male,Mumbai,Self Pay,2024-08-15
P01079,Neha Joshi,31,Male,Mumbai,Private Insurance,2025-09-29
P01080,Kavya Pawar,69,Female,Nagpur,Government Scheme,2024-10-29
P01081,Isha Gupta,47,Female,Pune,Government Scheme,2024-03-17
P01082,Ananya Mehta,39,Female,Nashik,Private Insurance,2024-06-25
P01083,Aditi Reddy,50,Female,Nagpur,Self Pay,2025-08-26
P01084,Karan Singh,43,Female,Wardha,Private Insurance,2024-01-10
P01085,Aditi Singh,44,Male,Chandrapur,Government Scheme,2024-04-07
P01086,Aarav Khan,34,Female,Jabalpur,Private Insurance,2024-01-08
P01087,Meera Kulkarni,15,Female,Pune,Government Scheme,2024-02-05
P01088,Aarav Kulkarni,13,Female,Amravati,Self Pay,2025-11-05
P01089,Pooja Pawar,54,Male,Chandrapur,Government Scheme,2025-12-24
P01090,Rahul Mehta,37,Male,Nagpur,Corporate Insurance,2025-06-20
P01091,Ananya Singh,31,Female,Amravati,Private Insurance,2024-03-08
P01092,Aarav Deshmukh,42,Female,Pune,Corporate Insurance,2025-05-24
P01093,Rohan Deshmukh,57,Male,Chandrapur,Self Pay,2025-07-18
P01094,Ananya Shah,45,Female,Pune,Corporate Insurance,2025-07-27
P01095,Vivaan Singh,30,Male,Wardha,Self Pay,2025-06-29
P01096,Diya Gupta,65,Male,Amravati,Government Scheme,2025-05-21
P01097,Rohan Gupta,72,Male,Nashik,Government Scheme,2024-11-18
P01098,Arjun Reddy,51,Male,Nagpur,Self Pay,2024-02-14
P01099,Isha Reddy,60,Female,Jabalpur,Self Pay,2025-08-24
P01100,Riya Kulkarni,66,Female,Jabalpur,Government Scheme,2025-11-06
P01101,Vikram Khan,63,Female,Mumbai,Self Pay,2024-12-31
P01102,Vikram Shah,54,Female,Mumbai,Government Scheme,2024-11-09
P01103,Ananya Singh,53,Female,Wardha,Private Insurance,2025-10-31
P01104,Vivaan Verma,52,Female,Wardha,Private Insurance,2024-11-27
P01105,Neha Kulkarni,21,Male,Pune,Self Pay,2024-09-27
P01106,Neha Singh,55,Female,Nagpur,Self Pay,2025-10-09
P01107,Karan Shah,16,Male,Pune,Self Pay,2025-11-07
P01108,Vivaan Jain,27,Female,Nagpur,Government Scheme,2024-05-29
P01109,Ananya Verma,67,Female,Mumbai,Private Insurance,2024-07-20
P01110,Isha Sharma,58,Female,Bhandara,Private Insurance,2024-08-16
P01111,Ananya Reddy,70,Male,Pune,Private Insurance,2024-04-26
P01112,Vikram Gupta,37,Male,Wardha,Private Insurance,2025-09-16
P01113,Ananya Joshi,20,Male,Chandrapur,Government Scheme,2025-12-11
P01114,Rohan Kulkarni,37,Female,Mumbai,Self Pay,2025-01-14
P01115,Neha Joshi,44,Female,Amravati,Corporate Insurance,2025-06-03
P01116,Rohan Khan,44,Male,Nagpur,Private Insurance,2024-11-02
P01117,Isha Verma,64,Female,Nagpur,Self Pay,2025-12-27
P01118,Kavya Rao,35,Female,Bhandara,Government Scheme,2025-11-27
P01119,Kavya Verma,49,Female,Chandrapur,Private Insurance,2025-07-01
P01120,Aditi Gupta,23,Female,Chandrapur,Self Pay,2025-10-10
P01121,Vivaan Pawar,51,Female,Nagpur,Corporate Insurance,2024-04-08
P01122,Aditi Sharma,42,Female,Nagpur,Private Insurance,2025-10-09
P01123,Aarav Sharma,28,Male,Mumbai,Government Scheme,2024-11-07
P01124,Kavya Joshi,38,Male,Akola,Private Insurance,2024-06-03
P01125,Diya Patil,39,Female,Nagpur,Private Insurance,2025-11-10
P01126,Nisha Jain,37,Female,Nagpur,Private Insurance,2025-09-08
P01127,Meera Reddy,76,Male,Nagpur,Private Insurance,2024-04-08
P01128,Rohan Shah,40,Female,Pune,Self Pay,2025-04-24
P01129,Aditi Kulkarni,37,Male,Nashik,Private Insurance,2025-10-05
P01130,Karan Singh,2,Female,Chandrapur,Self Pay,2025-05-19
P01131,Nisha Patil,25,Male,Chandrapur,Corporate Insurance,2024-12-17
P01132,Aditi Kulkarni,37,Male,Pune,Self Pay,2024-02-04
P01133,Vivaan Rao,29,Female,Nagpur,Private Insurance,2024-12-28
P01134,Meera Joshi,68,Male,Nagpur,Private Insurance,2025-02-09
P01135,Arjun Patil,39,Male,Amravati,Government Scheme,2025-09-07
P01136,Isha Verma,66,Male,Jabalpur,Private Insurance,2024-06-08
P01137,Karan Pawar,43,Female,Bhandara,Private Insurance,2024-05-30
P01138,Aditi Reddy,43,Female,Bhandara,Government Scheme,2025-11-07
P01139,Aditya Gupta,40,Female,Pune,Government Scheme,2025-09-03
P01140,Rohan Gupta,42,Male,Nagpur,Private Insurance,2025-02-13
P01141,Nisha Gupta,75,Female,Amravati,Private Insurance,2024-11-21
P01142,Priya Mehta,1,Female,Chandrapur,Corporate Insurance,2025-03-26
P01143,Rahul Kulkarni,4,Male,Jabalpur,Corporate Insurance,2024-04-21
P01144,Kavya Verma,32,Female,Nagpur,Government Scheme,2024-06-26
P01145,Neha Deshmukh,42,Male,Wardha,Government Scheme,2025-01-30
P01146,Nisha Patil,55,Female,Mumbai,Self Pay,2024-11-03
P01147,Neha Rao,51,Male,Nashik,Private Insurance,2024-05-10
P01148,Aditya Kulkarni,35,Female,Chandrapur,Corporate Insurance,2025-01-21
P01149,Nisha Patil,61,Female,Nagpur,Private Insurance,2025-04-21
P01150,Karan Reddy,62,Male,Nagpur,Self Pay,2025-08-15
P01151,Aditya Rao,45,Female,Amravati,Private Insurance,2025-04-04
P01152,Sneha Joshi,60,Female,Nagpur,Self Pay,2025-03-22
P01153,Rohan Verma,47,Female,Pune,Self Pay,2025-02-10
P01154,Isha Rao,31,Male,Nashik,Self Pay,2024-03-23
P01155,Pooja Sharma,55,Female,Pune,Government Scheme,2024-10-07
P01156,Meera Verma,44,Female,Nagpur,Government Scheme,2024-11-25
P01157,Isha Shah,42,Female,Nagpur,Government Scheme,2025-01-17
P01158,Meera Jain,70,Female,Nashik,Self Pay,2024-08-03
P01159,Rohan Gupta,1,Male,Nagpur,Government Scheme,2025-06-27
P01160,Aarav Gupta,15,Female,Nagpur,Government Scheme,2025-01-28
P01161,Aditi Khan,19,Male,Amravati,Self Pay,2024-08-11
P01162,Neha Mehta,35,Male,Nagpur,Private Insurance,2024-12-08
P01163,Meera Patil,37,Male,Nagpur,Self Pay,2025-06-02
P01164,Neha Deshmukh,13,Male,Nagpur,Private Insurance,2024-01-17
P01165,Arjun Singh,23,Female,Mumbai,Self Pay,2024-09-06
P01166,Nisha Verma,26,Male,Nagpur,Private Insurance,2024-05-31
P01167,Karan Khan,89,Male,Bhandara,Self Pay,2024-08-22
P01168,Karan Deshmukh,76,Male,Bhandara,Private Insurance,2025-04-26
P01169,Rohan Mehta,34,Female,Bhandara,Government Scheme,2024-06-04
P01170,Priya Verma,35,Female,Wardha,Private Insurance,2025-02-01
P01171,Aditi Gupta,20,Male,Nagpur,Corporate Insurance,2024-10-02
P01172,Neha Deshmukh,6,Female,Nagpur,Private Insurance,2024-02-08
P01173,Nisha Joshi,40,Male,Wardha,Government Scheme,2025-10-08
P01174,Ananya Pawar,23,Female,Jabalpur,Private Insurance,2025-03-12
P01175,Isha Pawar,40,Male,Amravati,Self Pay,2024-08-04
P01176,Pooja Mehta,12,Female,Wardha,Private Insurance,2025-01-02
P01177,Karan Singh,28,Female,Jabalpur,Government Scheme,2025-12-21
P01178,Meera Shah,45,Female,Nashik,Private Insurance,2024-04-19
P01179,Isha Mehta,49,Male,Nashik,Private Insurance,2025-09-13
P01180,Neha Sharma,50,Male,Wardha,Private Insurance,2024-01-02
P01181,Vivaan Khan,17,Male,Mumbai,Government Scheme,2025-09-22
P01182,Isha Pawar,58,Male,Bhandara,Private Insurance,2024-09-01
P01183,Kavya Joshi,27,Male,Chandrapur,Corporate Insurance,2024-08-04
P01184,Rahul Singh,54,Male,Pune,Government Scheme,2025-07-23
P01185,Pooja Rao,42,Male,Amravati,Government Scheme,2024-04-29
P01186,Nisha Gupta,16,Male,Jabalpur,Private Insurance,2024-04-07
P01187,Arjun Singh,36,Male,Jabalpur,Private Insurance,2024-12-06
P01188,Arjun Shah,49,Female,Bhandara,Self Pay,2025-11-20
P01189,Karan Gupta,54,Male,Nagpur,Self Pay,2024-08-29
P01190,Riya Verma,39,Female,Nashik,Government Scheme,2025-01-30
P01191,Riya Joshi,71,Female,Nagpur,Self Pay,2024-10-17
P01192,Rahul Joshi,61,Male,Bhandara,Private Insurance,2025-07-07
P01193,Sneha Jain,37,Male,Nagpur,Corporate Insurance,2025-10-18
P01194,Aarav Verma,56,Female,Pune,Government Scheme,2025-12-14
P01195,Nisha Kulkarni,79,Female,Jabalpur,Corporate Insurance,2024-07-15
P01196,Arjun Joshi,79,Male,Nagpur,Self Pay,2024-07-10
P01197,Diya Joshi,19,Female,Nashik,Private Insurance,2025-11-05
P01198,Ananya Pawar,24,Female,Mumbai,Government Scheme,2025-03-01
P01199,Diya Pawar,70,Male,Nagpur,Corporate Insurance,2024-08-27
P01200,Vivaan Kulkarni,22,Male,Nagpur,Private Insurance,2024-09-05
P01201,Vivaan Khan,17,Male,Amravati,Government Scheme,2024-05-08
P01202,Isha Singh,33,Male,Pune,Government Scheme,2024-03-02
P01203,Karan Joshi,50,Female,Wardha,Private Insurance,2024-09-10
P01204,Neha Sharma,40,Female,Nagpur,Private Insurance,2025-08-02
P01205,Diya Verma,30,Male,Nagpur,Self Pay,2025-04-26
P01206,Vikram Shah,29,Male,Wardha,Corporate Insurance,2024-01-09
P01207,Diya Joshi,28,Female,Nagpur,Government Scheme,2024-02-02
P01208,Aditya Kulkarni,25,Female,Chandrapur,Corporate Insurance,2025-09-26
P01209,Rahul Sharma,85,Female,Nagpur,Private Insurance,2025-08-02
P01210,Riya Kulkarni,48,Female,Pune,Private Insurance,2025-08-03
P01211,Vivaan Gupta,59,Female,Nashik,Private Insurance,2025-09-21
P01212,Aditya Rao,33,Female,Mumbai,Government Scheme,2025-04-11
P01213,Diya Reddy,38,Male,Nagpur,Government Scheme,2024-09-03
P01214,Karan Rao,28,Female,Chandrapur,Private Insurance,2025-03-07
P01215,Nisha Singh,1,Male,Pune,Government Scheme,2025-04-13
P01216,Ananya Rao,16,Male,Wardha,Self Pay,2025-09-09
P01217,Meera Deshmukh,8,Male,Nagpur,Government Scheme,2025-01-23
P01218,Vivaan Kulkarni,1,Male,Nagpur,Government Scheme,2024-02-10
P01219,Rohan Jain,19,Female,Chandrapur,Government Scheme,2025-03-30
P01220,Isha Kulkarni,67,Female,Wardha,Corporate Insurance,2025-06-21
P01221,Rahul Joshi,41,Male,Mumbai,Self Pay,2025-11-21
P01222,Rohan Singh,67,Female,Pune,Corporate Insurance,2024-05-11
P01223,Pooja Rao,50,Female,Nashik,Corporate Insurance,2025-09-19
P01224,Neha Kulkarni,57,Female,Jabalpur,Corporate Insurance,2024-01-15
P01225,Neha Joshi,25,Male,Akola,Private Insurance,2025-06-17
P01226,Riya Sharma,52,Female,Nagpur,Government Scheme,2024-08-15
P01227,Nisha Patil,56,Male,Nagpur,Private Insurance,2024-03-26
P01228,Nisha Jain,31,Female,Pune,Private Insurance,2024-08-26
P01229,Ananya Kulkarni,53,Male,Amravati,Government Scheme,2025-02-06
P01230,Rahul Joshi,53,Female,Mumbai,Private Insurance,2024-05-20
P01231,Karan Mehta,32,Male,Nagpur,Government Scheme,2025-02-05
P01232,Rahul Shah,21,Male,Nagpur,Self Pay,2025-06-02
P01233,Neha Jain,20,Female,Nashik,Private Insurance,2025-10-01
P01234,Karan Mehta,44,Female,Pune,Corporate Insurance,2025-02-12
P01235,Arjun Khan,48,Male,Mumbai,Self Pay,2025-03-15
P01236,Aditya Rao,27,Male,Nagpur,Self Pay,2025-11-02
P01237,Vivaan Reddy,43,Female,Amravati,Private Insurance,2024-01-26
P01238,Pooja Patil,53,Female,Chandrapur,Corporate Insurance,2025-07-10
P01239,Pooja Gupta,54,Female,Mumbai,Private Insurance,2025-12-14
P01240,Aditi Rao,71,Female,Nagpur,Self Pay,2025-08-26
P01241,Nisha Singh,66,Female,Chandrapur,Private Insurance,2025-11-04
P01242,Riya Shah,23,Female,Nagpur,Private Insurance,2025-10-20
P01243,Vivaan Mehta,74,Female,Nashik,Private Insurance,2025-03-05
P01244,Aarav Singh,32,Male,Nagpur,Self Pay,2025-08-11
P01245,Isha Gupta,62,Male,Jabalpur,Corporate Insurance,2024-09-22
P01246,Sneha Verma,43,Male,Nagpur,Self Pay,2024-03-27
P01247,Nisha Mehta,34,Male,Akola,Self Pay,2024-03-02
P01248,Nisha Mehta,8,Male,Nashik,Private Insurance,2024-05-15
P01249,Kavya Reddy,39,Female,Nagpur,Corporate Insurance,2025-06-12
P01250,Nisha Jain,12,Male,Nagpur,Government Scheme,2024-10-20
P01251,Pooja Deshmukh,60,Female,Chandrapur,Corporate Insurance,2025-08-15
P01252,Arjun Gupta,71,Male,Chandrapur,Self Pay,2024-08-30
P01253,Vikram Verma,27,Male,Nashik,Private Insurance,2025-07-31
P01254,Rahul Joshi,48,Male,Bhandara,Private Insurance,2025-10-08
P01255,Meera Jain,28,Female,Nagpur,Self Pay,2024-08-26
P01256,Kavya Patil,30,Male,Mumbai,Corporate Insurance,2025-01-17
P01257,Isha Kulkarni,57,Female,Nagpur,Self Pay,2025-01-26
P01258,Pooja Mehta,41,Female,Bhandara,Corporate Insurance,2025-10-01
P01259,Karan Jain,75,Female,Mumbai,Corporate Insurance,2024-09-30
P01260,Meera Verma,33,Female,Mumbai,Private Insurance,2024-10-09
P01261,Meera Sharma,61,Male,Nagpur,Government Scheme,2025-07-20
P01262,Vivaan Shah,44,Female,Nagpur,Government Scheme,2025-10-23
P01263,Aditi Pawar,57,Female,Chandrapur,Private Insurance,2024-01-21
P01264,Neha Mehta,34,Other,Nagpur,Self Pay,2024-02-22
P01265,Ananya Kulkarni,41,Male,Nashik,Private Insurance,2025-11-12
P01266,Rahul Joshi,40,Female,Bhandara,Self Pay,2024-11-21
P01267,Nisha Khan,26,Male,Nagpur,Government Scheme,2025-02-12
P01268,Aditya Shah,55,Male,Amravati,Self Pay,2025-10-19
P01269,Pooja Mehta,54,Female,Akola,Government Scheme,2024-10-16
P01270,Neha Sharma,53,Male,Pune,Government Scheme,2024-11-24
P01271,Vikram Shah,71,Male,Amravati,Private Insurance,2025-09-10
P01272,Arjun Shah,70,Female,Nagpur,Self Pay,2025-06-18
P01273,Vikram Pawar,35,Female,Amravati,Government Scheme,2025-05-21
P01274,Karan Gupta,49,Female,Chandrapur,Government Scheme,2024-09-20
P01275,Riya Shah,30,Male,Nashik,Self Pay,2025-05-27
P01276,Arjun Jain,42,Female,Mumbai,Government Scheme,2025-08-28
P01277,Rahul Deshmukh,31,Female,Jabalpur,Private Insurance,2025-10-28
P01278,Pooja Joshi,73,Other,Bhandara,Private Insurance,2025-04-05
P01279,Aarav Patil,49,Male,Mumbai,Government Scheme,2025-09-28
P01280,Sneha Joshi,38,Female,Nagpur,Private Insurance,2025-08-15
P01281,Vikram Kulkarni,65,Female,Bhandara,Private Insurance,2025-06-17
P01282,Rahul Deshmukh,1,Female,Bhandara,Private Insurance,2025-01-26
P01283,Vivaan Patil,4,Other,Nashik,Government Scheme,2024-11-13
P01284,Nisha Rao,57,Female,Nashik,Government Scheme,2025-04-10
P01285,Priya Shah,43,Female,Nagpur,Government Scheme,2025-10-08
P01286,Kavya Mehta,47,Male,Mumbai,Government Scheme,2025-01-20
P01287,Ananya Jain,17,Female,Mumbai,Government Scheme,2025-05-25
P01288,Vivaan Deshmukh,42,Female,Jabalpur,Private Insurance,2025-02-18
P01289,Kavya Kulkarni,80,Male,Wardha,Corporate Insurance,2025-04-18
P01290,Kavya Pawar,58,Female,Jabalpur,Government Scheme,2025-05-18
P01291,Aditya Deshmukh,45,Male,Pune,Self Pay,2024-02-07
P01292,Isha Patil,34,Male,Chandrapur,Government Scheme,2024-03-29
P01293,Kavya Joshi,35,Female,Amravati,Private Insurance,2024-01-29
P01294,Neha Joshi,2,Male,Pune,Self Pay,2025-07-15
P01295,Pooja Verma,47,Male,Nashik,Private Insurance,2025-10-15
P01296,Isha Joshi,58,Male,Bhandara,Corporate Insurance,2024-09-16
P01297,Riya Pawar,12,Male,Jabalpur,Government Scheme,2024-02-25
P01298,Isha Verma,29,Female,Nagpur,Private Insurance,2024-01-10
P01299,Arjun Jain,20,Female,Chandrapur,Government Scheme,2024-11-20
P01300,Vivaan Sharma,24,Male,Nagpur,Self Pay,2025-04-14
P01301,Neha Singh,43,Female,Wardha,Private Insurance,2024-08-31
P01302,Karan Jain,2,Female,Nagpur,Private Insurance,2025-03-23
P01303,Vivaan Shah,54,Male,Nagpur,Corporate Insurance,2024-04-22
P01304,Nisha Verma,56,Female,Amravati,Private Insurance,2025-06-13
P01305,Pooja Verma,37,Male,Nagpur,Private Insurance,2024-08-29
P01306,Rohan Verma,1,Male,Nagpur,Private Insurance,2025-12-29
P01307,Rahul Patil,23,Male,Nashik,Government Scheme,2025-07-15
P01308,Nisha Pawar,65,Female,Nagpur,Government Scheme,2024-12-02
P01309,Aditi Singh,1,Female,Nagpur,Government Scheme,2025-11-21
P01310,Riya Gupta,35,Male,Nagpur,Corporate Insurance,2025-12-11
P01311,Arjun Rao,20,Female,Nagpur,Private Insurance,2024-05-23
P01312,Kavya Reddy,57,Male,Nagpur,Private Insurance,2025-02-25
P01313,Nisha Verma,29,Male,Jabalpur,Private Insurance,2025-04-22
P01314,Isha Khan,50,Female,Bhandara,Government Scheme,2024-09-18
P01315,Riya Patil,53,Female,Amravati,Private Insurance,2025-12-30
P01316,Nisha Jain,77,Male,Bhandara,Government Scheme,2025-05-09
P01317,Diya Jain,38,Female,Nagpur,Self Pay,2025-07-09
P01318,Rahul Gupta,49,Male,Akola,Private Insurance,2024-05-23
P01319,Arjun Gupta,14,Male,Jabalpur,Corporate Insurance,2025-10-20
P01320,Karan Pawar,65,Female,Nagpur,Corporate Insurance,2025-12-06
P01321,Ananya Verma,28,Male,Nagpur,Government Scheme,2025-10-22
P01322,Vikram Pawar,31,Female,Chandrapur,Corporate Insurance,2024-11-17
P01323,Pooja Reddy,42,Female,Nagpur,Self Pay,2025-11-12
P01324,Rahul Shah,12,Male,Nagpur,Private Insurance,2024-01-08
P01325,Sneha Joshi,46,Male,Akola,Government Scheme,2024-05-28
P01326,Sneha Pawar,60,Male,Chandrapur,Private Insurance,2025-04-23
P01327,Aditya Singh,48,Male,Nagpur,Government Scheme,2025-07-18
P01328,Arjun Kulkarni,12,Male,Pune,Self Pay,2024-03-28
P01329,Karan Sharma,40,Female,Nagpur,Government Scheme,2024-08-02
P01330,Neha Khan,56,Female,Nagpur,Private Insurance,2024-03-05
P01331,Rahul Sharma,6,Female,Nashik,Self Pay,2024-03-16
P01332,Riya Shah,22,Female,Chandrapur,Corporate Insurance,2024-01-18
P01333,Riya Shah,59,Female,Chandrapur,Private Insurance,2025-12-24
P01334,Sneha Mehta,47,Male,Akola,Private Insurance,2025-10-06
P01335,Neha Mehta,50,Female,Chandrapur,Private Insurance,2025-03-20
P01336,Vivaan Jain,77,Male,Mumbai,Corporate Insurance,2024-01-25
P01337,Sneha Mehta,51,Male,Bhandara,Government Scheme,2025-06-17
P01338,Priya Joshi,54,Other,Amravati,Private Insurance,2025-01-27
P01339,Priya Khan,90,Female,Nashik,Government Scheme,2025-07-20
P01340,Aditi Jain,38,Male,Nagpur,Government Scheme,2024-12-23
P01341,Kavya Jain,27,Male,Nashik,Private Insurance,2024-01-07
P01342,Aditya Jain,50,Female,Nagpur,Corporate Insurance,2025-10-27
P01343,Sneha Deshmukh,50,Female,Wardha,Self Pay,2025-10-04
P01344,Arjun Joshi,32,Female,Nashik,Private Insurance,2025-10-27
P01345,Meera Jain,22,Male,Chandrapur,Corporate Insurance,2025-04-27
P01346,Riya Deshmukh,86,Male,Nagpur,Private Insurance,2025-11-03
P01347,Aditi Patil,48,Male,Wardha,Private Insurance,2024-02-21
P01348,Meera Rao,28,Male,Pune,Government Scheme,2024-10-19
P01349,Ananya Rao,59,Female,Jabalpur,Private Insurance,2024-08-21
P01350,Priya Gupta,40,Female,Wardha,Government Scheme,2024-12-11
P01351,Riya Sharma,37,Male,Nagpur,Private Insurance,2024-01-31
P01352,Pooja Gupta,53,Male,Amravati,Private Insurance,2025-08-25
P01353,Sneha Sharma,17,Male,Wardha,Corporate Insurance,2024-08-06
P01354,Nisha Deshmukh,49,Female,Nagpur,Private Insurance,2024-03-28
P01355,Priya Joshi,78,Female,Mumbai,Government Scheme,2024-05-24
P01356,Nisha Mehta,51,Female,Bhandara,Private Insurance,2024-03-24
P01357,Kavya Gupta,35,Female,Amravati,Self Pay,2025-05-16
P01358,Arjun Sharma,32,Female,Amravati,Private Insurance,2025-11-03
P01359,Rohan Singh,34,Male,Nagpur,Private Insurance,2024-03-02
P01360,Karan Patil,37,Male,Wardha,Corporate Insurance,2024-01-22
P01361,Aditi Reddy,35,Female,Wardha,Private Insurance,2025-10-04
P01362,Ananya Joshi,59,Female,Amravati,Corporate Insurance,2024-10-06
P01363,Ananya Joshi,9,Female,Chandrapur,Government Scheme,2024-03-28
P01364,Vivaan Gupta,58,Female,Amravati,Self Pay,2024-05-22
P01365,Arjun Patil,35,Male,Bhandara,Private Insurance,2025-05-08
P01366,Aditi Sharma,49,Female,Mumbai,Corporate Insurance,2024-03-02
P01367,Kavya Reddy,21,Male,Amravati,Private Insurance,2024-10-20
P01368,Ananya Mehta,67,Female,Amravati,Private Insurance,2025-12-11
P01369,Isha Reddy,66,Female,Mumbai,Self Pay,2024-11-10
P01370,Kavya Khan,60,Other,Amravati,Private Insurance,2024-05-01
P01371,Meera Sharma,13,Female,Amravati,Private Insurance,2025-07-07
P01372,Rahul Rao,58,Female,Pune,Government Scheme,2024-11-11
P01373,Nisha Khan,50,Male,Chandrapur,Private Insurance,2024-10-17
P01374,Diya Shah,11,Female,Mumbai,Private Insurance,2024-07-06
P01375,Ananya Khan,42,Female,Wardha,Government Scheme,2025-07-03
P01376,Rahul Pawar,49,Female,Wardha,Government Scheme,2024-12-24
P01377,Priya Khan,53,Female,Nagpur,Government Scheme,2024-12-19
P01378,Arjun Mehta,45,Male,Nagpur,Self Pay,2025-07-13
P01379,Ananya Rao,48,Female,Bhandara,Private Insurance,2024-09-21
P01380,Ananya Jain,70,Male,Nagpur,Government Scheme,2025-04-26
P01381,Aditya Reddy,65,Male,Wardha,Private Insurance,2024-05-05
P01382,Aarav Pawar,1,Female,Nagpur,Private Insurance,2025-02-21
P01383,Sneha Gupta,36,Female,Nagpur,Private Insurance,2024-11-08
P01384,Aditi Khan,39,Female,Wardha,Government Scheme,2025-01-07
P01385,Nisha Pawar,9,Female,Chandrapur,Private Insurance,2024-09-23
P01386,Sneha Sharma,44,Female,Nagpur,Self Pay,2024-04-06
P01387,Vivaan Pawar,66,Male,Nashik,Private Insurance,2025-11-02
P01388,Vikram Shah,21,Female,Nagpur,Private Insurance,2024-10-20
P01389,Priya Gupta,48,Male,Nagpur,Private Insurance,2025-06-29
P01390,Aditi Khan,25,Male,Mumbai,Government Scheme,2025-10-22
P01391,Priya Reddy,29,Male,Mumbai,Self Pay,2024-11-19
P01392,Aarav Deshmukh,70,Female,Amravati,Self Pay,2025-08-21
P01393,Kavya Jain,32,Female,Amravati,Corporate Insurance,2024-11-16
P01394,Meera Deshmukh,51,Male,Pune,Private Insurance,2024-02-17
P01395,Rahul Pawar,6,Female,Bhandara,Private Insurance,2025-10-06
P01396,Vivaan Mehta,77,Male,Nagpur,Corporate Insurance,2025-09-05
P01397,Karan Reddy,53,Male,Nagpur,Self Pay,2025-02-17
P01398,Isha Verma,39,Male,Nagpur,Private Insurance,2025-08-27
P01399,Aarav Mehta,53,Female,Pune,Private Insurance,2025-05-03
P01400,Neha Reddy,15,Female,Chandrapur,Government Scheme,2025-08-08
P01401,Rohan Deshmukh,64,Female,Nagpur,Private Insurance,2024-02-11
P01402,Rohan Gupta,36,Male,Nagpur,Government Scheme,2025-08-17
P01403,Vikram Jain,38,Male,Nagpur,Private Insurance,2024-06-05
P01404,Aditi Sharma,33,Male,Nashik,Corporate Insurance,2025-12-18
P01405,Isha Singh,31,Male,Mumbai,Government Scheme,2025-12-06
P01406,Rohan Shah,55,Male,Bhandara,Self Pay,2024-02-10
P01407,Sneha Kulkarni,47,Male,Nashik,Private Insurance,2025-04-20
P01408,Vivaan Shah,54,Female,Nagpur,Government Scheme,2024-10-07
P01409,Karan Deshmukh,42,Female,Bhandara,Corporate Insurance,2024-07-05
P01410,Aditya Gupta,52,Male,Amravati,Private Insurance,2025-12-07
P01411,Riya Mehta,34,Male,Nagpur,Government Scheme,2024-10-20
P01412,Arjun Singh,84,Female,Wardha,Private Insurance,2025-02-07
P01413,Sneha Kulkarni,12,Male,Pune,Government Scheme,2024-08-16
P01414,Aarav Khan,66,Female,Nagpur,Self Pay,2025-05-13
P01415,Arjun Deshmukh,68,Female,Wardha,Self Pay,2024-07-03
P01416,Rahul Patil,26,Male,Mumbai,Self Pay,2024-09-21
P01417,Nisha Pawar,84,Female,Pune,Private Insurance,2025-05-29
P01418,Kavya Sharma,61,Male,Wardha,Self Pay,2024-06-03
P01419,Arjun Deshmukh,60,Male,Nagpur,Government Scheme,2025-07-26
P01420,Vivaan Khan,43,Male,Pune,Private Insurance,2025-12-15
P01421,Arjun Reddy,38,Female,Nagpur,Corporate Insurance,2025-05-28
P01422,Sneha Verma,38,Male,Nagpur,Private Insurance,2024-09-21
P01423,Rahul Gupta,49,Female,Nagpur,Private Insurance,2024-05-12
P01424,Isha Khan,69,Male,Wardha,Self Pay,2025-02-13
P01425,Ananya Mehta,45,Female,Chandrapur,Private Insurance,2024-11-15
P01426,Pooja Joshi,25,Other,Pune,Private Insurance,2024-06-26
P01427,Vikram Mehta,58,Male,Wardha,Private Insurance,2024-09-24
P01428,Sneha Rao,60,Female,Jabalpur,Corporate Insurance,2025-12-06
P01429,Vivaan Patil,54,Female,Chandrapur,Private Insurance,2024-05-03
P01430,Isha Joshi,56,Female,Chandrapur,Private Insurance,2024-07-07
P01431,Sneha Khan,37,Male,Nagpur,Private Insurance,2024-09-11
P01432,Ananya Sharma,24,Male,Nagpur,Private Insurance,2025-10-29
P01433,Vikram Verma,26,Male,Bhandara,Private Insurance,2024-09-18
P01434,Vikram Mehta,11,Male,Nashik,Corporate Insurance,2024-08-01
P01435,Sneha Khan,47,Female,Nagpur,Self Pay,2024-08-05
P01436,Aarav Singh,40,Male,Wardha,Corporate Insurance,2025-11-22
P01437,Isha Singh,34,Female,Amravati,Self Pay,2024-09-15
P01438,Ananya Kulkarni,1,Male,Amravati,Private Insurance,2024-09-25
P01439,Karan Jain,18,Female,Nagpur,Private Insurance,2024-09-23
P01440,Ananya Mehta,63,Male,Nagpur,Government Scheme,2025-09-28
P01441,Nisha Jain,29,Female,Nagpur,Private Insurance,2025-06-02
P01442,Isha Kulkarni,49,Female,Mumbai,Government Scheme,2025-03-13
P01443,Isha Jain,16,Female,Pune,Private Insurance,2024-06-04
P01444,Riya Jain,69,Male,Nagpur,Self Pay,2024-03-24
P01445,Sneha Shah,39,Male,Nagpur,Private Insurance,2024-03-05
P01446,Rahul Gupta,48,Female,Wardha,Government Scheme,2024-08-03
P01447,Aditi Shah,86,Female,Nagpur,Corporate Insurance,2025-07-31
P01448,Diya Kulkarni,71,Female,Pune,Private Insurance,2025-07-09
P01449,Vikram Deshmukh,36,Male,Wardha,Private Insurance,2025-07-25
P01450,Rohan Joshi,31,Male,Pune,Private Insurance,2025-05-02
P01451,Arjun Patil,36,Male,Nagpur,Private Insurance,2025-01-11
P01452,Nisha Patil,52,Male,Jabalpur,Government Scheme,2024-09-16
P01453,Aditya Pawar,40,Female,Nashik,Corporate Insurance,2025-06-14
P01454,Nisha Khan,34,Female,Nashik,Corporate Insurance,2024-05-22
P01455,Aditya Singh,70,Male,Jabalpur,Self Pay,2024-02-20
P01456,Meera Khan,40,Male,Wardha,Self Pay,2025-08-28
P01457,Rahul Shah,86,Female,Nagpur,Private Insurance,2024-12-12
P01458,Aditi Jain,44,Male,Wardha,Corporate Insurance,2025-03-30
P01459,Rahul Jain,76,Female,Pune,Government Scheme,2025-11-29
P01460,Riya Khan,49,Female,Pune,Private Insurance,2025-05-12
P01461,Priya Jain,60,Female,Wardha,Corporate Insurance,2025-07-11
P01462,Isha Joshi,28,Male,Nashik,Government Scheme,2024-12-15
P01463,Diya Pawar,26,Male,Nagpur,Private Insurance,2024-08-20
P01464,Pooja Jain,51,Male,Nagpur,Self Pay,2024-09-12
P01465,Aditya Patil,61,Male,Bhandara,Private Insurance,2025-10-19
P01466,Arjun Joshi,43,Male,Amravati,Private Insurance,2024-10-06
P01467,Rahul Kulkarni,18,Female,Nagpur,Private Insurance,2025-11-12
P01468,Sneha Shah,16,Male,Nashik,Government Scheme,2024-01-23
P01469,Diya Reddy,15,Female,Bhandara,Private Insurance,2024-08-01
P01470,Pooja Jain,8,Male,Bhandara,Private Insurance,2025-11-19
P01471,Pooja Sharma,44,Female,Nagpur,Private Insurance,2025-02-27
P01472,Sneha Shah,63,Female,Nagpur,Private Insurance,2024-09-24
P01473,Priya Jain,42,Male,Akola,Government Scheme,2024-05-08
P01474,Vivaan Khan,1,Female,Pune,Government Scheme,2024-12-18
P01475,Riya Pawar,38,Female,Nagpur,Private Insurance,2025-11-29
P01476,Neha Patil,39,Male,Pune,Private Insurance,2024-09-17
P01477,Pooja Reddy,82,Male,Pune,Private Insurance,2024-12-17
P01478,Vikram Shah,14,Female,Pune,Government Scheme,2024-09-16
P01479,Isha Deshmukh,35,Female,Bhandara,Self Pay,2025-09-20
P01480,Vivaan Patil,74,Female,Amravati,Private Insurance,2025-05-15
P01481,Arjun Jain,51,Male,Nashik,Private Insurance,2025-03-26
P01482,Priya Singh,53,Male,Wardha,Private Insurance,2025-05-04
P01483,Vivaan Joshi,44,Female,Nagpur,Government Scheme,2024-10-27
P01484,Nisha Kulkarni,48,Male,Amravati,Private Insurance,2025-08-14
P01485,Vivaan Rao,57,Male,Wardha,Self Pay,2025-03-23
P01486,Meera Kulkarni,27,Other,Wardha,Self Pay,2024-02-22
P01487,Meera Gupta,59,Female,Mumbai,Private Insurance,2024-09-29
P01488,Neha Verma,16,Male,Amravati,Government Scheme,2025-09-30
P01489,Vikram Deshmukh,48,Male,Nagpur,Corporate Insurance,2024-07-05
P01490,Arjun Reddy,45,Female,Jabalpur,Private Insurance,2025-11-29
P01491,Rohan Deshmukh,30,Female,Nagpur,Government Scheme,2025-08-17
P01492,Diya Sharma,42,Female,Nagpur,Government Scheme,2025-12-23
P01493,Ananya Deshmukh,30,Female,Pune,Private Insurance,2025-08-05
P01494,Rahul Deshmukh,22,Male,Jabalpur,Self Pay,2024-04-04
P01495,Riya Shah,35,Male,Akola,Private Insurance,2024-05-19
P01496,Aarav Reddy,21,Female,Amravati,Private Insurance,2024-12-21
P01497,Aditi Deshmukh,48,Male,Bhandara,Government Scheme,2024-09-18
P01498,Vivaan Deshmukh,20,Female,Pune,Corporate Insurance,2025-11-16
P01499,Rahul Shah,56,Male,Mumbai,Private Insurance,2025-09-11
P01500,Pooja Reddy,20,Female,Nagpur,Government Scheme,2025-07-08
P01501,Riya Reddy,31,Male,Mumbai,Private Insurance,2025-11-17
P01502,Vivaan Rao,30,Male,Chandrapur,Government Scheme,2024-02-13
P01503,Neha Patil,67,Male,Nagpur,Government Scheme,2025-05-27
P01504,Aditi Khan,48,Male,Nagpur,Government Scheme,2025-09-27
P01505,Pooja Singh,38,Female,Nagpur,Corporate Insurance,2025-12-12
P01506,Pooja Sharma,51,Male,Jabalpur,Self Pay,2025-09-04
P01507,Meera Khan,2,Male,Amravati,Private Insurance,2025-08-13
P01508,Riya Khan,41,Female,Akola,Corporate Insurance,2025-07-23
P01509,Rohan Singh,80,Other,Nagpur,Private Insurance,2024-04-03
P01510,Rohan Joshi,45,Female,Pune,Self Pay,2024-10-27
P01511,Priya Verma,43,Female,Wardha,Self Pay,2025-10-01
P01512,Karan Pawar,52,Male,Mumbai,Self Pay,2025-04-06
P01513,Arjun Deshmukh,59,Female,Bhandara,Private Insurance,2024-07-08
P01514,Ananya Deshmukh,4,Female,Pune,Self Pay,2025-06-06
P01515,Sneha Khan,10,Female,Chandrapur,Government Scheme,2024-01-19
P01516,Nisha Deshmukh,46,Male,Bhandara,Government Scheme,2024-10-16
P01517,Sneha Sharma,28,Male,Jabalpur,Corporate Insurance,2025-07-04
P01518,Priya Deshmukh,67,Female,Wardha,Private Insurance,2025-07-26
P01519,Sneha Patil,36,Male,Mumbai,Private Insurance,2025-01-06
P01520,Aarav Verma,5,Male,Nagpur,Government Scheme,2024-07-18
P01521,Vikram Jain,18,Male,Chandrapur,Private Insurance,2024-12-28
P01522,Arjun Jain,1,Male,Mumbai,Self Pay,2024-05-14
P01523,Diya Patil,38,Male,Mumbai,Private Insurance,2025-11-14
P01524,Aditi Pawar,38,Female,Wardha,Government Scheme,2025-09-18
P01525,Riya Patil,34,Female,Wardha,Self Pay,2025-06-11
P01526,Diya Deshmukh,62,Male,Pune,Corporate Insurance,2024-09-04
P01527,Isha Jain,65,Female,Nagpur,Self Pay,2024-04-14
P01528,Kavya Rao,39,Female,Mumbai,Private Insurance,2024-02-11
P01529,Rahul Verma,1,Female,Nagpur,Private Insurance,2024-10-06
P01530,Pooja Jain,54,Female,Nagpur,Self Pay,2025-08-30
P01531,Karan Gupta,53,Male,Nashik,Corporate Insurance,2024-09-27
P01532,Arjun Jain,48,Female,Amravati,Government Scheme,2025-08-06
P01533,Aditya Pawar,61,Male,Amravati,Government Scheme,2024-05-08
P01534,Vikram Pawar,20,Male,Nagpur,Private Insurance,2025-08-08
P01535,Nisha Mehta,80,Female,Jabalpur,Government Scheme,2024-02-26
P01536,Nisha Khan,24,Female,Bhandara,Government Scheme,2024-09-05
P01537,Ananya Rao,56,Female,Jabalpur,Private Insurance,2024-04-19
P01538,Meera Gupta,10,Male,Amravati,Private Insurance,2025-03-16
P01539,Riya Rao,24,Female,Amravati,Government Scheme,2024-05-17
P01540,Diya Mehta,71,Male,Nagpur,Government Scheme,2024-01-11
P01541,Diya Kulkarni,37,Female,Amravati,Private Insurance,2024-08-23
P01542,Isha Kulkarni,58,Female,Nagpur,Corporate Insurance,2024-01-02
P01543,Riya Reddy,47,Female,Nagpur,Private Insurance,2024-10-03
P01544,Pooja Pawar,40,Female,Wardha,Self Pay,2024-07-08
P01545,Aditya Gupta,68,Female,Nashik,Self Pay,2025-11-12
P01546,Aditya Sharma,38,Male,Amravati,Self Pay,2025-01-18
P01547,Priya Verma,8,Female,Wardha,Self Pay,2024-11-17
P01548,Vivaan Joshi,27,Male,Wardha,Self Pay,2025-03-14
P01549,Vivaan Patil,52,Male,Bhandara,Government Scheme,2024-04-09
P01550,Diya Khan,50,Male,Nashik,Government Scheme,2024-04-07
P01551,Pooja Gupta,12,Male,Pune,Corporate Insurance,2024-04-22
P01552,Sneha Patil,28,Female,Pune,Government Scheme,2025-09-25
P01553,Aditya Verma,31,Male,Nagpur,Self Pay,2025-06-28
P01554,Priya Deshmukh,35,Female,Wardha,Private Insurance,2025-12-01
P01555,Aarav Pawar,16,Male,Pune,Government Scheme,2025-08-16
P01556,Ananya Shah,30,Female,Jabalpur,Private Insurance,2024-03-28
P01557,Ananya Rao,28,Male,Bhandara,Self Pay,2024-04-30
P01558,Aditya Singh,57,Male,Wardha,Private Insurance,2025-08-24
P01559,Pooja Jain,57,Male,Nashik,Private Insurance,2025-02-03
P01560,Vivaan Gupta,39,Female,Jabalpur,Private Insurance,2025-03-24
P01561,Aditi Jain,35,Male,Amravati,Self Pay,2024-06-19
P01562,Nisha Jain,45,Male,Nagpur,Corporate Insurance,2025-01-01
P01563,Vivaan Rao,26,Female,Pune,Private Insurance,2025-10-20
P01564,Kavya Singh,20,Female,Akola,Private Insurance,2024-12-23
P01565,Aarav Reddy,24,Female,Nagpur,Self Pay,2025-05-17
P01566,Riya Reddy,30,Female,Nagpur,Government Scheme,2025-07-01
P01567,Rahul Reddy,20,Male,Bhandara,Private Insurance,2025-11-06
P01568,Aarav Pawar,45,Female,Nashik,Self Pay,2024-06-01
P01569,Pooja Joshi,56,Male,Pune,Corporate Insurance,2025-10-26
P01570,Aditi Pawar,12,Male,Nagpur,Private Insurance,2025-03-20
P01571,Arjun Reddy,42,Male,Nagpur,Government Scheme,2025-08-31
P01572,Aditya Rao,38,Male,Nashik,Private Insurance,2024-07-09
P01573,Aditi Rao,48,Male,Nagpur,Corporate Insurance,2024-03-27
P01574,Karan Shah,42,Male,Wardha,Self Pay,2024-03-03
P01575,Pooja Mehta,14,Female,Bhandara,Government Scheme,2024-10-06
P01576,Rohan Kulkarni,18,Male,Nagpur,Corporate Insurance,2025-02-07
P01577,Vikram Khan,43,Male,Pune,Private Insurance,2024-07-29
P01578,Pooja Shah,62,Female,Nagpur,Self Pay,2024-07-15
P01579,Riya Verma,1,Male,Nashik,Self Pay,2025-08-18
P01580,Pooja Shah,49,Other,Chandrapur,Self Pay,2025-06-26
P01581,Aditya Verma,65,Female,Wardha,Self Pay,2025-04-08
P01582,Kavya Shah,39,Male,Mumbai,Private Insurance,2025-04-19
P01583,Pooja Khan,52,Male,Nagpur,Private Insurance,2025-09-09
P01584,Ananya Joshi,29,Female,Pune,Private Insurance,2024-06-12
P01585,Sneha Khan,40,Female,Nagpur,Corporate Insurance,2025-11-16
P01586,Karan Patil,11,Female,Jabalpur,Government Scheme,2025-09-20
P01587,Vikram Sharma,1,Male,Nagpur,Government Scheme,2024-09-08
P01588,Pooja Joshi,60,Female,Bhandara,Private Insurance,2024-09-10
P01589,Vikram Joshi,23,Male,Nagpur,Government Scheme,2024-05-14
P01590,Nisha Mehta,33,Male,Amravati,Government Scheme,2025-06-01
P01591,Nisha Jain,16,Male,Nagpur,Government Scheme,2024-08-09
P01592,Aditya Singh,15,Female,Nagpur,Private Insurance,2024-07-14
P01593,Diya Khan,39,Female,Nagpur,Private Insurance,2025-05-05
P01594,Neha Singh,28,Female,Nagpur,Private Insurance,2024-05-23
P01595,Priya Mehta,49,Female,Akola,Corporate Insurance,2024-03-23
P01596,Riya Pawar,51,Female,Wardha,Government Scheme,2025-09-19
P01597,Aarav Sharma,48,Female,Nagpur,Government Scheme,2024-01-29
P01598,Aarav Mehta,47,Female,Mumbai,Corporate Insurance,2025-11-01
P01599,Diya Kulkarni,72,Male,Akola,Government Scheme,2025-05-14
P01600,Rahul Reddy,22,Female,Nagpur,Government Scheme,2024-09-13
P01601,Rohan Reddy,41,Female,Amravati,Government Scheme,2025-02-15
P01602,Neha Gupta,64,Male,Wardha,Private Insurance,2024-08-17
P01603,Neha Reddy,66,Male,Bhandara,Private Insurance,2024-10-25
P01604,Vivaan Sharma,15,Male,Pune,Corporate Insurance,2025-05-27
P01605,Arjun Singh,36,Male,Bhandara,Government Scheme,2025-10-25
P01606,Isha Khan,68,Female,Jabalpur,Private Insurance,2024-06-14
P01607,Ananya Mehta,52,Male,Nashik,Self Pay,2025-01-24
P01608,Diya Kulkarni,46,Male,Jabalpur,Private Insurance,2025-09-22
P01609,Diya Joshi,38,Male,Bhandara,Government Scheme,2024-01-11
P01610,Aditi Sharma,35,Male,Akola,Self Pay,2024-01-07
P01611,Aarav Kulkarni,47,Female,Nashik,Private Insurance,2025-03-24
P01612,Neha Shah,37,Female,Nashik,Private Insurance,2024-04-13
P01613,Pooja Gupta,41,Male,Nagpur,Government Scheme,2025-12-25
P01614,Rohan Singh,43,Male,Nagpur,Self Pay,2024-03-29
P01615,Rohan Kulkarni,29,Female,Nagpur,Corporate Insurance,2025-06-23
P01616,Priya Patil,52,Female,Nagpur,Self Pay,2024-08-20
P01617,Rohan Sharma,90,Female,Mumbai,Private Insurance,2025-11-05
P01618,Rohan Reddy,8,Female,Nashik,Private Insurance,2025-09-24
P01619,Aarav Jain,48,Female,Nagpur,Government Scheme,2025-08-05
P01620,Arjun Shah,28,Male,Amravati,Self Pay,2025-04-12
P01621,Aarav Kulkarni,53,Female,Nagpur,Private Insurance,2024-06-06
P01622,Nisha Patil,43,Female,Pune,Private Insurance,2024-03-19
P01623,Karan Joshi,56,Female,Mumbai,Private Insurance,2024-07-10
P01624,Sneha Mehta,64,Male,Nagpur,Private Insurance,2024-02-27
P01625,Rahul Patil,46,Male,Amravati,Self Pay,2025-07-27
P01626,Riya Patil,64,Male,Jabalpur,Corporate Insurance,2024-07-29
P01627,Riya Pawar,1,Male,Chandrapur,Private Insurance,2024-11-17
P01628,Pooja Mehta,72,Other,Mumbai,Government Scheme,2025-03-28
P01629,Neha Gupta,49,Male,Amravati,Private Insurance,2025-05-27
P01630,Karan Singh,62,Male,Nagpur,Private Insurance,2025-03-09
P01631,Isha Reddy,19,Female,Akola,Private Insurance,2025-06-21
P01632,Pooja Reddy,26,Male,Nagpur,Private Insurance,2024-03-24
P01633,Vikram Kulkarni,45,Female,Pune,Private Insurance,2024-07-23
P01634,Riya Verma,42,Male,Nashik,Self Pay,2025-07-09
P01635,Kavya Pawar,47,Female,Nagpur,Government Scheme,2025-06-08
P01636,Ananya Reddy,63,Female,Wardha,Government Scheme,2025-04-06
P01637,Rahul Khan,8,Female,Pune,Government Scheme,2025-11-17
P01638,Vikram Rao,61,Male,Mumbai,Private Insurance,2025-12-18
P01639,Isha Pawar,42,Male,Amravati,Private Insurance,2024-03-02
P01640,Karan Sharma,38,Female,Pune,Private Insurance,2025-02-07
P01641,Aditi Shah,14,Male,Nagpur,Private Insurance,2025-10-19
P01642,Neha Reddy,52,Female,Mumbai,Private Insurance,2024-08-26
P01643,Vikram Sharma,1,Male,Akola,Corporate Insurance,2024-02-12
P01644,Pooja Singh,54,Female,Nagpur,Corporate Insurance,2024-03-28
P01645,Priya Gupta,14,Female,Nashik,Self Pay,2025-06-11
P01646,Nisha Shah,43,Male,Nashik,Government Scheme,2025-11-01
P01647,Aarav Pawar,40,Male,Nashik,Self Pay,2025-05-31
P01648,Pooja Shah,64,Male,Amravati,Government Scheme,2024-01-28
P01649,Diya Reddy,39,Male,Nashik,Government Scheme,2024-10-28
P01650,Meera Verma,29,Male,Pune,Private Insurance,2024-09-11
P01651,Vikram Jain,32,Female,Amravati,Corporate Insurance,2025-10-27
P01652,Sneha Patil,66,Female,Nagpur,Self Pay,2025-01-22
P01653,Pooja Verma,52,Male,Mumbai,Private Insurance,2024-06-20
P01654,Aditya Deshmukh,35,Female,Chandrapur,Government Scheme,2025-02-19
P01655,Riya Joshi,38,Male,Wardha,Self Pay,2025-06-30
P01656,Isha Pawar,12,Female,Mumbai,Corporate Insurance,2025-03-01
P01657,Diya Gupta,49,Female,Nagpur,Private Insurance,2024-10-31
P01658,Aarav Sharma,9,Female,Pune,Government Scheme,2025-06-07
P01659,Diya Mehta,56,Male,Wardha,Private Insurance,2024-08-10
P01660,Kavya Khan,44,Male,Nagpur,Private Insurance,2024-04-03
P01661,Rahul Rao,87,Female,Jabalpur,Private Insurance,2025-09-21
P01662,Vikram Mehta,21,Female,Nashik,Private Insurance,2025-06-09
P01663,Aditya Pawar,40,Female,Nagpur,Government Scheme,2025-06-17
P01664,Rohan Shah,76,Female,Mumbai,Government Scheme,2025-10-11
P01665,Pooja Rao,65,Female,Mumbai,Self Pay,2025-06-04
P01666,Vivaan Shah,29,Male,Pune,Government Scheme,2024-01-23
P01667,Vivaan Pawar,46,Female,Nagpur,Private Insurance,2025-09-07
P01668,Aditi Gupta,42,Female,Nagpur,Government Scheme,2024-01-27
P01669,Vikram Verma,47,Female,Nashik,Self Pay,2025-05-20
P01670,Kavya Mehta,29,Female,Mumbai,Government Scheme,2025-12-24
P01671,Kavya Joshi,40,Female,Nagpur,Government Scheme,2024-10-21
P01672,Rohan Deshmukh,12,Male,Wardha,Private Insurance,2024-08-15
P01673,Arjun Khan,45,Male,Nagpur,Private Insurance,2025-11-08
P01674,Isha Mehta,51,Male,Wardha,Corporate Insurance,2024-11-28
P01675,Neha Reddy,38,Female,Chandrapur,Private Insurance,2025-11-04
P01676,Vivaan Khan,11,Male,Nagpur,Private Insurance,2024-08-14
P01677,Aditya Gupta,61,Male,Chandrapur,Private Insurance,2024-05-14
P01678,Diya Kulkarni,49,Male,Chandrapur,Government Scheme,2025-02-10
P01679,Rohan Deshmukh,28,Male,Wardha,Self Pay,2024-09-28
P01680,Aditya Joshi,37,Female,Mumbai,Self Pay,2025-06-03
P01681,Neha Reddy,13,Other,Nagpur,Corporate Insurance,2024-08-05
P01682,Karan Mehta,23,Male,Nagpur,Private Insurance,2025-07-08
P01683,Kavya Verma,32,Male,Wardha,Private Insurance,2024-09-15
P01684,Arjun Gupta,65,Male,Bhandara,Corporate Insurance,2024-09-16
P01685,Aditya Rao,30,Other,Nagpur,Government Scheme,2025-06-02
P01686,Kavya Gupta,54,Female,Jabalpur,Self Pay,2024-07-09
P01687,Isha Verma,32,Male,Nagpur,Government Scheme,2024-07-27
P01688,Aarav Joshi,47,Male,Nagpur,Private Insurance,2025-02-03
P01689,Aarav Shah,39,Male,Pune,Corporate Insurance,2024-08-29
P01690,Ananya Gupta,59,Male,Mumbai,Private Insurance,2024-10-07
P01691,Neha Jain,32,Female,Bhandara,Government Scheme,2024-09-04
P01692,Meera Gupta,12,Female,Nagpur,Private Insurance,2025-03-30
P01693,Karan Shah,16,Female,Amravati,Government Scheme,2024-09-01
P01694,Sneha Verma,32,Male,Nagpur,Government Scheme,2025-03-22
P01695,Sneha Verma,18,Male,Wardha,Private Insurance,2024-06-19
P01696,Isha Joshi,50,Male,Akola,Corporate Insurance,2025-10-14
P01697,Vivaan Kulkarni,33,Male,Amravati,Private Insurance,2025-11-25
P01698,Sneha Shah,87,Male,Bhandara,Government Scheme,2024-01-03
P01699,Pooja Sharma,9,Female,Nashik,Private Insurance,2024-03-17
P01700,Aarav Reddy,46,Male,Nagpur,Self Pay,2024-03-15
P01701,Meera Gupta,21,Male,Nagpur,Government Scheme,2024-05-13
P01702,Priya Jain,33,Male,Pune,Government Scheme,2025-07-28
P01703,Riya Reddy,45,Male,Nagpur,Self Pay,2024-06-29
P01704,Vikram Sharma,1,Other,Nagpur,Self Pay,2025-03-01
P01705,Ananya Patil,46,Female,Nagpur,Corporate Insurance,2024-07-02
P01706,Isha Deshmukh,78,Male,Bhandara,Corporate Insurance,2024-02-15
P01707,Neha Reddy,33,Male,Chandrapur,Private Insurance,2024-03-02
P01708,Rohan Pawar,47,Female,Bhandara,Self Pay,2025-11-19
P01709,Aditi Verma,61,Female,Amravati,Private Insurance,2025-02-11
P01710,Pooja Sharma,39,Female,Bhandara,Private Insurance,2025-04-19
P01711,Priya Sharma,31,Female,Nagpur,Government Scheme,2024-05-17
P01712,Vivaan Pawar,1,Male,Pune,Government Scheme,2024-12-20
P01713,Riya Khan,54,Female,Jabalpur,Government Scheme,2025-04-25
P01714,Ananya Gupta,40,Female,Bhandara,Government Scheme,2025-07-23
P01715,Diya Verma,23,Male,Amravati,Government Scheme,2025-04-24
P01716,Aarav Mehta,44,Female,Pune,Corporate Insurance,2025-03-11
P01717,Isha Mehta,31,Male,Nagpur,Private Insurance,2025-03-31
P01718,Meera Gupta,32,Female,Nagpur,Private Insurance,2024-09-29
P01719,Vivaan Jain,54,Female,Mumbai,Private Insurance,2025-05-25
P01720,Priya Reddy,17,Other,Nagpur,Private Insurance,2024-08-04
P01721,Rohan Gupta,62,Male,Nagpur,Corporate Insurance,2025-06-09
P01722,Rohan Deshmukh,15,Male,Bhandara,Private Insurance,2024-11-27
P01723,Riya Gupta,29,Male,Bhandara,Private Insurance,2025-02-25
P01724,Aarav Sharma,79,Female,Chandrapur,Government Scheme,2024-12-12
P01725,Karan Sharma,63,Male,Nagpur,Private Insurance,2025-02-18
P01726,Riya Mehta,44,Female,Nashik,Government Scheme,2025-06-03
P01727,Nisha Mehta,24,Female,Nagpur,Corporate Insurance,2024-07-24
P01728,Aarav Singh,32,Female,Jabalpur,Self Pay,2024-12-11
P01729,Riya Mehta,43,Male,Nagpur,Government Scheme,2024-10-21
P01730,Diya Rao,43,Female,Nagpur,Self Pay,2024-01-14
P01731,Arjun Khan,40,Female,Bhandara,Corporate Insurance,2025-09-14
P01732,Rahul Reddy,41,Female,Nagpur,Private Insurance,2025-05-14
P01733,Riya Reddy,38,Male,Chandrapur,Self Pay,2024-02-02
P01734,Vivaan Verma,15,Female,Nagpur,Government Scheme,2024-02-20
P01735,Vikram Rao,32,Male,Amravati,Self Pay,2025-11-07
P01736,Neha Rao,59,Female,Nagpur,Private Insurance,2025-09-09
P01737,Riya Verma,16,Male,Amravati,Self Pay,2025-06-16
P01738,Arjun Singh,38,Female,Nagpur,Self Pay,2025-06-01
P01739,Pooja Joshi,26,Male,Nagpur,Self Pay,2025-09-06
P01740,Neha Gupta,44,Female,Nagpur,Private Insurance,2025-03-12
P01741,Pooja Singh,35,Female,Pune,Private Insurance,2024-01-05
P01742,Neha Sharma,70,Female,Nashik,Self Pay,2024-11-27
P01743,Kavya Singh,52,Female,Nagpur,Government Scheme,2024-08-29
P01744,Rohan Kulkarni,17,Female,Nagpur,Corporate Insurance,2024-05-05
P01745,Rahul Patil,55,Female,Nagpur,Government Scheme,2025-09-19
P01746,Diya Khan,27,Male,Nagpur,Private Insurance,2025-04-23
P01747,Pooja Rao,31,Male,Wardha,Self Pay,2025-10-20
P01748,Priya Sharma,48,Female,Amravati,Self Pay,2024-03-20
P01749,Vikram Shah,33,Female,Jabalpur,Government Scheme,2025-12-13
P01750,Aditi Patil,59,Female,Pune,Self Pay,2025-03-17
P01751,Riya Joshi,27,Female,Nagpur,Private Insurance,2025-02-18
P01752,Neha Kulkarni,30,Female,Nagpur,Private Insurance,2024-05-13
P01753,Aditi Verma,30,Female,Nagpur,Private Insurance,2025-03-31
P01754,Diya Singh,31,Female,Nagpur,Private Insurance,2025-03-11
P01755,Arjun Joshi,63,Male,Bhandara,Self Pay,2025-05-27
P01756,Pooja Jain,54,Male,Nagpur,Private Insurance,2024-04-20
P01757,Neha Deshmukh,74,Male,Nagpur,Corporate Insurance,2025-04-09
P01758,Rohan Reddy,85,Female,Nagpur,Private Insurance,2024-03-09
P01759,Nisha Shah,22,Male,Akola,Self Pay,2024-02-21
P01760,Meera Sharma,43,Female,Nagpur,Government Scheme,2024-12-09
P01761,Neha Patil,20,Female,Jabalpur,Private Insurance,2024-03-27
P01762,Vivaan Kulkarni,27,Male,Amravati,Government Scheme,2025-06-02
P01763,Kavya Reddy,30,Female,Nagpur,Corporate Insurance,2024-12-18
P01764,Ananya Kulkarni,22,Female,Wardha,Corporate Insurance,2024-06-23
P01765,Isha Shah,22,Male,Wardha,Private Insurance,2024-07-17
P01766,Sneha Jain,39,Male,Amravati,Government Scheme,2024-12-29
P01767,Diya Joshi,19,Male,Wardha,Private Insurance,2025-03-12
P01768,Kavya Khan,58,Female,Nagpur,Government Scheme,2025-08-06
P01769,Ananya Joshi,25,Female,Nagpur,Private Insurance,2025-02-22
P01770,Ananya Mehta,90,Other,Nagpur,Corporate Insurance,2025-02-05
P01771,Karan Reddy,33,Female,Akola,Government Scheme,2025-03-18
P01772,Rohan Deshmukh,43,Female,Chandrapur,Private Insurance,2025-03-11
P01773,Vivaan Deshmukh,17,Female,Akola,Corporate Insurance,2024-09-11
P01774,Rahul Khan,74,Male,Jabalpur,Self Pay,2024-06-09
P01775,Isha Singh,63,Male,Wardha,Private Insurance,2025-01-18
P01776,Vivaan Singh,48,Female,Mumbai,Self Pay,2024-03-31
P01777,Priya Kulkarni,16,Male,Wardha,Government Scheme,2024-06-25
P01778,Priya Patil,46,Female,Wardha,Government Scheme,2024-04-18
P01779,Diya Khan,21,Male,Chandrapur,Private Insurance,2024-12-23
P01780,Aditya Deshmukh,70,Female,Nagpur,Private Insurance,2025-12-11
P01781,Sneha Pawar,57,Female,Nagpur,Private Insurance,2025-09-30
P01782,Rohan Gupta,44,Female,Wardha,Self Pay,2024-03-04
P01783,Riya Verma,1,Other,Nagpur,Private Insurance,2025-08-22
P01784,Vikram Mehta,23,Male,Nagpur,Government Scheme,2024-04-20
P01785,Rohan Shah,55,Male,Pune,Corporate Insurance,2025-10-26
P01786,Karan Kulkarni,65,Female,Wardha,Corporate Insurance,2024-05-30
P01787,Rahul Reddy,63,Female,Nagpur,Self Pay,2024-04-01
P01788,Aditya Pawar,12,Female,Nagpur,Self Pay,2025-07-29
P01789,Priya Mehta,48,Female,Mumbai,Corporate Insurance,2025-08-31
P01790,Vivaan Mehta,61,Female,Jabalpur,Self Pay,2024-10-17
P01791,Rohan Khan,10,Male,Chandrapur,Government Scheme,2025-02-03
P01792,Vivaan Deshmukh,42,Male,Nagpur,Private Insurance,2025-07-31
P01793,Isha Patil,47,Male,Amravati,Private Insurance,2025-09-14
P01794,Ananya Shah,36,Female,Nagpur,Government Scheme,2024-11-01
P01795,Diya Sharma,7,Female,Pune,Private Insurance,2025-07-26
P01796,Sneha Verma,36,Male,Bhandara,Private Insurance,2025-08-03
P01797,Sneha Joshi,36,Female,Nashik,Private Insurance,2025-08-01
P01798,Rohan Sharma,39,Male,Amravati,Government Scheme,2025-10-15
P01799,Riya Gupta,31,Male,Mumbai,Private Insurance,2025-09-02
P01800,Aditya Joshi,34,Female,Amravati,Private Insurance,2024-11-22
P01801,Aditya Patil,41,Female,Amravati,Government Scheme,2024-08-17
P01802,Vivaan Khan,50,Male,Wardha,Private Insurance,2025-12-21
P01803,Meera Reddy,36,Male,Chandrapur,Government Scheme,2024-11-21
P01804,Aditi Singh,34,Male,Mumbai,Private Insurance,2025-11-12
P01805,Isha Reddy,44,Male,Wardha,Self Pay,2025-12-28
P01806,Nisha Deshmukh,6,Male,Mumbai,Corporate Insurance,2024-01-12
P01807,Meera Jain,51,Female,Amravati,Private Insurance,2024-04-12
P01808,Riya Shah,42,Male,Nagpur,Self Pay,2025-02-15
P01809,Priya Kulkarni,43,Male,Nagpur,Corporate Insurance,2024-03-05
P01810,Priya Singh,60,Female,Nagpur,Corporate Insurance,2025-04-24
P01811,Meera Jain,5,Female,Pune,Self Pay,2024-01-09
P01812,Vivaan Sharma,4,Male,Nagpur,Government Scheme,2025-09-07
P01813,Kavya Gupta,47,Male,Nagpur,Private Insurance,2024-11-08
P01814,Vikram Jain,42,Female,Nagpur,Private Insurance,2025-05-06
P01815,Isha Pawar,45,Male,Nashik,Private Insurance,2024-12-05
P01816,Nisha Gupta,33,Male,Mumbai,Government Scheme,2025-05-17
P01817,Rahul Sharma,55,Male,Pune,Corporate Insurance,2025-05-11
P01818,Nisha Sharma,60,Female,Nagpur,Private Insurance,2024-07-30
P01819,Ananya Shah,51,Female,Wardha,Government Scheme,2025-08-07
P01820,Nisha Kulkarni,37,Female,Nagpur,Corporate Insurance,2025-08-21
P01821,Aarav Joshi,2,Male,Mumbai,Private Insurance,2024-08-22
P01822,Isha Jain,57,Male,Nagpur,Private Insurance,2024-02-16
P01823,Vivaan Khan,65,Female,Jabalpur,Private Insurance,2024-11-23
P01824,Arjun Deshmukh,54,Male,Pune,Private Insurance,2025-04-24
P01825,Aditya Deshmukh,25,Female,Akola,Government Scheme,2025-07-22
P01826,Priya Mehta,55,Male,Nashik,Government Scheme,2024-05-27
P01827,Vivaan Reddy,58,Female,Nagpur,Government Scheme,2024-12-16
P01828,Rohan Rao,72,Male,Nagpur,Private Insurance,2025-07-12
P01829,Kavya Khan,25,Male,Amravati,Self Pay,2025-01-18
P01830,Diya Reddy,38,Male,Nagpur,Private Insurance,2025-07-30
P01831,Diya Deshmukh,56,Female,Nashik,Government Scheme,2025-05-07
P01832,Karan Deshmukh,43,Female,Wardha,Private Insurance,2024-05-07
P01833,Rahul Sharma,21,Female,Mumbai,Self Pay,2024-06-02
P01834,Diya Pawar,50,Male,Mumbai,Government Scheme,2025-08-02
P01835,Isha Joshi,53,Female,Nagpur,Private Insurance,2025-05-28
P01836,Rahul Pawar,44,Male,Nagpur,Government Scheme,2025-09-03
P01837,Karan Sharma,46,Male,Amravati,Government Scheme,2024-08-02
P01838,Sneha Kulkarni,37,Female,Nagpur,Self Pay,2024-02-08
P01839,Arjun Reddy,70,Female,Akola,Corporate Insurance,2024-06-22
P01840,Rahul Khan,25,Female,Nashik,Private Insurance,2024-11-09
P01841,Aarav Gupta,31,Male,Nashik,Government Scheme,2024-03-29
P01842,Rohan Patil,42,Other,Wardha,Private Insurance,2024-05-20
P01843,Ananya Joshi,59,Female,Pune,Self Pay,2024-04-15
P01844,Rahul Kulkarni,14,Other,Chandrapur,Private Insurance,2024-04-02
P01845,Riya Joshi,17,Female,Jabalpur,Government Scheme,2024-10-06
P01846,Arjun Jain,3,Female,Pune,Corporate Insurance,2025-08-09
P01847,Ananya Rao,43,Male,Nashik,Private Insurance,2024-10-03
P01848,Sneha Deshmukh,21,Male,Nagpur,Self Pay,2024-08-02
P01849,Pooja Sharma,35,Female,Pune,Private Insurance,2025-02-04
P01850,Diya Patil,55,Male,Nagpur,Corporate Insurance,2025-04-15
P01851,Pooja Mehta,30,Male,Amravati,Self Pay,2024-09-11
P01852,Nisha Sharma,46,Male,Wardha,Private Insurance,2024-01-03
P01853,Kavya Jain,36,Male,Nagpur,Private Insurance,2024-08-05
P01854,Riya Shah,55,Female,Nagpur,Government Scheme,2024-02-28
P01855,Neha Shah,51,Female,Nagpur,Self Pay,2024-04-15
P01856,Neha Khan,29,Male,Pune,Private Insurance,2025-03-21
P01857,Rahul Verma,39,Male,Chandrapur,Corporate Insurance,2024-05-10
P01858,Aditi Mehta,62,Female,Jabalpur,Self Pay,2024-09-27
P01859,Vivaan Patil,49,Female,Pune,Corporate Insurance,2024-10-13
P01860,Pooja Khan,15,Female,Amravati,Private Insurance,2025-10-04
P01861,Rohan Reddy,54,Male,Pune,Government Scheme,2024-04-22
P01862,Aarav Deshmukh,21,Female,Bhandara,Private Insurance,2024-03-01
P01863,Meera Pawar,69,Female,Nagpur,Private Insurance,2025-01-25
P01864,Rohan Singh,61,Female,Jabalpur,Private Insurance,2025-03-31
P01865,Kavya Patil,48,Male,Mumbai,Private Insurance,2025-01-01
P01866,Pooja Pawar,45,Male,Nagpur,Self Pay,2025-05-28
P01867,Nisha Joshi,38,Female,Pune,Private Insurance,2025-09-22
P01868,Neha Jain,55,Female,Nagpur,Private Insurance,2025-03-22
P01869,Vikram Pawar,35,Female,Mumbai,Government Scheme,2025-01-27
P01870,Sneha Shah,46,Male,Chandrapur,Self Pay,2025-05-11
P01871,Neha Jain,59,Male,Nagpur,Self Pay,2024-06-05
P01872,Rohan Khan,31,Male,Pune,Government Scheme,2024-07-01
P01873,Meera Joshi,30,Male,Wardha,Private Insurance,2024-09-27
P01874,Kavya Sharma,19,Female,Nagpur,Government Scheme,2025-07-14
P01875,Priya Joshi,22,Female,Pune,Government Scheme,2025-09-13
P01876,Sneha Reddy,7,Female,Pune,Private Insurance,2025-02-08
P01877,Neha Gupta,56,Female,Wardha,Private Insurance,2025-03-28
P01878,Priya Joshi,76,Female,Nashik,Corporate Insurance,2025-07-29
P01879,Vivaan Gupta,69,Male,Nagpur,Private Insurance,2024-06-25
P01880,Priya Gupta,11,Female,Nagpur,Private Insurance,2024-03-29
P01881,Aditya Shah,56,Male,Akola,Private Insurance,2025-06-28
P01882,Riya Shah,69,Female,Nagpur,Corporate Insurance,2024-04-02
P01883,Diya Verma,33,Female,Wardha,Government Scheme,2024-04-25
P01884,Diya Verma,44,Male,Mumbai,Corporate Insurance,2024-10-15
P01885,Aditi Jain,4,Female,Pune,Self Pay,2025-07-27
P01886,Sneha Singh,47,Female,Bhandara,Self Pay,2024-10-11
P01887,Karan Khan,22,Female,Bhandara,Private Insurance,2024-03-27
P01888,Aditi Deshmukh,46,Male,Mumbai,Private Insurance,2024-04-03
P01889,Riya Rao,12,Female,Mumbai,Self Pay,2024-07-03
P01890,Vivaan Patil,52,Male,Nagpur,Corporate Insurance,2024-02-29
P01891,Diya Khan,61,Other,Wardha,Corporate Insurance,2024-08-27
P01892,Isha Jain,27,Male,Nagpur,Corporate Insurance,2024-02-28
P01893,Kavya Verma,20,Female,Nagpur,Government Scheme,2025-09-09
P01894,Isha Patil,1,Male,Nagpur,Government Scheme,2024-02-08
P01895,Aditya Jain,37,Female,Chandrapur,Government Scheme,2024-05-24
P01896,Riya Pawar,31,Male,Pune,Government Scheme,2024-01-25
P01897,Sneha Rao,13,Male,Mumbai,Private Insurance,2024-07-31
P01898,Vivaan Khan,51,Female,Amravati,Private Insurance,2025-08-12
P01899,Priya Reddy,33,Female,Amravati,Private Insurance,2025-02-25
P01900,Karan Singh,22,Male,Nagpur,Private Insurance,2025-11-13
P01901,Kavya Kulkarni,31,Male,Nagpur,Private Insurance,2025-03-26
P01902,Rahul Rao,62,Male,Nagpur,Self Pay,2024-11-06
P01903,Arjun Mehta,53,Female,Jabalpur,Government Scheme,2025-11-30
P01904,Kavya Sharma,40,Male,Nagpur,Government Scheme,2024-05-16
P01905,Vikram Pawar,54,Male,Nashik,Self Pay,2024-03-23
P01906,Aditya Deshmukh,20,Male,Nagpur,Government Scheme,2024-08-27
P01907,Karan Rao,43,Female,Bhandara,Government Scheme,2025-11-09
P01908,Ananya Khan,45,Male,Mumbai,Government Scheme,2025-08-20
P01909,Priya Shah,33,Male,Mumbai,Private Insurance,2025-01-27
P01910,Vivaan Rao,50,Female,Nagpur,Government Scheme,2025-11-09
P01911,Isha Gupta,27,Female,Mumbai,Self Pay,2025-04-16
P01912,Ananya Shah,52,Female,Nagpur,Private Insurance,2024-06-23
P01913,Aditi Gupta,52,Female,Pune,Corporate Insurance,2024-01-05
P01914,Aditi Patil,1,Male,Nagpur,Private Insurance,2024-01-23
P01915,Rohan Deshmukh,65,Female,Bhandara,Government Scheme,2025-09-11
P01916,Nisha Pawar,1,Male,Nashik,Corporate Insurance,2024-08-13
P01917,Diya Patil,30,Female,Pune,Self Pay,2024-11-04
P01918,Arjun Reddy,61,Male,Pune,Government Scheme,2024-10-08
P01919,Aditi Verma,36,Male,Nagpur,Government Scheme,2024-03-05
P01920,Sneha Verma,14,Male,Pune,Private Insurance,2024-01-03
P01921,Aditi Deshmukh,21,Male,Nagpur,Self Pay,2025-06-14
P01922,Vivaan Gupta,62,Female,Nagpur,Government Scheme,2025-05-12
P01923,Arjun Khan,5,Male,Nagpur,Private Insurance,2024-06-13
P01924,Nisha Rao,63,Male,Nagpur,Private Insurance,2024-03-31
P01925,Aditi Deshmukh,41,Female,Nagpur,Corporate Insurance,2025-01-11
P01926,Vivaan Deshmukh,19,Other,Akola,Private Insurance,2024-02-29
P01927,Pooja Deshmukh,31,Female,Nagpur,Corporate Insurance,2024-07-30
P01928,Neha Pawar,23,Male,Bhandara,Private Insurance,2025-06-08
P01929,Pooja Patil,58,Female,Nagpur,Private Insurance,2024-05-06
P01930,Ananya Patil,56,Male,Akola,Government Scheme,2025-07-16
P01931,Aarav Jain,9,Female,Nagpur,Government Scheme,2025-10-07
P01932,Meera Jain,34,Female,Nagpur,Government Scheme,2024-05-14
P01933,Vivaan Verma,26,Female,Chandrapur,Private Insurance,2025-04-30
P01934,Aditya Pawar,67,Other,Mumbai,Government Scheme,2025-07-14
P01935,Meera Jain,16,Female,Jabalpur,Self Pay,2025-01-14
P01936,Vivaan Sharma,72,Male,Amravati,Private Insurance,2024-08-05
P01937,Riya Singh,41,Male,Jabalpur,Government Scheme,2025-12-18
P01938,Aditya Verma,20,Male,Chandrapur,Private Insurance,2024-08-12
P01939,Ananya Shah,29,Female,Mumbai,Private Insurance,2024-06-29
P01940,Sneha Gupta,27,Male,Nagpur,Private Insurance,2024-03-30
P01941,Meera Khan,18,Male,Nagpur,Private Insurance,2025-10-23
P01942,Aditya Kulkarni,44,Female,Nagpur,Self Pay,2024-06-14
P01943,Rahul Jain,19,Female,Pune,Corporate Insurance,2024-04-07
P01944,Aditya Verma,1,Male,Nagpur,Private Insurance,2024-01-29
P01945,Priya Pawar,35,Female,Nagpur,Private Insurance,2024-07-31
P01946,Aarav Reddy,8,Female,Bhandara,Corporate Insurance,2025-05-05
P01947,Vivaan Shah,28,Female,Jabalpur,Private Insurance,2025-05-14
P01948,Vivaan Pawar,25,Male,Bhandara,Private Insurance,2025-09-13
P01949,Vikram Khan,25,Male,Nashik,Self Pay,2025-05-02
P01950,Priya Reddy,80,Male,Nagpur,Private Insurance,2024-02-05
P01951,Aarav Singh,43,Male,Mumbai,Government Scheme,2025-09-07
P01952,Karan Singh,47,Female,Nagpur,Corporate Insurance,2024-07-05
P01953,Aditi Mehta,8,Female,Nagpur,Government Scheme,2025-11-29
P01954,Aditi Rao,30,Female,Wardha,Self Pay,2024-09-09
P01955,Pooja Reddy,46,Female,Nagpur,Private Insurance,2024-01-13
P01956,Neha Patil,23,Female,Akola,Private Insurance,2024-10-13
P01957,Riya Khan,59,Male,Akola,Corporate Insurance,2024-11-24
P01958,Riya Verma,19,Female,Nagpur,Corporate Insurance,2025-08-24
P01959,Meera Shah,37,Female,Nagpur,Self Pay,2025-02-07
P01960,Aarav Singh,31,Female,Nagpur,Private Insurance,2024-02-01
P01961,Karan Deshmukh,45,Female,Nagpur,Self Pay,2024-02-04
P01962,Rohan Khan,30,Female,Mumbai,Private Insurance,2025-03-24
P01963,Sneha Verma,37,Female,Chandrapur,Government Scheme,2024-03-02
P01964,Karan Mehta,38,Female,Nagpur,Self Pay,2025-01-23
P01965,Diya Gupta,28,Male,Nagpur,Government Scheme,2025-10-16
P01966,Riya Sharma,51,Male,Pune,Government Scheme,2025-09-04
P01967,Neha Pawar,47,Male,Pune,Self Pay,2025-04-06
P01968,Vikram Jain,40,Male,Mumbai,Corporate Insurance,2024-08-11
P01969,Rahul Singh,34,Male,Nagpur,Private Insurance,2025-01-11
P01970,Rahul Jain,57,Male,Bhandara,Private Insurance,2024-03-15
P01971,Ananya Mehta,38,Male,Nagpur,Government Scheme,2025-06-23
P01972,Meera Sharma,36,Male,Pune,Private Insurance,2024-04-05
P01973,Priya Sharma,44,Female,Amravati,Private Insurance,2024-02-07
P01974,Sneha Joshi,74,Female,Akola,Private Insurance,2025-04-05
P01975,Aditi Joshi,17,Female,Nagpur,Private Insurance,2025-02-22
P01976,Diya Pawar,57,Female,Nashik,Government Scheme,2025-02-02
P01977,Aditya Joshi,6,Male,Nagpur,Corporate Insurance,2024-12-13
P01978,Aditi Gupta,46,Female,Pune,Self Pay,2025-03-08
P01979,Pooja Shah,72,Male,Nagpur,Government Scheme,2024-11-17
P01980,Rohan Singh,51,Male,Pune,Private Insurance,2024-04-10
P01981,Aditya Rao,45,Male,Nagpur,Self Pay,2025-02-19
P01982,Neha Khan,31,Female,Akola,Government Scheme,2024-02-01
P01983,Aarav Joshi,43,Female,Nashik,Self Pay,2024-02-16
P01984,Vikram Gupta,37,Female,Amravati,Government Scheme,2025-02-17
P01985,Aditya Sharma,27,Other,Nagpur,Self Pay,2025-05-28
P01986,Meera Shah,36,Male,Amravati,Private Insurance,2024-02-29
P01987,Rohan Pawar,46,Male,Nagpur,Self Pay,2024-10-01
P01988,Aditi Rao,27,Male,Chandrapur,Self Pay,2025-11-09
P01989,Riya Verma,27,Male,Nagpur,Private Insurance,2025-07-24
P01990,Arjun Joshi,16,Male,Nagpur,Corporate Insurance,2025-08-09
P01991,Karan Sharma,49,Female,Nagpur,Private Insurance,2025-04-24
P01992,Karan Pawar,52,Female,Nagpur,Private Insurance,2024-05-11
P01993,Rohan Rao,46,Female,Nagpur,Self Pay,2024-10-09
P01994,Kavya Gupta,60,Male,Akola,Government Scheme,2025-03-12
P01995,Ananya Kulkarni,44,Male,Nagpur,Private Insurance,2025-05-01
P01996,Karan Sharma,49,Male,Mumbai,Private Insurance,2024-04-06
P01997,Vikram Pawar,48,Male,Nashik,Private Insurance,2025-12-09
P01998,Rahul Joshi,40,Male,Amravati,Private Insurance,2025-11-14
P01999,Isha Sharma,32,Female,Pune,Government Scheme,2024-01-27
P02000,Sneha Khan,84,Female,Chandrapur,Private Insurance,2025-03-06
P02001,Aditi Deshmukh,33,Male,Bhandara,Government Scheme,2024-04-14
P02002,Pooja Patil,29,Male,Nagpur,Government Scheme,2024-08-19
P02003,Pooja Joshi,50,Male,Akola,Self Pay,2025-10-09
P02004,Kavya Deshmukh,47,Female,Nagpur,Corporate Insurance,2025-05-11
P02005,Kavya Singh,15,Male,Bhandara,Private Insurance,2024-09-14
P02006,Aarav Verma,63,Male,Nagpur,Private Insurance,2024-01-02
P02007,Diya Khan,40,Male,Wardha,Private Insurance,2025-09-02
P02008,Sneha Pawar,21,Female,Chandrapur,Private Insurance,2024-07-29
P02009,Neha Gupta,65,Male,Nagpur,Government Scheme,2025-03-18
P02010,Karan Deshmukh,54,Male,Nagpur,Private Insurance,2024-06-19
P02011,Neha Khan,18,Male,Pune,Self Pay,2025-07-30
P02012,Nisha Kulkarni,76,Male,Nagpur,Corporate Insurance,2024-09-09
P02013,Priya Khan,55,Male,Nagpur,Private Insurance,2025-06-24
P02014,Riya Kulkarni,42,Male,Nagpur,Private Insurance,2024-03-03
P02015,Sneha Mehta,72,Male,Mumbai,Self Pay,2025-03-25
P02016,Meera Pawar,45,Female,Akola,Self Pay,2025-12-07
P02017,Neha Mehta,41,Female,Bhandara,Private Insurance,2024-12-11
P02018,Meera Pawar,29,Female,Pune,Government Scheme,2024-12-07
P02019,Rohan Rao,53,Male,Akola,Private Insurance,2025-05-16
P02020,Vivaan Mehta,51,Female,Pune,Government Scheme,2025-09-17
P02021,Vikram Joshi,42,Female,Chandrapur,Self Pay,2025-08-15
P02022,Rohan Khan,27,Male,Mumbai,Private Insurance,2024-02-13
P02023,Rahul Patil,44,Male,Chandrapur,Private Insurance,2024-08-04
P02024,Diya Reddy,41,Female,Nagpur,Government Scheme,2025-09-08
P02025,Riya Gupta,17,Female,Nagpur,Government Scheme,2025-12-12
P02026,Priya Kulkarni,14,Male,Nagpur,Corporate Insurance,2025-04-21
P02027,Vikram Sharma,53,Female,Wardha,Government Scheme,2024-01-04
P02028,Arjun Reddy,1,Female,Jabalpur,Self Pay,2025-05-10
P02029,Aditi Rao,46,Female,Nashik,Self Pay,2025-11-22
P02030,Aditi Kulkarni,33,Female,Nashik,Self Pay,2025-08-11
P02031,Vivaan Deshmukh,67,Male,Akola,Private Insurance,2025-06-12
P02032,Pooja Khan,33,Female,Mumbai,Private Insurance,2025-01-19
P02033,Aditi Verma,55,Male,Nashik,Government Scheme,2025-10-20
P02034,Vikram Rao,34,Female,Nagpur,Private Insurance,2025-04-07
P02035,Nisha Verma,44,Female,Wardha,Private Insurance,2025-01-08
P02036,Aditi Pawar,56,Female,Amravati,Private Insurance,2025-10-18
P02037,Aditi Sharma,33,Male,Nagpur,Corporate Insurance,2024-01-03
P02038,Meera Rao,61,Female,Nagpur,Self Pay,2024-04-01
P02039,Aditi Pawar,23,Female,Nagpur,Self Pay,2025-09-06
P02040,Aarav Rao,48,Female,Nagpur,Corporate Insurance,2024-02-10
P02041,Arjun Verma,60,Male,Nagpur,Self Pay,2025-10-17
P02042,Riya Kulkarni,55,Female,Mumbai,Government Scheme,2025-12-18
P02043,Rahul Sharma,78,Male,Amravati,Government Scheme,2024-07-09
P02044,Arjun Jain,27,Male,Pune,Self Pay,2025-10-05
P02045,Sneha Deshmukh,16,Male,Nagpur,Corporate Insurance,2025-02-03
P02046,Nisha Shah,23,Male,Jabalpur,Self Pay,2025-01-10
P02047,Neha Khan,55,Female,Nashik,Government Scheme,2025-11-04
P02048,Aditya Patil,51,Male,Mumbai,Self Pay,2025-07-23
P02049,Priya Jain,44,Male,Bhandara,Government Scheme,2025-10-11
P02050,Nisha Mehta,21,Female,Chandrapur,Private Insurance,2025-10-05
P02051,Meera Kulkarni,57,Male,Amravati,Private Insurance,2025-06-14
P02052,Ananya Singh,19,Female,Amravati,Private Insurance,2024-12-06
P02053,Aditi Patil,64,Male,Nashik,Private Insurance,2024-05-15
P02054,Diya Shah,90,Male,Nagpur,Self Pay,2024-03-12
P02055,Karan Mehta,49,Male,Nagpur,Private Insurance,2024-07-03
P02056,Isha Patil,53,Female,Mumbai,Corporate Insurance,2024-12-16
P02057,Neha Rao,33,Male,Nagpur,Private Insurance,2024-04-10
P02058,Arjun Kulkarni,8,Male,Nashik,Private Insurance,2024-09-13
P02059,Rohan Sharma,31,Female,Nagpur,Government Scheme,2025-08-03
P02060,Ananya Gupta,21,Male,Amravati,Private Insurance,2024-01-17
P02061,Nisha Kulkarni,15,Male,Nagpur,Private Insurance,2024-08-12
P02062,Priya Rao,75,Male,Wardha,Private Insurance,2025-12-01
P02063,Isha Khan,47,Other,Pune,Government Scheme,2024-08-24
P02064,Isha Pawar,49,Female,Mumbai,Private Insurance,2025-06-06
P02065,Rohan Rao,36,Female,Nagpur,Government Scheme,2025-03-20
P02066,Karan Verma,39,Female,Nagpur,Private Insurance,2025-07-27
P02067,Karan Gupta,60,Female,Pune,Private Insurance,2025-06-16
P02068,Vikram Jain,41,Female,Nagpur,Private Insurance,2025-03-11
P02069,Sneha Pawar,52,Male,Nagpur,Private Insurance,2025-12-10
P02070,Rahul Joshi,38,Female,Wardha,Self Pay,2024-07-15
P02071,Neha Jain,35,Male,Pune,Government Scheme,2024-07-23
P02072,Ananya Verma,15,Female,Nagpur,Government Scheme,2025-03-02
P02073,Diya Pawar,4,Female,Nagpur,Corporate Insurance,2025-06-05
P02074,Vivaan Mehta,37,Male,Jabalpur,Private Insurance,2025-05-11
P02075,Sneha Verma,43,Male,Mumbai,Corporate Insurance,2025-11-29
P02076,Kavya Jain,18,Female,Chandrapur,Self Pay,2025-03-12
P02077,Isha Mehta,41,Male,Akola,Self Pay,2025-07-10
P02078,Rohan Verma,43,Male,Mumbai,Corporate Insurance,2024-04-02
P02079,Aditi Deshmukh,1,Female,Chandrapur,Private Insurance,2024-01-28
P02080,Riya Mehta,25,Female,Pune,Government Scheme,2025-08-16
P02081,Vikram Shah,50,Male,Wardha,Government Scheme,2024-11-22
P02082,Nisha Verma,49,Female,Nagpur,Self Pay,2024-08-05
P02083,Vikram Sharma,20,Male,Pune,Private Insurance,2025-07-01
P02084,Vikram Deshmukh,45,Male,Akola,Private Insurance,2024-10-16
P02085,Rohan Kulkarni,61,Female,Nagpur,Corporate Insurance,2024-01-22
P02086,Pooja Mehta,57,Male,Chandrapur,Government Scheme,2025-02-06
P02087,Vikram Kulkarni,40,Female,Pune,Private Insurance,2024-04-01
P02088,Vivaan Verma,33,Female,Nagpur,Private Insurance,2025-12-14
P02089,Karan Reddy,30,Female,Nashik,Government Scheme,2024-08-27
P02090,Kavya Gupta,51,Female,Nagpur,Private Insurance,2024-08-16
P02091,Arjun Deshmukh,46,Female,Chandrapur,Private Insurance,2025-09-07
P02092,Isha Rao,54,Female,Jabalpur,Corporate Insurance,2024-01-31
P02093,Meera Gupta,45,Male,Mumbai,Private Insurance,2025-05-09
P02094,Kavya Kulkarni,58,Female,Mumbai,Private Insurance,2025-12-10
P02095,Rohan Mehta,44,Female,Akola,Self Pay,2024-01-22
P02096,Nisha Verma,57,Male,Wardha,Private Insurance,2025-11-29
P02097,Aditi Kulkarni,59,Female,Akola,Private Insurance,2025-03-26
P02098,Rohan Mehta,27,Male,Nagpur,Government Scheme,2024-05-24
P02099,Aditya Joshi,8,Male,Bhandara,Self Pay,2025-09-14
P02100,Vikram Reddy,71,Female,Bhandara,Government Scheme,2025-08-28
P02101,Nisha Deshmukh,47,Female,Bhandara,Self Pay,2025-12-17
P02102,Aarav Mehta,9,Female,Amravati,Self Pay,2025-11-02
P02103,Isha Gupta,28,Female,Amravati,Government Scheme,2025-03-21
P02104,Aarav Pawar,57,Male,Nagpur,Government Scheme,2024-01-10
P02105,Aditya Pawar,37,Male,Nagpur,Self Pay,2025-06-29
P02106,Arjun Joshi,32,Male,Amravati,Private Insurance,2025-07-04
P02107,Aditya Deshmukh,69,Female,Nagpur,Government Scheme,2025-07-18
P02108,Sneha Khan,22,Male,Mumbai,Private Insurance,2024-05-11
P02109,Diya Mehta,27,Female,Nagpur,Private Insurance,2025-06-19
P02110,Aditi Deshmukh,46,Male,Pune,Corporate Insurance,2025-08-26
P02111,Rohan Jain,49,Male,Nagpur,Private Insurance,2024-02-24
P02112,Meera Verma,51,Female,Pune,Private Insurance,2024-01-16
P02113,Meera Pawar,59,Female,Nashik,Private Insurance,2024-03-01
P02114,Meera Pawar,46,Female,Mumbai,Government Scheme,2025-05-19
P02115,Aarav Jain,51,Male,Mumbai,Self Pay,2024-08-07
P02116,Arjun Pawar,37,Female,Akola,Private Insurance,2025-08-19
P02117,Isha Patil,43,Male,Nagpur,Self Pay,2025-11-29
P02118,Rahul Verma,44,Male,Bhandara,Government Scheme,2024-01-27
P02119,Rohan Gupta,46,Female,Nagpur,Corporate Insurance,2025-06-23
P02120,Rahul Pawar,57,Male,Mumbai,Self Pay,2025-07-06
P02121,Vivaan Deshmukh,53,Female,Mumbai,Private Insurance,2024-02-24
P02122,Isha Gupta,43,Female,Nagpur,Corporate Insurance,2024-03-27
P02123,Ananya Sharma,27,Male,Akola,Private Insurance,2025-08-11
P02124,Rahul Verma,43,Female,Nagpur,Government Scheme,2024-02-27
P02125,Aarav Kulkarni,41,Male,Akola,Private Insurance,2024-05-25
P02126,Vivaan Rao,46,Other,Chandrapur,Private Insurance,2025-11-03
P02127,Aarav Deshmukh,84,Female,Wardha,Corporate Insurance,2025-06-14
P02128,Isha Sharma,32,Male,Mumbai,Self Pay,2025-11-04
P02129,Priya Gupta,50,Female,Nagpur,Government Scheme,2024-07-19
P02130,Aarav Singh,62,Male,Pune,Corporate Insurance,2025-06-25
P02131,Vivaan Singh,44,Other,Akola,Private Insurance,2025-03-20
P02132,Neha Gupta,86,Male,Nagpur,Private Insurance,2025-10-11
P02133,Priya Sharma,35,Male,Amravati,Self Pay,2024-06-13
P02134,Riya Reddy,48,Female,Nagpur,Private Insurance,2024-01-13
P02135,Arjun Kulkarni,27,Male,Chandrapur,Self Pay,2024-10-18
P02136,Ananya Jain,35,Female,Mumbai,Private Insurance,2025-01-08
P02137,Rohan Gupta,47,Male,Nagpur,Private Insurance,2025-02-23
P02138,Vikram Mehta,58,Female,Nagpur,Private Insurance,2025-09-28
P02139,Isha Jain,48,Female,Wardha,Private Insurance,2025-05-15
P02140,Vivaan Patil,66,Female,Nagpur,Private Insurance,2025-10-13
P02141,Nisha Sharma,40,Female,Nagpur,Private Insurance,2025-06-16
P02142,Neha Deshmukh,36,Female,Chandrapur,Private Insurance,2024-09-24
P02143,Isha Mehta,90,Female,Amravati,Self Pay,2025-08-19
P02144,Diya Verma,49,Male,Pune,Government Scheme,2024-08-24
P02145,Arjun Gupta,28,Male,Amravati,Private Insurance,2025-08-16
P02146,Nisha Pawar,29,Female,Chandrapur,Private Insurance,2025-05-25
P02147,Diya Singh,24,Male,Amravati,Private Insurance,2024-06-10
P02148,Isha Shah,60,Female,Nagpur,Private Insurance,2024-02-13
P02149,Arjun Shah,35,Male,Wardha,Government Scheme,2025-10-08
P02150,Rahul Verma,44,Female,Nashik,Private Insurance,2025-07-23
P02151,Karan Patil,41,Male,Jabalpur,Corporate Insurance,2024-02-06
P02152,Isha Deshmukh,56,Female,Nagpur,Private Insurance,2024-07-01
P02153,Ananya Reddy,26,Female,Bhandara,Government Scheme,2024-12-18
P02154,Kavya Rao,22,Male,Chandrapur,Self Pay,2025-01-15
P02155,Aditya Mehta,46,Male,Nagpur,Private Insurance,2024-10-02
P02156,Kavya Verma,53,Male,Pune,Private Insurance,2024-05-20
P02157,Vikram Deshmukh,48,Female,Nagpur,Private Insurance,2025-05-02
P02158,Aditi Kulkarni,27,Male,Mumbai,Government Scheme,2025-06-20
P02159,Rahul Patil,55,Male,Bhandara,Self Pay,2025-04-12
P02160,Isha Reddy,28,Female,Nagpur,Private Insurance,2025-11-29
P02161,Vikram Jain,32,Female,Nashik,Corporate Insurance,2024-10-14
P02162,Karan Rao,24,Female,Nagpur,Government Scheme,2025-01-29
P02163,Priya Mehta,67,Female,Nashik,Self Pay,2024-08-19
P02164,Priya Shah,54,Female,Pune,Private Insurance,2025-11-25
P02165,Aarav Verma,53,Female,Bhandara,Corporate Insurance,2024-11-01
P02166,Rohan Mehta,66,Male,Nagpur,Private Insurance,2024-10-20
P02167,Meera Pawar,90,Male,Amravati,Private Insurance,2025-06-26
P02168,Aditi Reddy,10,Male,Bhandara,Government Scheme,2024-07-28
P02169,Neha Verma,28,Male,Akola,Corporate Insurance,2024-09-22
P02170,Aditya Pawar,30,Female,Chandrapur,Private Insurance,2025-09-04
P02171,Aditi Shah,26,Male,Amravati,Private Insurance,2024-01-16
P02172,Aditi Deshmukh,22,Male,Nashik,Corporate Insurance,2024-01-28
P02173,Vivaan Pawar,36,Male,Nashik,Self Pay,2025-09-24
P02174,Vikram Patil,19,Female,Akola,Self Pay,2024-07-24
P02175,Nisha Gupta,48,Male,Nagpur,Government Scheme,2025-07-23
P02176,Rahul Pawar,43,Male,Wardha,Government Scheme,2025-05-19
P02177,Kavya Deshmukh,51,Male,Amravati,Corporate Insurance,2024-05-25
P02178,Vikram Jain,52,Male,Pune,Private Insurance,2024-05-17
P02179,Neha Deshmukh,53,Male,Pune,Self Pay,2025-12-19
P02180,Aarav Khan,35,Male,Mumbai,Government Scheme,2025-10-12
P02181,Rohan Sharma,82,Male,Nagpur,Corporate Insurance,2024-07-06
P02182,Riya Khan,46,Male,Nashik,Government Scheme,2024-12-17
P02183,Diya Shah,7,Male,Mumbai,Private Insurance,2025-09-21
P02184,Riya Jain,23,Female,Nagpur,Self Pay,2024-06-28
P02185,Isha Pawar,9,Male,Nagpur,Corporate Insurance,2025-04-27
P02186,Isha Gupta,42,Female,Nagpur,Corporate Insurance,2024-09-28
P02187,Isha Singh,40,Female,Chandrapur,Private Insurance,2025-10-05
P02188,Priya Gupta,33,Female,Amravati,Private Insurance,2024-07-26
P02189,Kavya Gupta,80,Female,Nagpur,Self Pay,2024-11-12
P02190,Sneha Shah,52,Female,Bhandara,Government Scheme,2025-05-26
P02191,Nisha Khan,56,Female,Pune,Private Insurance,2025-05-05
P02192,Sneha Singh,24,Female,Pune,Private Insurance,2024-03-21
P02193,Arjun Reddy,23,Male,Nashik,Private Insurance,2024-03-04
P02194,Sneha Sharma,43,Male,Mumbai,Private Insurance,2025-09-15
P02195,Rahul Deshmukh,45,Other,Chandrapur,Private Insurance,2025-07-10
P02196,Aditya Kulkarni,7,Female,Pune,Corporate Insurance,2024-04-18
P02197,Pooja Khan,39,Female,Amravati,Self Pay,2025-04-18
P02198,Nisha Patil,42,Male,Pune,Private Insurance,2024-07-25
P02199,Priya Verma,38,Female,Mumbai,Government Scheme,2024-10-23
P02200,Aarav Rao,27,Male,Akola,Government Scheme,2025-04-02
P02201,Aditya Verma,32,Male,Amravati,Self Pay,2025-04-10
P02202,Isha Gupta,39,Male,Nagpur,Corporate Insurance,2024-09-15
P02203,Arjun Joshi,44,Female,Nagpur,Private Insurance,2025-08-29
P02204,Neha Sharma,53,Female,Nagpur,Corporate Insurance,2025-01-07
P02205,Vivaan Verma,63,Male,Nagpur,Private Insurance,2025-08-16
P02206,Aditi Deshmukh,36,Female,Amravati,Self Pay,2025-02-19
P02207,Neha Gupta,33,Male,Nagpur,Corporate Insurance,2024-09-17
P02208,Isha Joshi,50,Male,Mumbai,Self Pay,2024-07-08
P02209,Nisha Shah,54,Female,Chandrapur,Private Insurance,2024-01-10
P02210,Aarav Verma,34,Female,Pune,Private Insurance,2025-01-25
P02211,Karan Reddy,57,Female,Wardha,Private Insurance,2025-02-10
P02212,Aarav Verma,61,Female,Nagpur,Private Insurance,2025-11-16
P02213,Arjun Deshmukh,67,Male,Nagpur,Private Insurance,2024-07-08
P02214,Aditi Jain,76,Male,Pune,Private Insurance,2024-01-02
P02215,Nisha Mehta,26,Male,Nagpur,Government Scheme,2025-10-15
P02216,Riya Pawar,42,Female,Akola,Private Insurance,2025-03-11
P02217,Isha Gupta,42,Female,Nagpur,Government Scheme,2024-02-06
P02218,Vivaan Mehta,40,Male,Amravati,Self Pay,2024-08-21
P02219,Vikram Khan,30,Male,Nagpur,Private Insurance,2025-12-09
P02220,Aditi Gupta,14,Male,Wardha,Government Scheme,2025-09-21
P02221,Aditya Gupta,44,Male,Nagpur,Self Pay,2025-02-07
P02222,Aditi Sharma,27,Male,Pune,Government Scheme,2024-03-11
P02223,Rahul Sharma,44,Female,Nagpur,Government Scheme,2025-04-19
P02224,Pooja Deshmukh,27,Female,Nagpur,Self Pay,2024-02-14
P02225,Rahul Joshi,21,Male,Nagpur,Government Scheme,2024-10-12
P02226,Aarav Reddy,46,Female,Jabalpur,Government Scheme,2024-10-22
P02227,Vikram Mehta,45,Male,Chandrapur,Self Pay,2025-07-20
P02228,Isha Sharma,53,Female,Chandrapur,Self Pay,2025-05-06
P02229,Arjun Sharma,84,Female,Wardha,Private Insurance,2024-12-15
P02230,Rohan Pawar,47,Female,Mumbai,Government Scheme,2024-01-05
P02231,Aditya Gupta,51,Male,Nagpur,Self Pay,2024-01-14
P02232,Aarav Mehta,22,Male,Pune,Government Scheme,2025-08-15
P02233,Vikram Rao,18,Female,Pune,Self Pay,2025-04-20
P02234,Karan Kulkarni,72,Female,Nagpur,Private Insurance,2024-09-02
P02235,Diya Deshmukh,24,Female,Nagpur,Private Insurance,2025-07-01
P02236,Sneha Reddy,22,Female,Bhandara,Government Scheme,2025-11-02
P02237,Riya Shah,41,Male,Nagpur,Self Pay,2024-01-10
P02238,Pooja Shah,40,Female,Nagpur,Private Insurance,2025-10-23
P02239,Aditya Khan,25,Female,Amravati,Corporate Insurance,2024-06-29
P02240,Ananya Gupta,36,Female,Nagpur,Self Pay,2025-07-11
P02241,Vivaan Joshi,65,Male,Akola,Self Pay,2025-03-06
P02242,Ananya Jain,27,Male,Wardha,Self Pay,2025-06-22
P02243,Vikram Deshmukh,16,Male,Chandrapur,Private Insurance,2024-03-26
P02244,Vikram Sharma,60,Male,Wardha,Private Insurance,2025-03-14
P02245,Diya Kulkarni,51,Male,Amravati,Private Insurance,2025-12-06
P02246,Sneha Sharma,30,Female,Wardha,Private Insurance,2025-08-02
P02247,Priya Jain,12,Male,Mumbai,Private Insurance,2025-08-05
P02248,Kavya Rao,28,Male,Amravati,Self Pay,2024-05-10
P02249,Neha Rao,41,Female,Chandrapur,Self Pay,2024-07-20
P02250,Karan Deshmukh,64,Male,Pune,Private Insurance,2025-08-19
P02251,Aarav Reddy,22,Male,Chandrapur,Government Scheme,2024-10-21
P02252,Aditya Patil,40,Male,Nagpur,Self Pay,2025-02-16
P02253,Sneha Gupta,55,Female,Nagpur,Self Pay,2024-05-02
P02254,Isha Patil,1,Female,Chandrapur,Corporate Insurance,2025-07-24
P02255,Ananya Mehta,62,Male,Nashik,Private Insurance,2024-11-21
P02256,Meera Joshi,20,Female,Nashik,Private Insurance,2024-12-26
P02257,Arjun Singh,48,Female,Akola,Corporate Insurance,2025-11-25
P02258,Sneha Jain,47,Female,Nagpur,Private Insurance,2025-04-05
P02259,Aditya Gupta,63,Female,Nashik,Self Pay,2024-11-17
P02260,Vivaan Jain,52,Male,Chandrapur,Private Insurance,2024-09-06
P02261,Rahul Verma,1,Male,Jabalpur,Government Scheme,2025-03-14
P02262,Meera Deshmukh,27,Male,Nashik,Government Scheme,2024-11-05
P02263,Pooja Shah,45,Female,Amravati,Self Pay,2024-06-13
P02264,Meera Khan,38,Female,Akola,Private Insurance,2024-09-23
P02265,Neha Sharma,51,Female,Chandrapur,Self Pay,2024-07-28
P02266,Vivaan Mehta,57,Female,Nagpur,Corporate Insurance,2025-06-24
P02267,Riya Joshi,54,Male,Bhandara,Self Pay,2025-01-01
P02268,Aarav Khan,38,Female,Nagpur,Corporate Insurance,2024-05-26
P02269,Aditi Patil,7,Female,Nagpur,Corporate Insurance,2024-04-19
P02270,Vivaan Gupta,33,Male,Nashik,Self Pay,2025-11-10
P02271,Priya Shah,50,Male,Amravati,Government Scheme,2025-10-10
P02272,Diya Kulkarni,21,Female,Nashik,Self Pay,2025-08-28
P02273,Aditi Verma,54,Male,Wardha,Corporate Insurance,2025-06-20
P02274,Vivaan Kulkarni,59,Male,Pune,Government Scheme,2025-09-21
P02275,Diya Verma,44,Male,Nashik,Private Insurance,2025-04-17
P02276,Aditi Deshmukh,1,Male,Nashik,Private Insurance,2025-10-29
P02277,Aditya Deshmukh,18,Female,Amravati,Self Pay,2025-11-01
P02278,Nisha Reddy,78,Female,Jabalpur,Corporate Insurance,2024-11-14
P02279,Aditi Patil,32,Female,Amravati,Private Insurance,2024-06-30
P02280,Aarav Gupta,4,Male,Pune,Corporate Insurance,2025-10-13
P02281,Diya Joshi,65,Male,Wardha,Private Insurance,2025-08-26
P02282,Priya Singh,42,Male,Nagpur,Government Scheme,2024-11-20
P02283,Neha Gupta,63,Male,Chandrapur,Corporate Insurance,2025-10-25
P02284,Aarav Verma,47,Female,Wardha,Corporate Insurance,2024-03-15
P02285,Arjun Rao,51,Female,Nagpur,Government Scheme,2025-08-22
P02286,Kavya Rao,49,Female,Amravati,Corporate Insurance,2024-02-06
P02287,Pooja Patil,55,Female,Nagpur,Self Pay,2024-03-15
P02288,Diya Khan,85,Male,Jabalpur,Corporate Insurance,2024-02-16
P02289,Vivaan Reddy,60,Male,Chandrapur,Corporate Insurance,2024-02-28
P02290,Kavya Rao,12,Female,Nagpur,Private Insurance,2024-05-17
P02291,Rahul Verma,50,Male,Nashik,Private Insurance,2024-09-21
P02292,Priya Jain,64,Female,Chandrapur,Private Insurance,2024-09-19
P02293,Rahul Verma,65,Male,Nashik,Private Insurance,2024-11-03
P02294,Karan Singh,34,Female,Bhandara,Private Insurance,2025-12-15
P02295,Aditya Kulkarni,64,Male,Nagpur,Private Insurance,2025-01-08
P02296,Rohan Khan,60,Female,Nagpur,Private Insurance,2024-06-25
P02297,Sneha Reddy,90,Female,Nashik,Government Scheme,2024-04-10
P02298,Vikram Patil,28,Male,Nashik,Private Insurance,2025-10-28
P02299,Rohan Joshi,32,Female,Nashik,Private Insurance,2024-07-20
P02300,Aarav Pawar,36,Female,Nagpur,Private Insurance,2025-08-14
P02301,Neha Gupta,33,Female,Pune,Private Insurance,2025-07-30
P02302,Rahul Pawar,25,Male,Amravati,Self Pay,2025-09-20
P02303,Arjun Jain,1,Female,Akola,Corporate Insurance,2024-04-16
P02304,Rohan Khan,34,Male,Nagpur,Self Pay,2025-07-26
P02305,Neha Jain,49,Male,Nashik,Self Pay,2025-07-24
P02306,Isha Deshmukh,33,Male,Jabalpur,Corporate Insurance,2025-12-11
P02307,Aarav Sharma,79,Female,Nagpur,Self Pay,2025-06-01
P02308,Aditya Reddy,42,Male,Pune,Private Insurance,2024-03-28
P02309,Aditya Shah,67,Female,Chandrapur,Private Insurance,2024-11-30
P02310,Diya Singh,47,Male,Nagpur,Government Scheme,2024-12-15
P02311,Aditya Patil,58,Female,Nagpur,Government Scheme,2024-12-11
P02312,Kavya Khan,47,Male,Nashik,Self Pay,2024-09-07
P02313,Priya Patil,68,Male,Nagpur,Private Insurance,2025-08-08
P02314,Sneha Jain,43,Female,Nagpur,Corporate Insurance,2024-07-26
P02315,Kavya Sharma,51,Female,Mumbai,Government Scheme,2024-11-20
P02316,Meera Patil,49,Female,Bhandara,Corporate Insurance,2024-11-22
P02317,Karan Gupta,37,Male,Nashik,Government Scheme,2025-04-14
P02318,Aditya Joshi,50,Female,Chandrapur,Private Insurance,2024-12-17
P02319,Nisha Rao,84,Male,Wardha,Private Insurance,2025-12-09
P02320,Isha Shah,37,Male,Nashik,Private Insurance,2025-12-20
P02321,Aditi Kulkarni,50,Male,Nagpur,Private Insurance,2024-12-05
P02322,Ananya Sharma,66,Female,Nagpur,Corporate Insurance,2024-07-12
P02323,Aditya Kulkarni,64,Female,Chandrapur,Private Insurance,2025-07-09
P02324,Karan Sharma,42,Female,Jabalpur,Private Insurance,2025-10-27
P02325,Sneha Singh,1,Male,Amravati,Private Insurance,2025-10-09
P02326,Vivaan Rao,52,Female,Jabalpur,Government Scheme,2024-05-01
P02327,Rahul Verma,1,Female,Nashik,Private Insurance,2024-02-08
P02328,Arjun Mehta,70,Female,Wardha,Private Insurance,2025-04-30
P02329,Aditi Rao,45,Male,Amravati,Corporate Insurance,2024-08-07
P02330,Vivaan Rao,61,Male,Nagpur,Private Insurance,2024-08-10
P02331,Vivaan Jain,25,Female,Chandrapur,Corporate Insurance,2024-01-22
P02332,Neha Reddy,13,Female,Nagpur,Private Insurance,2025-12-02
P02333,Isha Gupta,47,Female,Amravati,Self Pay,2024-01-01
P02334,Neha Pawar,41,Female,Nagpur,Self Pay,2025-04-08
P02335,Arjun Singh,33,Other,Jabalpur,Private Insurance,2025-11-06
P02336,Neha Joshi,44,Female,Amravati,Self Pay,2024-02-16
P02337,Priya Verma,90,Male,Wardha,Private Insurance,2025-03-25
P02338,Isha Gupta,58,Male,Amravati,Private Insurance,2025-11-05
P02339,Neha Sharma,62,Male,Nagpur,Corporate Insurance,2024-10-26
P02340,Arjun Shah,58,Female,Amravati,Corporate Insurance,2024-08-02
P02341,Neha Jain,70,Male,Nashik,Private Insurance,2025-05-29
P02342,Arjun Singh,38,Female,Chandrapur,Self Pay,2025-11-08
P02343,Aditi Singh,3,Female,Amravati,Private Insurance,2025-02-11
P02344,Vivaan Singh,38,Male,Pune,Private Insurance,2024-01-10
P02345,Vikram Sharma,57,Female,Nagpur,Private Insurance,2025-05-14
P02346,Ananya Sharma,24,Female,Pune,Government Scheme,2024-06-08
P02347,Aditya Deshmukh,39,Female,Nagpur,Self Pay,2025-12-22
P02348,Rohan Reddy,29,Female,Mumbai,Government Scheme,2024-07-22
P02349,Rohan Mehta,71,Male,Jabalpur,Corporate Insurance,2025-04-09
P02350,Arjun Pawar,56,Male,Pune,Self Pay,2025-05-17
P02351,Karan Gupta,54,Male,Nagpur,Private Insurance,2024-11-21
P02352,Isha Rao,54,Female,Bhandara,Private Insurance,2025-08-05
P02353,Neha Sharma,41,Female,Pune,Government Scheme,2025-10-16
P02354,Nisha Patil,46,Female,Bhandara,Private Insurance,2025-04-04
P02355,Diya Singh,19,Male,Amravati,Private Insurance,2025-07-04
P02356,Isha Pawar,1,Male,Wardha,Private Insurance,2024-02-15
P02357,Sneha Rao,45,Male,Nagpur,Government Scheme,2024-06-25
P02358,Rohan Mehta,48,Male,Wardha,Government Scheme,2024-11-12
P02359,Aarav Rao,65,Male,Nagpur,Self Pay,2024-04-05
P02360,Vikram Khan,72,Female,Chandrapur,Self Pay,2024-12-26
P02361,Rahul Reddy,72,Male,Amravati,Corporate Insurance,2024-02-23
P02362,Isha Khan,23,Male,Nagpur,Self Pay,2024-09-18
P02363,Rohan Kulkarni,35,Male,Nagpur,Private Insurance,2024-02-14
P02364,Pooja Pawar,51,Female,Mumbai,Government Scheme,2024-11-02
P02365,Arjun Reddy,90,Male,Bhandara,Private Insurance,2024-10-23
P02366,Rohan Patil,70,Female,Chandrapur,Corporate Insurance,2024-12-18
P02367,Priya Pawar,63,Male,Nashik,Government Scheme,2025-12-23
P02368,Diya Gupta,35,Male,Chandrapur,Private Insurance,2025-02-08
P02369,Aarav Singh,25,Male,Amravati,Self Pay,2024-04-17
P02370,Rohan Singh,57,Female,Chandrapur,Government Scheme,2025-04-05
P02371,Riya Gupta,21,Female,Nagpur,Corporate Insurance,2025-12-15
P02372,Meera Khan,37,Male,Bhandara,Private Insurance,2024-06-02
P02373,Meera Pawar,40,Male,Nagpur,Private Insurance,2024-02-28
P02374,Diya Deshmukh,72,Male,Mumbai,Corporate Insurance,2025-10-20
P02375,Neha Singh,35,Female,Wardha,Government Scheme,2024-05-05
P02376,Ananya Sharma,1,Male,Nagpur,Private Insurance,2025-08-27
P02377,Aarav Mehta,52,Male,Chandrapur,Government Scheme,2024-11-08
P02378,Aditya Reddy,29,Female,Nagpur,Self Pay,2025-07-28
P02379,Vivaan Patil,43,Female,Amravati,Private Insurance,2025-06-04
P02380,Rohan Joshi,40,Male,Mumbai,Private Insurance,2025-08-11
P02381,Karan Patil,37,Female,Nashik,Private Insurance,2025-07-09
P02382,Aditya Jain,57,Male,Akola,Private Insurance,2025-01-18
P02383,Nisha Patil,13,Male,Wardha,Private Insurance,2024-06-27
P02384,Priya Pawar,32,Female,Wardha,Private Insurance,2025-11-26
P02385,Neha Gupta,55,Female,Nagpur,Self Pay,2024-05-17
P02386,Rohan Jain,30,Other,Chandrapur,Government Scheme,2024-09-24
P02387,Priya Singh,11,Male,Bhandara,Government Scheme,2024-07-24
P02388,Aditya Pawar,55,Male,Nagpur,Private Insurance,2024-11-02
P02389,Nisha Kulkarni,63,Male,Nagpur,Government Scheme,2024-07-01
P02390,Riya Jain,41,Male,Nagpur,Private Insurance,2025-08-18
P02391,Vikram Kulkarni,5,Male,Nagpur,Corporate Insurance,2024-11-15
P02392,Karan Shah,55,Male,Nagpur,Private Insurance,2025-09-26
P02393,Arjun Sharma,10,Male,Amravati,Corporate Insurance,2024-01-23
P02394,Sneha Verma,48,Female,Wardha,Government Scheme,2024-11-23
P02395,Riya Gupta,25,Female,Amravati,Self Pay,2025-03-02
P02396,Priya Pawar,20,Male,Nagpur,Corporate Insurance,2025-09-11
P02397,Rahul Khan,34,Female,Bhandara,Self Pay,2025-06-17
P02398,Ananya Rao,39,Male,Pune,Government Scheme,2025-04-07
P02399,Vikram Verma,30,Male,Nagpur,Private Insurance,2025-09-08
P02400,Aarav Pawar,53,Female,Nagpur,Self Pay,2024-10-10
P02401,Isha Jain,34,Female,Bhandara,Private Insurance,2025-11-29
P02402,Arjun Verma,61,Male,Nagpur,Private Insurance,2025-10-23
P02403,Rohan Pawar,47,Female,Nagpur,Corporate Insurance,2025-10-25
P02404,Rahul Shah,29,Male,Wardha,Government Scheme,2025-01-02
P02405,Nisha Gupta,26,Male,Amravati,Private Insurance,2024-03-09
P02406,Aditi Sharma,11,Female,Pune,Corporate Insurance,2025-09-11
P02407,Diya Sharma,48,Male,Pune,Private Insurance,2024-10-30
P02408,Meera Verma,35,Male,Amravati,Corporate Insurance,2025-08-16
P02409,Arjun Reddy,1,Female,Wardha,Self Pay,2024-02-10
P02410,Neha Deshmukh,32,Female,Jabalpur,Private Insurance,2024-03-11
P02411,Sneha Sharma,25,Female,Wardha,Private Insurance,2024-09-11
P02412,Isha Singh,72,Male,Jabalpur,Corporate Insurance,2025-09-27
P02413,Aditya Rao,10,Female,Nashik,Private Insurance,2024-01-23
P02414,Vivaan Sharma,15,Female,Nagpur,Corporate Insurance,2024-04-28
P02415,Diya Jain,63,Female,Nagpur,Government Scheme,2024-12-27
P02416,Isha Patil,68,Female,Nagpur,Private Insurance,2025-08-17
P02417,Vivaan Deshmukh,28,Female,Pune,Self Pay,2024-04-23
P02418,Aditi Rao,30,Male,Nagpur,Government Scheme,2025-07-05
P02419,Vivaan Khan,54,Female,Akola,Private Insurance,2024-12-23
P02420,Kavya Pawar,1,Male,Bhandara,Government Scheme,2025-06-22
P02421,Arjun Deshmukh,7,Female,Pune,Private Insurance,2025-06-08
P02422,Neha Pawar,37,Female,Nashik,Private Insurance,2025-11-03
P02423,Arjun Sharma,71,Female,Nagpur,Self Pay,2024-02-12
P02424,Ananya Gupta,34,Male,Nagpur,Government Scheme,2025-03-14
P02425,Aditi Khan,44,Male,Bhandara,Self Pay,2024-11-28
P02426,Ananya Pawar,64,Female,Pune,Government Scheme,2024-09-04
P02427,Isha Khan,82,Male,Akola,Government Scheme,2025-06-24
P02428,Meera Patil,31,Female,Bhandara,Private Insurance,2025-03-09
P02429,Isha Jain,42,Male,Pune,Corporate Insurance,2024-11-20
P02430,Nisha Rao,77,Male,Amravati,Government Scheme,2025-05-23
P02431,Neha Reddy,13,Female,Nagpur,Corporate Insurance,2025-02-23
P02432,Aarav Patil,62,Female,Mumbai,Self Pay,2024-09-23
P02433,Arjun Patil,23,Female,Bhandara,Self Pay,2024-09-02
P02434,Neha Kulkarni,44,Male,Pune,Government Scheme,2024-07-04
P02435,Isha Kulkarni,37,Female,Amravati,Private Insurance,2024-08-04
P02436,Diya Mehta,24,Male,Bhandara,Private Insurance,2024-12-23
P02437,Rohan Gupta,23,Female,Nagpur,Self Pay,2024-05-11
P02438,Vivaan Kulkarni,47,Male,Amravati,Private Insurance,2025-10-17
P02439,Karan Joshi,61,Female,Nagpur,Private Insurance,2025-02-28
P02440,Isha Rao,40,Male,Nashik,Government Scheme,2025-04-05
P02441,Pooja Patil,43,Female,Nagpur,Private Insurance,2025-02-23
P02442,Vikram Reddy,53,Female,Nagpur,Private Insurance,2025-10-16
P02443,Rohan Reddy,24,Female,Amravati,Government Scheme,2025-08-20
P02444,Riya Sharma,56,Male,Amravati,Private Insurance,2024-12-12
P02445,Aditi Jain,58,Female,Bhandara,Private Insurance,2024-09-08
P02446,Diya Gupta,90,Male,Akola,Private Insurance,2025-11-22
P02447,Diya Joshi,35,Male,Akola,Government Scheme,2025-03-13
P02448,Pooja Shah,33,Female,Amravati,Corporate Insurance,2025-07-31
P02449,Ananya Reddy,57,Female,Wardha,Private Insurance,2024-04-11
P02450,Aarav Gupta,58,Female,Nagpur,Self Pay,2024-09-15
P02451,Priya Joshi,32,Female,Bhandara,Private Insurance,2024-07-12
P02452,Arjun Kulkarni,34,Female,Mumbai,Government Scheme,2024-11-23
P02453,Arjun Shah,52,Male,Wardha,Private Insurance,2025-01-02
P02454,Vivaan Sharma,26,Female,Mumbai,Self Pay,2025-12-29
P02455,Sneha Deshmukh,34,Female,Nagpur,Self Pay,2024-03-17
P02456,Aarav Sharma,44,Male,Nashik,Self Pay,2025-11-27
P02457,Meera Kulkarni,61,Female,Akola,Private Insurance,2025-08-15
P02458,Meera Singh,31,Male,Akola,Self Pay,2024-10-26
P02459,Neha Khan,7,Male,Akola,Private Insurance,2024-07-24
P02460,Riya Joshi,6,Female,Nagpur,Government Scheme,2025-08-31
P02461,Vivaan Mehta,18,Male,Nashik,Self Pay,2024-04-09
P02462,Vivaan Shah,17,Male,Wardha,Government Scheme,2025-10-26
P02463,Priya Sharma,39,Male,Bhandara,Self Pay,2025-11-19
P02464,Aditi Reddy,19,Male,Nagpur,Self Pay,2024-07-02
P02465,Kavya Khan,29,Male,Nagpur,Self Pay,2025-02-13
P02466,Pooja Pawar,27,Male,Mumbai,Private Insurance,2025-01-12
P02467,Pooja Sharma,34,Male,Nagpur,Private Insurance,2025-07-13
P02468,Rohan Sharma,67,Male,Amravati,Government Scheme,2025-07-06
P02469,Aditya Pawar,55,Male,Nagpur,Government Scheme,2025-12-27
P02470,Pooja Reddy,42,Male,Chandrapur,Self Pay,2024-02-26
P02471,Arjun Singh,33,Female,Nashik,Government Scheme,2025-08-19
P02472,Sneha Sharma,34,Male,Mumbai,Self Pay,2025-08-11
P02473,Karan Singh,48,Female,Bhandara,Private Insurance,2025-06-25
P02474,Aditya Gupta,53,Female,Nagpur,Private Insurance,2024-06-03
P02475,Diya Patil,25,Female,Nagpur,Corporate Insurance,2025-06-26
P02476,Vivaan Mehta,43,Female,Nagpur,Private Insurance,2024-12-15
P02477,Vivaan Pawar,3,Male,Chandrapur,Private Insurance,2024-07-22
P02478,Ananya Khan,46,Female,Jabalpur,Self Pay,2024-09-30
P02479,Riya Deshmukh,56,Male,Nagpur,Private Insurance,2024-10-29
P02480,Nisha Patil,37,Male,Amravati,Government Scheme,2025-06-24
P02481,Riya Kulkarni,77,Female,Akola,Self Pay,2024-05-26
P02482,Aarav Kulkarni,25,Female,Bhandara,Government Scheme,2024-06-19
P02483,Riya Pawar,46,Male,Chandrapur,Corporate Insurance,2024-09-27
P02484,Vivaan Jain,41,Male,Wardha,Corporate Insurance,2024-12-06
P02485,Kavya Singh,40,Female,Nagpur,Government Scheme,2025-11-21
P02486,Ananya Khan,40,Female,Wardha,Corporate Insurance,2024-07-12
P02487,Karan Deshmukh,44,Female,Amravati,Private Insurance,2025-10-23
P02488,Riya Shah,58,Female,Akola,Private Insurance,2024-02-10
P02489,Pooja Pawar,68,Female,Nagpur,Self Pay,2025-01-07
P02490,Riya Kulkarni,42,Male,Wardha,Government Scheme,2025-09-07
P02491,Karan Verma,57,Female,Jabalpur,Private Insurance,2024-08-14
P02492,Isha Rao,29,Female,Bhandara,Private Insurance,2024-06-12
P02493,Arjun Deshmukh,57,Male,Nagpur,Private Insurance,2025-03-17
P02494,Rahul Rao,28,Male,Mumbai,Private Insurance,2024-06-18
P02495,Priya Jain,63,Female,Nagpur,Private Insurance,2024-01-12
P02496,Meera Pawar,84,Male,Nashik,Corporate Insurance,2024-02-04
P02497,Priya Patil,40,Male,Nagpur,Self Pay,2024-12-15
P02498,Priya Pawar,1,Female,Pune,Government Scheme,2025-01-01
P02499,Kavya Patil,32,Female,Nagpur,Government Scheme,2024-01-20
P02500,Isha Reddy,65,Male,Amravati,Private Insurance,2024-07-15
P02501,Kavya Verma,53,Male,Jabalpur,Government Scheme,2025-07-06
P02502,Sneha Gupta,47,Other,Bhandara,Government Scheme,2025-02-16
P02503,Pooja Singh,61,Female,Nagpur,Self Pay,2025-03-22
P02504,Diya Sharma,51,Male,Nagpur,Private Insurance,2025-06-12
P02505,Pooja Pawar,65,Female,Nagpur,Corporate Insurance,2025-10-21
P02506,Isha Khan,59,Male,Nagpur,Self Pay,2024-02-03
P02507,Nisha Joshi,71,Male,Bhandara,Private Insurance,2024-12-18
P02508,Nisha Deshmukh,49,Female,Wardha,Corporate Insurance,2024-05-26
P02509,Priya Kulkarni,59,Female,Mumbai,Private Insurance,2025-05-02
P02510,Pooja Pawar,36,Male,Nashik,Corporate Insurance,2024-10-12
P02511,Meera Shah,31,Male,Mumbai,Government Scheme,2024-04-22
P02512,Neha Verma,74,Female,Wardha,Government Scheme,2025-10-04
P02513,Rahul Shah,46,Male,Wardha,Government Scheme,2025-01-11
P02514,Rohan Verma,57,Female,Bhandara,Government Scheme,2024-03-21
P02515,Vivaan Joshi,44,Female,Amravati,Self Pay,2024-06-13
P02516,Ananya Kulkarni,31,Female,Nagpur,Self Pay,2025-06-26
P02517,Priya Gupta,42,Male,Pune,Government Scheme,2024-12-09
P02518,Priya Shah,69,Female,Akola,Self Pay,2025-11-27
P02519,Ananya Sharma,53,Male,Nagpur,Government Scheme,2024-02-06
P02520,Pooja Khan,9,Female,Wardha,Government Scheme,2024-02-26
P02521,Vivaan Sharma,38,Male,Nagpur,Private Insurance,2025-05-18
P02522,Sneha Joshi,76,Male,Bhandara,Self Pay,2024-08-31
P02523,Riya Mehta,38,Female,Amravati,Government Scheme,2025-09-30
P02524,Ananya Rao,8,Female,Mumbai,Government Scheme,2025-07-15
P02525,Isha Rao,78,Female,Bhandara,Self Pay,2024-01-17
P02526,Vivaan Pawar,55,Female,Amravati,Corporate Insurance,2025-11-13
P02527,Kavya Joshi,41,Male,Nashik,Private Insurance,2025-11-27
P02528,Kavya Mehta,35,Male,Mumbai,Private Insurance,2024-06-29
P02529,Pooja Singh,63,Female,Pune,Private Insurance,2025-03-23
P02530,Vivaan Rao,32,Male,Wardha,Private Insurance,2025-04-13
P02531,Riya Pawar,64,Female,Amravati,Private Insurance,2024-01-28
P02532,Vikram Kulkarni,52,Female,Akola,Self Pay,2025-06-18
P02533,Aditi Sharma,47,Female,Pune,Private Insurance,2025-12-07
P02534,Diya Deshmukh,45,Female,Jabalpur,Self Pay,2024-10-21
P02535,Kavya Khan,39,Male,Wardha,Corporate Insurance,2025-12-20
P02536,Nisha Rao,62,Female,Akola,Private Insurance,2025-05-03
P02537,Aditya Kulkarni,26,Male,Nagpur,Government Scheme,2025-06-20
P02538,Nisha Sharma,11,Female,Nagpur,Private Insurance,2025-02-04
P02539,Riya Gupta,54,Male,Nagpur,Self Pay,2025-05-19
P02540,Isha Patil,54,Female,Nagpur,Government Scheme,2025-11-15
P02541,Karan Rao,51,Female,Wardha,Government Scheme,2025-03-06
P02542,Nisha Deshmukh,50,Female,Amravati,Self Pay,2025-01-28
P02543,Meera Patil,36,Female,Akola,Self Pay,2024-05-03
P02544,Aditi Shah,57,Female,Chandrapur,Government Scheme,2025-01-12
P02545,Rahul Pawar,41,Female,Nagpur,Corporate Insurance,2025-09-22
P02546,Rohan Khan,33,Male,Akola,Corporate Insurance,2025-05-03
P02547,Karan Gupta,36,Female,Nagpur,Government Scheme,2025-06-06
P02548,Pooja Reddy,80,Male,Nagpur,Private Insurance,2024-04-21
P02549,Rohan Pawar,9,Male,Jabalpur,Self Pay,2025-09-10
P02550,Karan Sharma,51,Male,Nagpur,Corporate Insurance,2025-01-22
P02551,Rahul Sharma,10,Male,Amravati,Government Scheme,2024-11-28
P02552,Pooja Kulkarni,40,Female,Chandrapur,Self Pay,2024-02-07
P02553,Isha Shah,34,Male,Amravati,Private Insurance,2025-10-13
P02554,Rahul Shah,2,Male,Amravati,Government Scheme,2025-04-02
P02555,Arjun Sharma,49,Male,Nashik,Self Pay,2024-08-15
P02556,Arjun Sharma,35,Female,Chandrapur,Corporate Insurance,2025-01-25
P02557,Meera Sharma,2,Male,Wardha,Private Insurance,2025-10-25
P02558,Vikram Jain,58,Female,Mumbai,Private Insurance,2025-09-04
P02559,Meera Singh,69,Male,Nagpur,Private Insurance,2024-08-05
P02560,Rahul Deshmukh,70,Female,Wardha,Private Insurance,2025-08-05
P02561,Arjun Shah,49,Female,Nagpur,Self Pay,2024-01-06
P02562,Riya Rao,43,Male,Nagpur,Private Insurance,2024-11-11
P02563,Aditya Patil,67,Male,Jabalpur,Self Pay,2025-02-04
P02564,Diya Deshmukh,74,Female,Nashik,Government Scheme,2025-04-26
P02565,Aditya Gupta,64,Male,Nagpur,Self Pay,2024-01-01
P02566,Aditi Joshi,24,Male,Amravati,Government Scheme,2024-08-09
P02567,Vivaan Deshmukh,46,Male,Nagpur,Self Pay,2024-07-06
P02568,Priya Rao,50,Male,Akola,Government Scheme,2024-10-10
P02569,Aditi Jain,8,Female,Amravati,Private Insurance,2025-05-19
P02570,Isha Khan,51,Female,Mumbai,Government Scheme,2024-02-26
P02571,Vivaan Reddy,85,Male,Nagpur,Government Scheme,2025-07-01
P02572,Pooja Deshmukh,54,Female,Amravati,Private Insurance,2024-03-14
P02573,Rahul Reddy,70,Male,Mumbai,Corporate Insurance,2025-01-05
P02574,Isha Rao,45,Male,Mumbai,Self Pay,2025-08-20
P02575,Vikram Pawar,41,Male,Nagpur,Private Insurance,2025-10-03
P02576,Aarav Reddy,49,Female,Wardha,Self Pay,2025-12-10
P02577,Kavya Mehta,26,Male,Mumbai,Private Insurance,2024-11-11
P02578,Pooja Verma,24,Male,Akola,Government Scheme,2024-12-23
P02579,Aarav Verma,66,Female,Chandrapur,Private Insurance,2025-10-19
P02580,Neha Khan,68,Female,Akola,Private Insurance,2024-04-03
P02581,Riya Pawar,23,Female,Mumbai,Private Insurance,2025-10-25
P02582,Karan Gupta,60,Female,Wardha,Government Scheme,2024-03-05
P02583,Aditi Sharma,40,Male,Nagpur,Private Insurance,2024-03-07
P02584,Neha Sharma,48,Male,Wardha,Private Insurance,2024-02-03
P02585,Diya Patil,51,Female,Nashik,Private Insurance,2024-06-17
P02586,Rohan Shah,61,Male,Wardha,Private Insurance,2025-10-03
P02587,Karan Sharma,44,Female,Nagpur,Government Scheme,2024-05-31
P02588,Pooja Deshmukh,69,Female,Akola,Private Insurance,2024-11-18
P02589,Sneha Rao,48,Female,Wardha,Government Scheme,2025-08-10
P02590,Rohan Shah,54,Male,Jabalpur,Government Scheme,2025-10-04
P02591,Priya Reddy,26,Male,Amravati,Private Insurance,2024-11-16
P02592,Vikram Deshmukh,83,Male,Akola,Self Pay,2024-09-21
P02593,Aditya Gupta,51,Male,Bhandara,Self Pay,2024-12-05
P02594,Kavya Khan,56,Female,Nagpur,Self Pay,2025-03-05
P02595,Rohan Rao,11,Male,Wardha,Government Scheme,2024-08-23
P02596,Priya Khan,26,Female,Nagpur,Private Insurance,2025-05-06
P02597,Aarav Reddy,66,Female,Pune,Government Scheme,2025-08-12
P02598,Vivaan Sharma,47,Male,Nashik,Corporate Insurance,2024-02-06
P02599,Neha Verma,6,Female,Nagpur,Government Scheme,2025-08-22
P02600,Nisha Reddy,62,Female,Wardha,Self Pay,2025-05-12
P02601,Isha Kulkarni,32,Female,Jabalpur,Government Scheme,2024-02-12
P02602,Arjun Deshmukh,69,Female,Nagpur,Corporate Insurance,2025-08-06
P02603,Aarav Deshmukh,40,Male,Mumbai,Private Insurance,2024-12-27
P02604,Ananya Jain,46,Female,Nagpur,Government Scheme,2024-01-17
P02605,Vivaan Deshmukh,64,Male,Nagpur,Government Scheme,2024-02-29
P02606,Vikram Kulkarni,25,Other,Bhandara,Self Pay,2024-02-12
P02607,Ananya Deshmukh,23,Male,Nagpur,Self Pay,2024-10-24
P02608,Pooja Joshi,38,Female,Mumbai,Self Pay,2025-01-16
P02609,Aditya Gupta,58,Male,Akola,Self Pay,2024-06-24
P02610,Aditi Patil,17,Female,Akola,Government Scheme,2025-12-10
P02611,Aditya Singh,10,Female,Akola,Private Insurance,2024-01-23
P02612,Priya Deshmukh,58,Male,Akola,Corporate Insurance,2025-12-11
P02613,Neha Jain,31,Female,Nashik,Private Insurance,2024-04-20
P02614,Priya Kulkarni,35,Male,Akola,Private Insurance,2024-03-20
P02615,Diya Gupta,7,Female,Pune,Private Insurance,2024-12-24
P02616,Vivaan Singh,29,Male,Bhandara,Government Scheme,2025-07-09
P02617,Pooja Shah,42,Male,Amravati,Government Scheme,2025-04-27
P02618,Sneha Patil,60,Male,Wardha,Self Pay,2025-08-02
P02619,Vivaan Verma,27,Female,Wardha,Government Scheme,2024-11-26
P02620,Karan Kulkarni,73,Female,Nagpur,Private Insurance,2025-10-02
P02621,Aarav Patil,29,Male,Amravati,Private Insurance,2025-07-11
P02622,Sneha Khan,29,Male,Amravati,Corporate Insurance,2024-02-01
P02623,Pooja Gupta,71,Female,Nagpur,Self Pay,2025-01-01
P02624,Neha Joshi,46,Female,Pune,Corporate Insurance,2025-12-10
P02625,Riya Sharma,32,Male,Nashik,Private Insurance,2025-06-14
P02626,Priya Patil,39,Male,Nagpur,Corporate Insurance,2025-08-22
P02627,Kavya Joshi,68,Male,Jabalpur,Corporate Insurance,2025-06-09
P02628,Aarav Gupta,70,Male,Jabalpur,Government Scheme,2025-03-19
P02629,Riya Deshmukh,26,Female,Pune,Self Pay,2024-09-01
P02630,Rahul Pawar,41,Female,Nagpur,Private Insurance,2024-02-18
P02631,Riya Deshmukh,44,Male,Amravati,Self Pay,2024-08-08
P02632,Vikram Rao,23,Male,Wardha,Self Pay,2024-06-24
P02633,Neha Pawar,41,Female,Akola,Government Scheme,2025-06-12
P02634,Vikram Jain,42,Male,Chandrapur,Private Insurance,2024-09-10
P02635,Nisha Shah,64,Female,Akola,Government Scheme,2024-09-15
P02636,Aditi Joshi,65,Female,Nashik,Self Pay,2025-09-17
P02637,Kavya Shah,36,Male,Jabalpur,Self Pay,2024-05-22
P02638,Rohan Shah,38,Female,Bhandara,Government Scheme,2025-07-09
P02639,Ananya Singh,55,Female,Mumbai,Corporate Insurance,2024-09-14
P02640,Pooja Reddy,31,Male,Pune,Private Insurance,2025-11-17
P02641,Aditya Joshi,53,Female,Nagpur,Private Insurance,2025-11-28
P02642,Kavya Patil,40,Female,Pune,Private Insurance,2024-11-04
P02643,Rahul Khan,24,Male,Nagpur,Self Pay,2025-07-24
P02644,Isha Sharma,24,Female,Nagpur,Self Pay,2025-10-31
P02645,Aditya Jain,69,Male,Jabalpur,Self Pay,2025-03-16
P02646,Karan Khan,39,Female,Amravati,Corporate Insurance,2025-10-15
P02647,Neha Mehta,73,Female,Wardha,Government Scheme,2025-05-13
P02648,Meera Patil,32,Male,Jabalpur,Private Insurance,2024-01-14
P02649,Aditya Joshi,48,Female,Amravati,Government Scheme,2025-03-19
P02650,Arjun Pawar,87,Male,Nagpur,Government Scheme,2024-06-23
P02651,Diya Verma,22,Male,Nagpur,Government Scheme,2025-03-07
P02652,Meera Mehta,6,Male,Bhandara,Private Insurance,2025-08-06
P02653,Vikram Shah,66,Female,Nagpur,Private Insurance,2024-05-24
P02654,Riya Shah,26,Female,Nagpur,Government Scheme,2025-04-30
P02655,Vivaan Deshmukh,42,Male,Pune,Private Insurance,2025-01-30
P02656,Rahul Pawar,31,Female,Nagpur,Corporate Insurance,2024-06-11
P02657,Ananya Gupta,47,Male,Bhandara,Private Insurance,2025-07-08
P02658,Kavya Shah,24,Male,Nagpur,Corporate Insurance,2025-07-24
P02659,Diya Verma,39,Female,Wardha,Private Insurance,2024-01-05
P02660,Diya Singh,51,Female,Chandrapur,Corporate Insurance,2024-08-19
P02661,Nisha Mehta,23,Male,Wardha,Government Scheme,2024-02-23
P02662,Aarav Sharma,29,Male,Nagpur,Private Insurance,2025-03-15
P02663,Kavya Joshi,35,Female,Nagpur,Private Insurance,2025-10-05
P02664,Aarav Khan,15,Male,Nagpur,Private Insurance,2025-11-13
P02665,Aditi Khan,34,Male,Nagpur,Self Pay,2024-10-16
P02666,Aditya Verma,44,Female,Wardha,Private Insurance,2024-06-23
P02667,Rahul Verma,34,Female,Nagpur,Private Insurance,2024-08-17
P02668,Priya Jain,37,Male,Nagpur,Self Pay,2024-02-10
P02669,Rahul Pawar,42,Male,Nagpur,Government Scheme,2024-09-12
P02670,Diya Gupta,30,Male,Pune,Government Scheme,2025-04-26
P02671,Arjun Sharma,55,Female,Wardha,Private Insurance,2024-01-14
P02672,Nisha Singh,69,Male,Bhandara,Government Scheme,2025-06-15
P02673,Kavya Verma,33,Male,Bhandara,Private Insurance,2025-09-07
P02674,Rohan Pawar,51,Male,Amravati,Government Scheme,2024-08-16
P02675,Neha Khan,37,Female,Nagpur,Private Insurance,2025-07-14
P02676,Isha Shah,49,Female,Amravati,Corporate Insurance,2024-12-07
P02677,Meera Joshi,72,Male,Bhandara,Government Scheme,2025-12-22
P02678,Arjun Joshi,52,Female,Amravati,Government Scheme,2024-12-31
P02679,Karan Khan,8,Female,Nagpur,Self Pay,2025-03-13
P02680,Riya Reddy,51,Male,Mumbai,Corporate Insurance,2025-08-18
P02681,Vikram Rao,65,Female,Nashik,Self Pay,2024-07-18
P02682,Aditi Mehta,38,Male,Nagpur,Government Scheme,2025-05-20
P02683,Vivaan Singh,61,Male,Mumbai,Corporate Insurance,2025-09-13
P02684,Rahul Mehta,29,Male,Nagpur,Private Insurance,2024-07-18
P02685,Rohan Gupta,14,Female,Nagpur,Self Pay,2025-08-11
P02686,Rahul Reddy,45,Male,Nagpur,Self Pay,2024-07-18
P02687,Meera Shah,9,Male,Mumbai,Government Scheme,2025-03-21
P02688,Kavya Pawar,37,Male,Nagpur,Corporate Insurance,2024-08-25
P02689,Priya Deshmukh,66,Female,Pune,Self Pay,2025-04-04
P02690,Vikram Kulkarni,6,Female,Chandrapur,Self Pay,2024-04-16
P02691,Ananya Gupta,18,Male,Wardha,Corporate Insurance,2025-08-14
P02692,Aditi Gupta,22,Female,Amravati,Self Pay,2024-04-08
P02693,Meera Pawar,41,Male,Nagpur,Private Insurance,2024-09-01
P02694,Rohan Reddy,35,Female,Akola,Private Insurance,2025-08-19
P02695,Arjun Mehta,69,Female,Amravati,Government Scheme,2024-03-11
P02696,Meera Gupta,60,Male,Bhandara,Private Insurance,2025-08-30
P02697,Rahul Jain,51,Male,Nagpur,Self Pay,2024-10-19
P02698,Ananya Pawar,45,Male,Nashik,Self Pay,2024-07-08
P02699,Vikram Gupta,49,Female,Akola,Private Insurance,2025-08-29
P02700,Rahul Reddy,26,Male,Bhandara,Corporate Insurance,2025-09-12
P02701,Riya Deshmukh,58,Other,Wardha,Self Pay,2025-09-20
P02702,Aditya Mehta,21,Female,Nagpur,Corporate Insurance,2025-02-20
P02703,Vikram Joshi,58,Female,Amravati,Private Insurance,2024-05-24
P02704,Rohan Reddy,65,Female,Nagpur,Government Scheme,2025-06-03
P02705,Rahul Khan,46,Male,Akola,Government Scheme,2025-05-28
P02706,Diya Shah,39,Female,Nagpur,Self Pay,2025-10-04
P02707,Karan Patil,50,Male,Nagpur,Corporate Insurance,2025-06-22
P02708,Vivaan Deshmukh,1,Female,Nagpur,Corporate Insurance,2024-08-13
P02709,Rahul Deshmukh,48,Male,Nagpur,Private Insurance,2024-11-22
P02710,Rahul Jain,40,Male,Bhandara,Government Scheme,2025-04-28
P02711,Aarav Singh,41,Male,Akola,Self Pay,2025-07-21
P02712,Isha Joshi,55,Female,Amravati,Private Insurance,2024-08-13
P02713,Rahul Gupta,41,Female,Amravati,Corporate Insurance,2024-07-08
P02714,Rahul Verma,20,Male,Bhandara,Self Pay,2025-10-21
P02715,Ananya Singh,39,Female,Chandrapur,Self Pay,2025-12-25
P02716,Priya Verma,43,Male,Pune,Corporate Insurance,2024-08-06
P02717,Rahul Jain,44,Female,Pune,Private Insurance,2024-02-17
P02718,Pooja Khan,45,Female,Pune,Government Scheme,2025-04-01
P02719,Neha Joshi,62,Female,Pune,Self Pay,2024-01-12
P02720,Neha Verma,21,Male,Mumbai,Self Pay,2024-05-19
P02721,Isha Pawar,45,Male,Bhandara,Self Pay,2025-01-19
P02722,Pooja Reddy,67,Female,Chandrapur,Private Insurance,2024-09-26
P02723,Ananya Patil,9,Female,Nashik,Government Scheme,2024-02-05
P02724,Aarav Gupta,45,Female,Nagpur,Private Insurance,2024-09-13
P02725,Ananya Pawar,31,Male,Amravati,Government Scheme,2025-05-07
P02726,Vikram Verma,35,Male,Mumbai,Corporate Insurance,2025-07-01
P02727,Sneha Verma,25,Female,Bhandara,Private Insurance,2025-07-03
P02728,Aarav Shah,39,Male,Nagpur,Private Insurance,2024-07-28
P02729,Priya Deshmukh,77,Male,Amravati,Government Scheme,2025-04-29
P02730,Aarav Singh,18,Male,Nagpur,Corporate Insurance,2024-08-27
P02731,Arjun Reddy,20,Female,Amravati,Private Insurance,2025-04-20
P02732,Karan Reddy,17,Male,Bhandara,Private Insurance,2024-01-07
P02733,Vivaan Kulkarni,75,Male,Wardha,Government Scheme,2024-10-25
P02734,Ananya Verma,33,Female,Wardha,Government Scheme,2024-08-18
P02735,Vikram Gupta,42,Female,Nagpur,Private Insurance,2025-05-02
P02736,Vivaan Joshi,34,Female,Wardha,Self Pay,2024-07-17
P02737,Rahul Pawar,24,Female,Nagpur,Self Pay,2024-08-06
P02738,Rahul Deshmukh,38,Female,Amravati,Government Scheme,2025-02-01
P02739,Neha Verma,89,Male,Chandrapur,Private Insurance,2025-04-22
P02740,Aarav Deshmukh,68,Male,Nagpur,Government Scheme,2024-10-20
P02741,Meera Joshi,26,Female,Mumbai,Private Insurance,2025-10-13
P02742,Nisha Khan,54,Female,Chandrapur,Government Scheme,2025-12-16
P02743,Rahul Rao,26,Male,Nagpur,Self Pay,2025-03-18
P02744,Sneha Khan,8,Male,Amravati,Private Insurance,2025-02-02
P02745,Vivaan Joshi,61,Female,Nagpur,Private Insurance,2025-01-15
P02746,Priya Shah,64,Male,Nagpur,Private Insurance,2024-02-23
P02747,Riya Singh,62,Female,Mumbai,Private Insurance,2024-10-27
P02748,Vivaan Reddy,33,Female,Akola,Private Insurance,2025-08-13
P02749,Nisha Khan,39,Male,Nashik,Government Scheme,2025-05-21
P02750,Pooja Deshmukh,56,Male,Chandrapur,Self Pay,2024-02-08
P02751,Sneha Singh,49,Female,Mumbai,Private Insurance,2024-04-11
P02752,Aditya Deshmukh,35,Male,Mumbai,Private Insurance,2025-09-03
P02753,Isha Gupta,11,Male,Nagpur,Corporate Insurance,2025-06-20
P02754,Meera Rao,44,Female,Nagpur,Government Scheme,2024-10-22
P02755,Priya Reddy,63,Male,Amravati,Self Pay,2025-11-18
P02756,Aarav Joshi,19,Female,Amravati,Government Scheme,2024-02-15
P02757,Riya Khan,54,Female,Bhandara,Private Insurance,2025-07-09
P02758,Vikram Verma,48,Female,Nagpur,Private Insurance,2025-12-14
P02759,Sneha Sharma,56,Female,Pune,Self Pay,2024-11-15
P02760,Vivaan Mehta,59,Female,Nagpur,Corporate Insurance,2024-12-27
P02761,Pooja Mehta,29,Male,Pune,Government Scheme,2024-06-04
P02762,Diya Verma,11,Female,Amravati,Government Scheme,2025-09-16
P02763,Vikram Jain,32,Male,Nagpur,Government Scheme,2025-06-13
P02764,Rohan Sharma,59,Female,Pune,Private Insurance,2024-11-03
P02765,Diya Pawar,32,Male,Wardha,Private Insurance,2024-06-20
P02766,Ananya Rao,29,Male,Nashik,Corporate Insurance,2024-12-02
P02767,Priya Jain,7,Female,Mumbai,Private Insurance,2024-11-25
P02768,Rohan Pawar,75,Male,Nagpur,Private Insurance,2024-09-21
P02769,Vikram Gupta,58,Male,Nagpur,Self Pay,2025-09-04
P02770,Aditya Jain,57,Female,Nagpur,Government Scheme,2024-09-26
P02771,Diya Rao,60,Female,Nagpur,Corporate Insurance,2024-03-24
P02772,Meera Deshmukh,53,Male,Jabalpur,Private Insurance,2025-08-02
P02773,Sneha Sharma,37,Male,Pune,Corporate Insurance,2025-06-17
P02774,Sneha Gupta,39,Female,Amravati,Private Insurance,2024-01-23
P02775,Aarav Kulkarni,34,Male,Akola,Private Insurance,2025-05-22
P02776,Diya Joshi,90,Female,Mumbai,Government Scheme,2024-12-23
P02777,Aditya Singh,53,Female,Nagpur,Corporate Insurance,2025-05-06
P02778,Diya Verma,33,Male,Nagpur,Government Scheme,2024-07-12
P02779,Meera Rao,51,Other,Pune,Private Insurance,2024-05-09
P02780,Riya Joshi,23,Female,Nashik,Government Scheme,2025-02-10
P02781,Vikram Mehta,71,Female,Nagpur,Private Insurance,2024-02-09
P02782,Aditya Rao,29,Female,Wardha,Self Pay,2024-06-06
P02783,Ananya Kulkarni,52,Male,Nagpur,Corporate Insurance,2024-02-02
P02784,Aditi Deshmukh,62,Female,Chandrapur,Self Pay,2024-09-11
P02785,Arjun Reddy,49,Female,Chandrapur,Government Scheme,2025-10-23
P02786,Sneha Shah,44,Female,Nagpur,Government Scheme,2025-01-24
P02787,Aditya Pawar,42,Male,Pune,Government Scheme,2025-06-23
P02788,Pooja Sharma,41,Female,Wardha,Private Insurance,2025-06-25
P02789,Rohan Gupta,31,Male,Akola,Private Insurance,2024-04-02
P02790,Rahul Pawar,33,Female,Chandrapur,Self Pay,2025-11-21
P02791,Aditi Khan,70,Female,Wardha,Self Pay,2024-04-22
P02792,Isha Rao,40,Female,Nagpur,Private Insurance,2024-06-26
P02793,Kavya Pawar,27,Female,Nagpur,Self Pay,2025-04-23
P02794,Vivaan Verma,32,Female,Nashik,Self Pay,2024-12-18
P02795,Nisha Pawar,63,Female,Chandrapur,Corporate Insurance,2024-06-05
P02796,Nisha Patil,55,Female,Nagpur,Corporate Insurance,2024-09-11
P02797,Arjun Deshmukh,53,Female,Jabalpur,Private Insurance,2024-10-25
P02798,Vivaan Gupta,37,Female,Pune,Government Scheme,2025-03-18
P02799,Aditi Sharma,53,Female,Nagpur,Self Pay,2025-07-31
P02800,Nisha Patil,30,Female,Nagpur,Self Pay,2024-09-24
P02801,Aarav Sharma,37,Female,Bhandara,Private Insurance,2024-10-13
P02802,Pooja Deshmukh,60,Male,Nagpur,Government Scheme,2024-03-11
P02803,Aditya Mehta,59,Male,Jabalpur,Corporate Insurance,2025-11-28
P02804,Priya Gupta,23,Male,Chandrapur,Private Insurance,2025-03-24
P02805,Pooja Reddy,26,Female,Nagpur,Private Insurance,2024-07-08
P02806,Isha Reddy,44,Other,Wardha,Private Insurance,2024-01-26
P02807,Karan Mehta,75,Male,Nagpur,Private Insurance,2025-11-24
P02808,Priya Joshi,6,Female,Wardha,Government Scheme,2024-02-01
P02809,Priya Gupta,47,Female,Nagpur,Private Insurance,2024-05-12
P02810,Vivaan Kulkarni,16,Male,Pune,Self Pay,2025-10-07
P02811,Vivaan Shah,30,Male,Nashik,Private Insurance,2024-09-03
P02812,Riya Patil,35,Male,Mumbai,Self Pay,2025-09-27
P02813,Neha Joshi,34,Male,Nagpur,Private Insurance,2025-02-05
P02814,Meera Singh,32,Male,Amravati,Self Pay,2025-02-14
P02815,Pooja Khan,42,Male,Pune,Private Insurance,2025-11-11
P02816,Rohan Gupta,32,Female,Amravati,Self Pay,2024-01-14
P02817,Meera Verma,14,Female,Amravati,Private Insurance,2024-09-10
P02818,Kavya Pawar,57,Male,Jabalpur,Government Scheme,2024-09-07
P02819,Neha Singh,56,Female,Nashik,Private Insurance,2025-06-18
P02820,Vikram Khan,58,Female,Mumbai,Private Insurance,2024-09-09
P02821,Priya Mehta,13,Female,Amravati,Self Pay,2025-10-04
P02822,Karan Pawar,48,Female,Bhandara,Private Insurance,2025-06-10
P02823,Riya Gupta,55,Female,Wardha,Corporate Insurance,2025-10-24
P02824,Kavya Gupta,22,Male,Wardha,Government Scheme,2025-08-15
P02825,Aditya Sharma,42,Female,Nagpur,Private Insurance,2025-06-29
P02826,Diya Shah,40,Male,Pune,Corporate Insurance,2024-09-15
P02827,Rahul Reddy,77,Female,Amravati,Private Insurance,2025-06-15
P02828,Kavya Singh,79,Male,Bhandara,Self Pay,2024-11-03
P02829,Pooja Pawar,10,Male,Pune,Private Insurance,2024-09-07
P02830,Priya Joshi,89,Male,Nashik,Government Scheme,2024-06-13
P02831,Aarav Pawar,25,Female,Nagpur,Self Pay,2025-10-15
P02832,Aditya Deshmukh,61,Female,Chandrapur,Private Insurance,2025-06-15
P02833,Isha Gupta,60,Male,Wardha,Self Pay,2024-02-05
P02834,Vikram Pawar,23,Male,Nagpur,Private Insurance,2024-09-11
P02835,Kavya Sharma,51,Female,Nagpur,Self Pay,2025-02-27
P02836,Rahul Verma,40,Male,Chandrapur,Private Insurance,2025-05-30
P02837,Rohan Patil,53,Male,Nashik,Private Insurance,2024-08-12
P02838,Rahul Deshmukh,46,Female,Jabalpur,Private Insurance,2025-05-31
P02839,Riya Gupta,65,Male,Amravati,Government Scheme,2024-07-17
P02840,Karan Khan,43,Female,Amravati,Corporate Insurance,2024-04-24
P02841,Meera Verma,39,Female,Nagpur,Corporate Insurance,2024-03-04
P02842,Rahul Sharma,63,Male,Jabalpur,Self Pay,2025-10-08
P02843,Rohan Gupta,53,Male,Pune,Self Pay,2025-04-25
P02844,Ananya Joshi,56,Male,Jabalpur,Corporate Insurance,2025-08-24
P02845,Riya Jain,29,Male,Wardha,Government Scheme,2025-01-26
P02846,Ananya Mehta,22,Other,Nagpur,Private Insurance,2025-03-01
P02847,Karan Khan,31,Female,Bhandara,Self Pay,2024-07-31
P02848,Pooja Singh,30,Female,Amravati,Private Insurance,2024-03-04
P02849,Karan Khan,57,Female,Amravati,Self Pay,2025-06-06
P02850,Aditya Gupta,61,Male,Nagpur,Government Scheme,2024-05-02
P02851,Kavya Singh,39,Female,Nagpur,Private Insurance,2025-09-30
P02852,Vikram Shah,69,Male,Amravati,Self Pay,2024-03-08
P02853,Ananya Shah,68,Female,Mumbai,Private Insurance,2025-12-14
P02854,Rohan Jain,47,Female,Nashik,Corporate Insurance,2024-12-04
P02855,Vivaan Jain,26,Male,Nashik,Corporate Insurance,2024-07-25
P02856,Meera Shah,72,Male,Nagpur,Government Scheme,2024-07-12
P02857,Pooja Rao,41,Female,Nashik,Self Pay,2025-05-09
P02858,Ananya Pawar,44,Male,Amravati,Private Insurance,2025-08-29
P02859,Ananya Kulkarni,36,Male,Nagpur,Government Scheme,2024-12-13
P02860,Vikram Kulkarni,25,Male,Amravati,Corporate Insurance,2024-11-14
P02861,Aarav Jain,14,Female,Nagpur,Private Insurance,2025-10-03
P02862,Vivaan Rao,54,Male,Pune,Private Insurance,2024-11-26
P02863,Vikram Khan,27,Female,Pune,Private Insurance,2024-08-29
P02864,Aarav Gupta,90,Female,Nagpur,Self Pay,2025-11-04
P02865,Nisha Kulkarni,21,Male,Chandrapur,Self Pay,2025-08-08
P02866,Diya Verma,18,Female,Amravati,Private Insurance,2025-02-25
P02867,Neha Singh,52,Female,Nagpur,Private Insurance,2024-01-09
P02868,Isha Rao,71,Female,Chandrapur,Self Pay,2024-10-09
P02869,Meera Mehta,43,Female,Nashik,Private Insurance,2025-12-14
P02870,Diya Kulkarni,53,Male,Nashik,Private Insurance,2025-12-18
P02871,Meera Gupta,7,Female,Nagpur,Private Insurance,2025-05-06
P02872,Pooja Shah,29,Male,Wardha,Self Pay,2024-12-03
P02873,Rahul Verma,22,Male,Nagpur,Private Insurance,2025-09-19
P02874,Karan Rao,6,Female,Nagpur,Private Insurance,2025-02-27
P02875,Karan Joshi,44,Male,Nagpur,Government Scheme,2024-02-13
P02876,Neha Mehta,1,Female,Nagpur,Private Insurance,2024-10-05
P02877,Ananya Shah,17,Female,Nagpur,Corporate Insurance,2024-08-24
P02878,Priya Singh,32,Female,Amravati,Corporate Insurance,2025-05-03
P02879,Aditya Reddy,26,Female,Akola,Government Scheme,2024-06-09
P02880,Vikram Pawar,50,Female,Nagpur,Government Scheme,2025-07-20
P02881,Vivaan Singh,48,Female,Nagpur,Private Insurance,2024-06-26
P02882,Aditya Sharma,59,Male,Jabalpur,Government Scheme,2025-04-03
P02883,Aditi Patil,56,Male,Mumbai,Private Insurance,2024-08-07
P02884,Sneha Pawar,64,Male,Nagpur,Government Scheme,2024-06-30
P02885,Rohan Gupta,42,Male,Amravati,Private Insurance,2025-05-29
P02886,Aditya Singh,48,Male,Nagpur,Self Pay,2025-11-18
P02887,Kavya Gupta,52,Female,Jabalpur,Private Insurance,2025-08-06
P02888,Nisha Deshmukh,45,Male,Amravati,Government Scheme,2025-01-08
P02889,Nisha Jain,34,Female,Nagpur,Private Insurance,2025-10-29
P02890,Vivaan Mehta,36,Male,Nashik,Private Insurance,2025-08-25
P02891,Vivaan Rao,26,Male,Akola,Government Scheme,2025-11-01
P02892,Neha Joshi,50,Female,Nagpur,Government Scheme,2024-01-07
P02893,Nisha Verma,40,Male,Nagpur,Corporate Insurance,2025-08-16
P02894,Aditya Verma,29,Male,Amravati,Private Insurance,2025-01-12
P02895,Riya Reddy,29,Male,Nagpur,Private Insurance,2025-05-24
P02896,Nisha Pawar,19,Female,Nagpur,Government Scheme,2025-11-13
P02897,Arjun Reddy,61,Male,Pune,Private Insurance,2025-01-14
P02898,Isha Reddy,43,Male,Nashik,Corporate Insurance,2025-05-17
P02899,Vivaan Joshi,26,Female,Akola,Private Insurance,2025-12-18
P02900,Rohan Shah,57,Male,Akola,Corporate Insurance,2024-03-24
P02901,Riya Shah,31,Female,Bhandara,Self Pay,2025-06-25
P02902,Priya Kulkarni,15,Male,Amravati,Private Insurance,2025-06-02
P02903,Aditi Rao,61,Female,Nashik,Government Scheme,2024-05-18
P02904,Riya Deshmukh,32,Female,Nagpur,Government Scheme,2024-01-11
P02905,Riya Jain,34,Female,Nagpur,Government Scheme,2025-04-06
P02906,Vikram Joshi,43,Male,Nagpur,Private Insurance,2024-09-26
P02907,Aditi Jain,64,Male,Nashik,Government Scheme,2024-08-16
P02908,Rahul Joshi,42,Female,Chandrapur,Self Pay,2024-06-21
P02909,Meera Kulkarni,19,Female,Wardha,Government Scheme,2025-02-01
P02910,Kavya Khan,52,Male,Wardha,Government Scheme,2024-07-02
P02911,Kavya Shah,33,Female,Pune,Corporate Insurance,2024-02-24
P02912,Aditi Rao,78,Female,Nagpur,Government Scheme,2024-01-31
P02913,Nisha Khan,42,Male,Amravati,Government Scheme,2024-07-08
P02914,Vikram Deshmukh,1,Female,Nashik,Private Insurance,2025-03-26
P02915,Meera Gupta,49,Male,Chandrapur,Private Insurance,2025-01-20
P02916,Arjun Verma,79,Female,Amravati,Private Insurance,2025-06-25
P02917,Kavya Verma,72,Male,Nagpur,Government Scheme,2025-03-13
P02918,Vivaan Joshi,77,Male,Jabalpur,Self Pay,2024-08-01
P02919,Arjun Deshmukh,23,Female,Amravati,Private Insurance,2025-10-31
P02920,Ananya Reddy,59,Male,Mumbai,Self Pay,2025-03-04
P02921,Vikram Rao,28,Male,Nashik,Private Insurance,2025-03-27
P02922,Riya Deshmukh,46,Male,Mumbai,Private Insurance,2024-12-29
P02923,Priya Jain,18,Female,Nagpur,Private Insurance,2024-11-04
P02924,Sneha Joshi,30,Female,Wardha,Government Scheme,2025-12-25
P02925,Sneha Kulkarni,29,Male,Nagpur,Private Insurance,2024-10-11
P02926,Rohan Deshmukh,59,Female,Nagpur,Private Insurance,2025-08-16
P02927,Vikram Verma,57,Female,Nagpur,Government Scheme,2024-03-02
P02928,Isha Shah,47,Female,Amravati,Government Scheme,2025-11-21
P02929,Aditya Khan,16,Male,Amravati,Government Scheme,2025-07-06
P02930,Vivaan Kulkarni,36,Female,Chandrapur,Private Insurance,2025-08-24
P02931,Vivaan Mehta,28,Female,Nagpur,Private Insurance,2024-08-21
P02932,Karan Patil,59,Male,Nagpur,Private Insurance,2025-04-25
P02933,Rohan Pawar,64,Female,Amravati,Private Insurance,2025-07-05
P02934,Pooja Patil,62,Female,Akola,Government Scheme,2024-02-21
P02935,Karan Patil,28,Female,Nagpur,Government Scheme,2025-04-18
P02936,Rohan Verma,1,Female,Nashik,Corporate Insurance,2025-09-18
P02937,Meera Patil,8,Other,Nagpur,Self Pay,2025-09-10
P02938,Priya Jain,69,Female,Bhandara,Private Insurance,2025-07-09
P02939,Nisha Kulkarni,34,Male,Nashik,Private Insurance,2025-10-14
P02940,Diya Singh,28,Female,Wardha,Corporate Insurance,2024-07-24
P02941,Aditi Sharma,73,Female,Chandrapur,Private Insurance,2025-05-17
P02942,Arjun Joshi,66,Female,Mumbai,Government Scheme,2024-07-15
P02943,Arjun Kulkarni,42,Male,Nagpur,Self Pay,2025-09-21
P02944,Aarav Patil,36,Female,Amravati,Government Scheme,2025-01-17
P02945,Neha Deshmukh,39,Female,Mumbai,Private Insurance,2025-08-27
P02946,Karan Sharma,46,Male,Pune,Private Insurance,2024-07-25
P02947,Pooja Reddy,72,Female,Chandrapur,Private Insurance,2024-08-12
P02948,Neha Shah,50,Male,Nagpur,Private Insurance,2025-12-09
P02949,Vikram Sharma,56,Female,Nagpur,Private Insurance,2025-10-22
P02950,Rahul Shah,64,Female,Pune,Government Scheme,2024-05-21
P02951,Vivaan Reddy,20,Male,Akola,Government Scheme,2024-10-09
P02952,Priya Deshmukh,56,Female,Nagpur,Private Insurance,2024-04-21
P02953,Riya Joshi,36,Female,Nagpur,Private Insurance,2025-04-09
P02954,Neha Rao,1,Female,Pune,Corporate Insurance,2024-02-01
P02955,Vikram Mehta,2,Female,Bhandara,Private Insurance,2024-01-19
P02956,Nisha Pawar,23,Male,Jabalpur,Private Insurance,2025-02-07
P02957,Neha Deshmukh,52,Female,Amravati,Government Scheme,2025-10-15
P02958,Kavya Joshi,44,Male,Amravati,Private Insurance,2025-06-24
P02959,Rahul Mehta,46,Female,Nagpur,Private Insurance,2025-05-22
P02960,Rohan Khan,79,Female,Wardha,Private Insurance,2025-03-04
P02961,Vikram Gupta,18,Female,Nagpur,Corporate Insurance,2024-05-12
P02962,Nisha Sharma,41,Male,Nagpur,Government Scheme,2024-06-01
P02963,Sneha Deshmukh,48,Male,Nagpur,Government Scheme,2025-03-26
P02964,Kavya Khan,28,Male,Nagpur,Corporate Insurance,2025-11-05
P02965,Priya Singh,43,Female,Pune,Government Scheme,2024-02-04
P02966,Aarav Gupta,12,Female,Nagpur,Private Insurance,2024-10-03
P02967,Sneha Pawar,69,Male,Wardha,Government Scheme,2024-05-17
P02968,Arjun Jain,29,Female,Akola,Government Scheme,2024-04-12
P02969,Rahul Singh,81,Male,Nagpur,Private Insurance,2024-09-15
P02970,Priya Joshi,41,Female,Bhandara,Self Pay,2024-05-19
P02971,Aarav Rao,62,Female,Pune,Private Insurance,2024-06-28
P02972,Pooja Sharma,41,Female,Bhandara,Private Insurance,2024-11-15
P02973,Arjun Pawar,41,Female,Wardha,Private Insurance,2025-06-26
P02974,Riya Joshi,31,Male,Pune,Private Insurance,2025-02-01
P02975,Isha Khan,44,Male,Jabalpur,Corporate Insurance,2025-01-31
P02976,Riya Pawar,48,Male,Pune,Government Scheme,2025-03-15
P02977,Ananya Deshmukh,27,Male,Amravati,Private Insurance,2024-06-13
P02978,Isha Kulkarni,40,Female,Chandrapur,Government Scheme,2024-02-23
P02979,Riya Kulkarni,30,Male,Bhandara,Self Pay,2024-01-21
P02980,Pooja Shah,86,Female,Nagpur,Government Scheme,2025-09-25
P02981,Diya Sharma,40,Male,Amravati,Government Scheme,2025-10-01
P02982,Diya Joshi,71,Female,Pune,Self Pay,2024-09-02
P02983,Karan Rao,38,Male,Nagpur,Private Insurance,2025-07-26
P02984,Neha Deshmukh,47,Male,Mumbai,Government Scheme,2024-07-08
P02985,Meera Shah,17,Male,Jabalpur,Government Scheme,2024-08-10
P02986,Pooja Verma,34,Male,Nagpur,Self Pay,2025-05-16
P02987,Priya Jain,46,Male,Nagpur,Corporate Insurance,2025-11-07
P02988,Sneha Pawar,72,Male,Jabalpur,Corporate Insurance,2025-03-23
P02989,Aarav Khan,46,Male,Nagpur,Private Insurance,2025-12-01
P02990,Aditi Singh,68,Female,Nashik,Self Pay,2025-12-25
P02991,Meera Kulkarni,54,Male,Nagpur,Self Pay,2024-01-22
P02992,Vivaan Rao,73,Female,Nagpur,Private Insurance,2024-10-26
P02993,Vikram Khan,41,Male,Nagpur,Corporate Insurance,2024-12-10
P02994,Isha Khan,87,Male,Nagpur,Corporate Insurance,2024-05-13
P02995,Vivaan Khan,33,Female,Mumbai,Self Pay,2024-06-04
P02996,Meera Kulkarni,27,Male,Nagpur,Private Insurance,2025-12-11
P02997,Sneha Singh,19,Female,Nagpur,Private Insurance,2024-05-10
P02998,Pooja Singh,86,Male,Akola,Corporate Insurance,2024-12-17
P02999,Pooja Reddy,58,Male,Jabalpur,Corporate Insurance,2024-12-17
P03000,Kavya Rao,36,Male,Amravati,Private Insurance,2025-04-27
P03001,Isha Kulkarni,66,Male,Nashik,Private Insurance,2025-02-03
P03002,Vivaan Singh,55,Female,Nagpur,Government Scheme,2024-01-31
P03003,Neha Verma,79,Female,Pune,Private Insurance,2024-11-25
P03004,Aarav Mehta,13,Male,Nashik,Government Scheme,2024-09-02
P03005,Aditya Khan,37,Female,Mumbai,Corporate Insurance,2024-04-03
P03006,Aditi Reddy,33,Female,Chandrapur,Private Insurance,2025-12-21
P03007,Rohan Singh,5,Female,Jabalpur,Self Pay,2025-01-29
P03008,Nisha Khan,62,Female,Amravati,Government Scheme,2025-12-04
P03009,Rahul Patil,37,Other,Nashik,Private Insurance,2025-10-30
P03010,Isha Singh,56,Female,Nashik,Government Scheme,2025-12-19
P03011,Arjun Gupta,87,Female,Nagpur,Government Scheme,2024-06-21
P03012,Ananya Kulkarni,35,Male,Mumbai,Self Pay,2025-08-24
P03013,Vivaan Verma,34,Male,Nashik,Government Scheme,2024-01-30
P03014,Kavya Verma,44,Female,Mumbai,Corporate Insurance,2024-12-31
P03015,Kavya Mehta,61,Male,Amravati,Private Insurance,2025-09-26
P03016,Riya Pawar,31,Female,Pune,Corporate Insurance,2025-02-21
P03017,Vikram Joshi,30,Male,Nagpur,Government Scheme,2024-05-27
P03018,Isha Jain,62,Female,Jabalpur,Private Insurance,2024-02-24
P03019,Kavya Patil,49,Female,Nagpur,Private Insurance,2024-11-30
P03020,Nisha Verma,3,Female,Chandrapur,Private Insurance,2025-08-02
P03021,Rahul Gupta,19,Male,Nagpur,Government Scheme,2025-11-02
P03022,Vikram Deshmukh,71,Female,Akola,Corporate Insurance,2025-06-30
P03023,Karan Mehta,50,Female,Amravati,Self Pay,2024-11-18
P03024,Aarav Khan,28,Male,Mumbai,Private Insurance,2025-06-01
P03025,Riya Khan,39,Female,Mumbai,Private Insurance,2025-07-26
P03026,Diya Pawar,42,Male,Amravati,Government Scheme,2024-10-06
P03027,Isha Gupta,56,Female,Pune,Corporate Insurance,2024-07-11
P03028,Kavya Singh,16,Female,Akola,Self Pay,2024-07-13
P03029,Vivaan Jain,26,Female,Amravati,Private Insurance,2025-06-28
P03030,Rohan Pawar,47,Female,Amravati,Private Insurance,2025-08-14
P03031,Arjun Kulkarni,40,Female,Nagpur,Private Insurance,2024-05-21
P03032,Aditya Joshi,53,Male,Nagpur,Government Scheme,2025-12-12
P03033,Riya Patil,19,Male,Wardha,Private Insurance,2024-01-14
P03034,Karan Sharma,49,Female,Bhandara,Private Insurance,2024-11-05
P03035,Arjun Khan,63,Female,Wardha,Self Pay,2024-12-18
P03036,Meera Gupta,51,Male,Jabalpur,Government Scheme,2024-02-10
P03037,Vivaan Khan,45,Female,Nagpur,Corporate Insurance,2025-06-12
P03038,Rahul Kulkarni,40,Male,Pune,Self Pay,2025-10-19
P03039,Aditya Shah,26,Male,Pune,Private Insurance,2024-06-22
P03040,Riya Singh,41,Female,Nashik,Private Insurance,2025-05-18
P03041,Diya Deshmukh,66,Male,Bhandara,Government Scheme,2025-11-25
P03042,Rahul Rao,40,Male,Nagpur,Self Pay,2025-05-05
P03043,Nisha Verma,25,Male,Mumbai,Government Scheme,2024-11-25
P03044,Priya Jain,33,Male,Nashik,Corporate Insurance,2025-11-20
P03045,Ananya Joshi,46,Female,Pune,Self Pay,2024-10-20
P03046,Karan Kulkarni,35,Male,Nagpur,Government Scheme,2025-05-04
P03047,Vikram Kulkarni,51,Female,Bhandara,Private Insurance,2025-07-16
P03048,Arjun Verma,52,Female,Amravati,Private Insurance,2025-03-26
P03049,Arjun Gupta,59,Other,Chandrapur,Government Scheme,2024-08-17
P03050,Rahul Shah,69,Female,Nashik,Private Insurance,2025-06-02
P03051,Aditi Mehta,61,Male,Nagpur,Self Pay,2024-08-14
P03052,Priya Kulkarni,24,Male,Nagpur,Government Scheme,2024-12-19
P03053,Karan Patil,25,Male,Nagpur,Private Insurance,2025-02-01
P03054,Priya Joshi,41,Male,Nagpur,Self Pay,2024-07-28
P03055,Aarav Rao,33,Male,Nagpur,Government Scheme,2025-07-13
P03056,Rohan Patil,20,Other,Nagpur,Private Insurance,2024-07-02
P03057,Meera Singh,34,Male,Amravati,Government Scheme,2024-04-27
P03058,Rahul Joshi,33,Male,Akola,Self Pay,2025-06-14
P03059,Aditya Shah,29,Male,Pune,Government Scheme,2025-10-04
P03060,Ananya Gupta,36,Female,Amravati,Private Insurance,2024-06-26
P03061,Nisha Rao,64,Female,Nagpur,Self Pay,2025-01-13
P03062,Riya Pawar,46,Female,Nashik,Self Pay,2025-11-10
P03063,Aditi Joshi,89,Female,Amravati,Private Insurance,2024-09-27
P03064,Sneha Singh,45,Female,Nagpur,Private Insurance,2024-10-21
P03065,Priya Patil,36,Male,Wardha,Government Scheme,2025-05-24
P03066,Aditya Reddy,42,Male,Jabalpur,Private Insurance,2025-04-07
P03067,Rahul Gupta,47,Male,Amravati,Corporate Insurance,2024-04-02
P03068,Neha Reddy,50,Male,Jabalpur,Private Insurance,2024-02-01
P03069,Vikram Mehta,81,Male,Nagpur,Self Pay,2024-09-22
P03070,Priya Deshmukh,26,Male,Nagpur,Corporate Insurance,2024-11-23
P03071,Meera Rao,58,Male,Nagpur,Private Insurance,2025-03-23
P03072,Aditi Rao,46,Female,Nashik,Government Scheme,2024-10-18
P03073,Vivaan Mehta,12,Male,Bhandara,Private Insurance,2024-04-06
P03074,Diya Shah,57,Female,Bhandara,Government Scheme,2025-07-04
P03075,Ananya Khan,66,Female,Jabalpur,Corporate Insurance,2024-11-11
P03076,Isha Patil,26,Female,Wardha,Corporate Insurance,2024-02-10
P03077,Vikram Reddy,42,Male,Nagpur,Government Scheme,2025-03-11
P03078,Aditya Joshi,9,Male,Akola,Self Pay,2024-10-20
P03079,Aditya Khan,18,Female,Nagpur,Self Pay,2025-01-26
P03080,Kavya Mehta,62,Male,Bhandara,Private Insurance,2025-09-18
P03081,Vivaan Rao,33,Female,Pune,Self Pay,2024-05-19
P03082,Riya Mehta,21,Female,Wardha,Private Insurance,2025-05-03
P03083,Riya Mehta,46,Female,Nagpur,Corporate Insurance,2024-03-27
P03084,Aarav Khan,32,Female,Bhandara,Corporate Insurance,2025-07-21
P03085,Nisha Pawar,33,Male,Nagpur,Government Scheme,2024-09-23
P03086,Nisha Sharma,56,Female,Nagpur,Private Insurance,2025-07-11
P03087,Meera Rao,20,Female,Wardha,Corporate Insurance,2024-01-30
P03088,Meera Shah,25,Female,Nagpur,Private Insurance,2025-04-28
P03089,Rahul Jain,45,Male,Nagpur,Government Scheme,2024-07-02
P03090,Nisha Gupta,60,Other,Bhandara,Government Scheme,2024-10-12
P03091,Diya Shah,66,Male,Amravati,Private Insurance,2024-06-19
P03092,Priya Shah,29,Male,Amravati,Private Insurance,2024-10-18
P03093,Sneha Rao,60,Male,Jabalpur,Private Insurance,2025-07-31
P03094,Karan Joshi,27,Female,Nagpur,Corporate Insurance,2024-02-07
P03095,Meera Kulkarni,77,Female,Nagpur,Self Pay,2025-03-15
P03096,Ananya Deshmukh,20,Male,Mumbai,Self Pay,2024-05-22
P03097,Aditya Kulkarni,67,Female,Nagpur,Government Scheme,2024-10-16
P03098,Sneha Pawar,30,Female,Mumbai,Self Pay,2025-02-11
P03099,Pooja Deshmukh,80,Female,Akola,Government Scheme,2024-03-11
P03100,Nisha Khan,53,Female,Bhandara,Self Pay,2025-10-15
P03101,Neha Mehta,23,Female,Nagpur,Corporate Insurance,2025-05-12
P03102,Nisha Mehta,32,Female,Amravati,Private Insurance,2025-03-22
P03103,Diya Khan,57,Female,Pune,Corporate Insurance,2025-11-09
P03104,Ananya Deshmukh,62,Male,Nagpur,Corporate Insurance,2024-10-09
P03105,Aditi Singh,41,Male,Nashik,Government Scheme,2024-04-12
P03106,Pooja Khan,43,Female,Pune,Corporate Insurance,2025-08-30
P03107,Karan Jain,56,Female,Akola,Corporate Insurance,2025-04-08
P03108,Karan Khan,45,Female,Nagpur,Private Insurance,2024-11-23
P03109,Kavya Singh,17,Female,Nashik,Private Insurance,2024-03-03
P03110,Diya Khan,27,Female,Nashik,Self Pay,2024-07-08
P03111,Vivaan Mehta,46,Female,Nagpur,Self Pay,2025-03-01
P03112,Isha Pawar,65,Male,Mumbai,Private Insurance,2024-02-28
P03113,Rohan Deshmukh,73,Male,Nagpur,Government Scheme,2025-02-04
P03114,Vikram Mehta,57,Male,Jabalpur,Government Scheme,2025-08-27
P03115,Aarav Singh,47,Male,Nagpur,Government Scheme,2024-11-24
P03116,Aditi Khan,56,Male,Nagpur,Private Insurance,2025-03-25
P03117,Rahul Verma,29,Male,Akola,Private Insurance,2024-06-07
P03118,Karan Deshmukh,39,Male,Nagpur,Self Pay,2025-02-27
P03119,Meera Jain,26,Male,Nagpur,Private Insurance,2024-05-13
P03120,Isha Sharma,18,Male,Nagpur,Government Scheme,2025-06-10
P03121,Riya Shah,48,Male,Pune,Government Scheme,2025-01-23
P03122,Isha Kulkarni,46,Male,Nagpur,Corporate Insurance,2025-03-17
P03123,Priya Sharma,55,Female,Chandrapur,Corporate Insurance,2024-08-21
P03124,Rohan Pawar,52,Female,Bhandara,Corporate Insurance,2024-09-12
P03125,Vikram Patil,47,Female,Wardha,Government Scheme,2025-04-26
P03126,Nisha Joshi,53,Female,Amravati,Private Insurance,2025-03-26
P03127,Rohan Rao,41,Female,Nagpur,Private Insurance,2025-05-19
P03128,Rohan Pawar,50,Female,Jabalpur,Government Scheme,2024-04-12
P03129,Isha Rao,28,Female,Pune,Private Insurance,2024-05-17
P03130,Aditi Kulkarni,49,Male,Mumbai,Private Insurance,2024-08-04
P03131,Aarav Mehta,55,Female,Nashik,Private Insurance,2024-10-09
P03132,Priya Sharma,29,Female,Pune,Private Insurance,2025-01-27
P03133,Aditya Verma,43,Female,Jabalpur,Government Scheme,2025-01-14
P03134,Kavya Verma,30,Female,Wardha,Corporate Insurance,2024-02-20
P03135,Riya Patil,32,Male,Mumbai,Private Insurance,2024-01-26
P03136,Isha Rao,21,Male,Nagpur,Private Insurance,2025-08-22
P03137,Priya Kulkarni,66,Female,Nagpur,Government Scheme,2025-02-27
P03138,Vikram Pawar,62,Male,Wardha,Private Insurance,2024-02-02
P03139,Rahul Kulkarni,52,Female,Wardha,Corporate Insurance,2025-09-14
P03140,Vivaan Joshi,79,Male,Amravati,Government Scheme,2024-09-28
P03141,Sneha Reddy,38,Male,Bhandara,Private Insurance,2025-04-28
P03142,Ananya Khan,90,Male,Bhandara,Self Pay,2024-11-27
P03143,Diya Patil,38,Female,Mumbai,Government Scheme,2024-05-20
P03144,Aditi Shah,47,Male,Amravati,Government Scheme,2025-05-11
P03145,Aditya Sharma,34,Male,Nagpur,Private Insurance,2024-09-22
P03146,Rohan Khan,49,Male,Akola,Private Insurance,2024-04-23
P03147,Karan Kulkarni,58,Female,Chandrapur,Private Insurance,2024-06-11
P03148,Arjun Reddy,40,Female,Pune,Self Pay,2025-08-22
P03149,Aditi Rao,76,Female,Nagpur,Private Insurance,2025-01-14
P03150,Priya Patil,47,Female,Nagpur,Private Insurance,2024-11-07
P03151,Aditya Patil,47,Male,Jabalpur,Government Scheme,2025-07-24
P03152,Diya Reddy,25,Female,Nagpur,Government Scheme,2024-07-02
P03153,Pooja Kulkarni,50,Female,Akola,Private Insurance,2024-04-19
P03154,Sneha Kulkarni,39,Male,Nagpur,Corporate Insurance,2024-03-12
P03155,Priya Pawar,30,Male,Amravati,Government Scheme,2024-03-15
P03156,Priya Shah,27,Other,Pune,Corporate Insurance,2025-11-06
P03157,Sneha Singh,90,Male,Amravati,Private Insurance,2025-10-19
P03158,Rahul Rao,37,Male,Nagpur,Government Scheme,2024-10-21
P03159,Diya Singh,14,Male,Nashik,Government Scheme,2024-12-10
P03160,Isha Verma,29,Female,Nagpur,Government Scheme,2024-10-05
P03161,Vivaan Joshi,41,Female,Nagpur,Private Insurance,2025-02-04
P03162,Aditi Rao,52,Male,Bhandara,Private Insurance,2024-05-11
P03163,Arjun Pawar,53,Female,Amravati,Corporate Insurance,2025-04-26
P03164,Rahul Pawar,55,Female,Chandrapur,Self Pay,2025-01-04
P03165,Neha Sharma,30,Male,Amravati,Private Insurance,2025-10-28
P03166,Aditi Reddy,48,Female,Amravati,Private Insurance,2024-08-21
P03167,Aditi Kulkarni,25,Female,Amravati,Private Insurance,2025-07-09
P03168,Sneha Rao,30,Female,Mumbai,Government Scheme,2024-05-01
P03169,Arjun Deshmukh,25,Female,Nagpur,Private Insurance,2024-03-08
P03170,Kavya Verma,19,Male,Mumbai,Self Pay,2025-07-03
P03171,Arjun Joshi,62,Female,Amravati,Private Insurance,2025-10-10
P03172,Neha Gupta,55,Female,Amravati,Self Pay,2025-10-17
P03173,Karan Rao,61,Female,Nashik,Corporate Insurance,2024-02-12
P03174,Aditi Shah,43,Male,Amravati,Private Insurance,2024-09-14
P03175,Rohan Mehta,57,Female,Chandrapur,Corporate Insurance,2024-12-11
P03176,Pooja Jain,9,Female,Mumbai,Corporate Insurance,2024-07-28
P03177,Rohan Verma,58,Male,Pune,Government Scheme,2024-08-05
P03178,Vivaan Pawar,45,Female,Wardha,Private Insurance,2024-09-29
P03179,Aarav Mehta,54,Male,Akola,Government Scheme,2024-01-19
P03180,Karan Singh,49,Female,Amravati,Private Insurance,2025-11-06
P03181,Arjun Joshi,23,Female,Nashik,Corporate Insurance,2024-08-07
P03182,Rahul Mehta,14,Female,Nagpur,Government Scheme,2025-03-02
P03183,Aditi Pawar,28,Male,Nagpur,Self Pay,2025-07-30
P03184,Aditya Rao,53,Female,Bhandara,Government Scheme,2024-05-01
P03185,Rahul Singh,55,Female,Nagpur,Private Insurance,2024-05-30
P03186,Rohan Shah,16,Male,Nashik,Government Scheme,2025-04-06
P03187,Aarav Shah,23,Female,Nagpur,Corporate Insurance,2025-12-26
P03188,Neha Reddy,28,Male,Nagpur,Private Insurance,2024-10-19
P03189,Aditi Rao,35,Other,Akola,Private Insurance,2025-10-27
P03190,Aditi Shah,16,Male,Wardha,Corporate Insurance,2024-01-13
P03191,Rahul Deshmukh,15,Female,Jabalpur,Private Insurance,2025-06-21
P03192,Arjun Sharma,26,Female,Nagpur,Corporate Insurance,2025-12-09
P03193,Sneha Verma,44,Male,Nagpur,Private Insurance,2025-06-28
P03194,Isha Gupta,20,Female,Nagpur,Self Pay,2024-03-24
P03195,Isha Shah,40,Female,Wardha,Government Scheme,2024-01-09
P03196,Meera Deshmukh,62,Male,Nagpur,Private Insurance,2024-10-28
P03197,Nisha Kulkarni,17,Male,Nashik,Private Insurance,2025-02-11
P03198,Neha Rao,38,Female,Nagpur,Private Insurance,2025-04-25
P03199,Vivaan Joshi,61,Female,Mumbai,Self Pay,2025-11-08
P03200,Isha Khan,34,Male,Bhandara,Private Insurance,2025-03-03
P03201,Diya Sharma,31,Male,Akola,Private Insurance,2024-07-14
P03202,Neha Singh,64,Male,Nagpur,Government Scheme,2024-01-04
P03203,Aarav Rao,36,Female,Nagpur,Corporate Insurance,2025-11-11
P03204,Riya Verma,63,Female,Amravati,Private Insurance,2025-03-19
P03205,Priya Mehta,50,Female,Bhandara,Government Scheme,2025-05-10
P03206,Ananya Patil,35,Female,Bhandara,Corporate Insurance,2025-06-14
P03207,Ananya Gupta,51,Male,Nagpur,Government Scheme,2025-08-07
P03208,Kavya Sharma,48,Female,Nagpur,Corporate Insurance,2025-09-12
P03209,Nisha Gupta,61,Female,Jabalpur,Government Scheme,2025-09-26
P03210,Vikram Verma,32,Male,Nagpur,Self Pay,2024-05-14
P03211,Aarav Khan,43,Female,Nagpur,Self Pay,2024-08-04
P03212,Sneha Verma,41,Female,Amravati,Private Insurance,2024-01-27
P03213,Aditya Mehta,55,Male,Nagpur,Government Scheme,2024-03-29
P03214,Neha Verma,23,Female,Amravati,Government Scheme,2025-11-20
P03215,Neha Joshi,61,Male,Chandrapur,Private Insurance,2024-11-04
P03216,Priya Kulkarni,51,Female,Chandrapur,Government Scheme,2025-05-11
P03217,Arjun Singh,17,Female,Akola,Self Pay,2025-02-16
P03218,Arjun Reddy,65,Male,Nagpur,Private Insurance,2024-11-28
P03219,Aditya Mehta,84,Female,Nagpur,Government Scheme,2024-04-28
P03220,Rahul Kulkarni,61,Male,Pune,Private Insurance,2025-06-13
P03221,Riya Rao,69,Female,Nagpur,Private Insurance,2025-07-02
P03222,Diya Verma,44,Male,Nagpur,Government Scheme,2024-04-24
P03223,Sneha Rao,10,Female,Wardha,Private Insurance,2024-08-22
P03224,Rahul Gupta,7,Male,Akola,Government Scheme,2025-11-30
P03225,Kavya Joshi,47,Male,Nagpur,Private Insurance,2025-09-15
P03226,Meera Gupta,31,Female,Mumbai,Corporate Insurance,2025-04-22
P03227,Isha Pawar,25,Female,Nagpur,Corporate Insurance,2025-12-01
P03228,Isha Kulkarni,41,Male,Jabalpur,Private Insurance,2025-10-02
P03229,Vikram Sharma,54,Male,Nagpur,Private Insurance,2025-03-24
P03230,Pooja Gupta,14,Female,Nashik,Private Insurance,2025-02-10
P03231,Vivaan Kulkarni,33,Male,Amravati,Private Insurance,2025-04-18
P03232,Kavya Singh,71,Female,Pune,Self Pay,2025-08-07
P03233,Meera Rao,22,Female,Wardha,Government Scheme,2025-12-02
P03234,Neha Rao,59,Male,Mumbai,Government Scheme,2024-08-27
P03235,Riya Kulkarni,33,Female,Nashik,Corporate Insurance,2024-08-07
P03236,Vivaan Pawar,52,Female,Bhandara,Self Pay,2024-04-07
P03237,Nisha Khan,63,Male,Nagpur,Government Scheme,2024-01-08
P03238,Rohan Mehta,56,Male,Nagpur,Government Scheme,2024-09-15
P03239,Kavya Jain,59,Female,Jabalpur,Government Scheme,2024-07-01
P03240,Arjun Khan,20,Female,Mumbai,Government Scheme,2025-10-16
P03241,Riya Shah,63,Female,Nagpur,Private Insurance,2024-12-22
P03242,Neha Reddy,26,Male,Nagpur,Private Insurance,2025-05-24
P03243,Sneha Singh,47,Female,Nagpur,Private Insurance,2024-05-31
P03244,Ananya Deshmukh,47,Male,Nagpur,Private Insurance,2024-11-29
P03245,Rahul Pawar,51,Male,Nagpur,Government Scheme,2025-08-13
P03246,Sneha Verma,48,Male,Pune,Self Pay,2024-06-20
P03247,Vikram Joshi,26,Female,Nagpur,Private Insurance,2024-10-14
P03248,Vikram Singh,16,Female,Mumbai,Corporate Insurance,2025-03-12
P03249,Aarav Singh,59,Female,Jabalpur,Private Insurance,2024-05-26
P03250,Vivaan Rao,46,Female,Nagpur,Corporate Insurance,2025-03-08
P03251,Sneha Rao,64,Female,Wardha,Private Insurance,2025-03-24
P03252,Vikram Shah,41,Male,Bhandara,Private Insurance,2025-01-22
P03253,Diya Deshmukh,15,Female,Nagpur,Private Insurance,2024-04-30
P03254,Sneha Deshmukh,60,Female,Nashik,Private Insurance,2025-06-22
P03255,Kavya Rao,35,Male,Bhandara,Private Insurance,2025-09-03
P03256,Rahul Gupta,48,Other,Nagpur,Government Scheme,2024-06-26
P03257,Aarav Gupta,30,Female,Mumbai,Private Insurance,2024-03-21
P03258,Rohan Singh,73,Male,Nagpur,Private Insurance,2025-01-08
P03259,Pooja Sharma,25,Male,Nagpur,Private Insurance,2024-05-07
P03260,Arjun Singh,36,Female,Jabalpur,Self Pay,2024-08-13
P03261,Diya Reddy,44,Male,Nagpur,Government Scheme,2025-04-24
P03262,Pooja Khan,21,Female,Nagpur,Private Insurance,2024-05-30
P03263,Aditi Shah,48,Female,Nagpur,Private Insurance,2024-09-24
P03264,Neha Patil,73,Female,Nagpur,Self Pay,2024-08-30
P03265,Vivaan Joshi,33,Female,Amravati,Self Pay,2025-06-06
P03266,Rahul Joshi,50,Male,Akola,Government Scheme,2025-08-09
P03267,Neha Gupta,1,Male,Amravati,Government Scheme,2025-09-28
P03268,Sneha Deshmukh,41,Female,Bhandara,Private Insurance,2024-03-24
P03269,Vikram Pawar,36,Male,Nagpur,Government Scheme,2025-07-16
P03270,Aditi Gupta,26,Female,Amravati,Self Pay,2024-07-20
P03271,Meera Kulkarni,63,Female,Jabalpur,Self Pay,2025-10-15
P03272,Aarav Verma,36,Male,Nashik,Private Insurance,2025-01-24
P03273,Rahul Shah,39,Female,Nashik,Self Pay,2025-11-03
P03274,Arjun Khan,35,Male,Nagpur,Government Scheme,2024-10-19
P03275,Diya Patil,6,Female,Wardha,Self Pay,2024-08-22
P03276,Vikram Kulkarni,20,Male,Pune,Self Pay,2025-08-27
P03277,Rohan Singh,60,Female,Mumbai,Self Pay,2024-09-17
P03278,Pooja Khan,2,Female,Akola,Private Insurance,2025-07-22
P03279,Neha Reddy,27,Male,Wardha,Private Insurance,2024-02-07
P03280,Isha Jain,34,Male,Nagpur,Private Insurance,2025-05-09
P03281,Karan Jain,75,Female,Nagpur,Government Scheme,2025-10-24
P03282,Meera Reddy,57,Male,Nagpur,Government Scheme,2024-07-25
P03283,Vivaan Reddy,31,Female,Amravati,Self Pay,2025-12-20
P03284,Rohan Mehta,67,Female,Nagpur,Government Scheme,2024-01-16
P03285,Vikram Singh,28,Female,Amravati,Government Scheme,2024-04-01
P03286,Karan Mehta,61,Male,Chandrapur,Government Scheme,2024-08-17
P03287,Sneha Verma,16,Male,Chandrapur,Private Insurance,2024-08-16
P03288,Aditya Rao,62,Male,Bhandara,Private Insurance,2025-03-14
P03289,Aditi Deshmukh,34,Male,Nagpur,Private Insurance,2025-09-25
P03290,Karan Joshi,22,Female,Wardha,Self Pay,2024-03-15
P03291,Rohan Deshmukh,38,Female,Jabalpur,Private Insurance,2025-06-30
P03292,Sneha Jain,47,Female,Wardha,Private Insurance,2025-08-24
P03293,Priya Shah,33,Male,Mumbai,Private Insurance,2025-02-28
P03294,Aditi Jain,53,Female,Amravati,Government Scheme,2025-12-21
P03295,Vivaan Kulkarni,31,Male,Chandrapur,Corporate Insurance,2024-03-11
P03296,Arjun Shah,54,Male,Wardha,Corporate Insurance,2025-06-22
P03297,Vikram Reddy,50,Male,Akola,Private Insurance,2024-10-31
P03298,Kavya Shah,41,Female,Mumbai,Government Scheme,2024-10-29
P03299,Pooja Singh,34,Female,Wardha,Private Insurance,2025-03-14
P03300,Meera Mehta,45,Male,Nashik,Self Pay,2025-08-04
P03301,Priya Joshi,52,Male,Mumbai,Private Insurance,2024-12-17
P03302,Vikram Shah,81,Female,Pune,Private Insurance,2024-07-17
P03303,Kavya Deshmukh,60,Male,Nagpur,Government Scheme,2024-07-13
P03304,Diya Pawar,61,Male,Nagpur,Government Scheme,2025-11-27
P03305,Aditi Jain,90,Female,Mumbai,Corporate Insurance,2024-10-29
P03306,Rahul Sharma,52,Male,Nashik,Private Insurance,2024-09-24
P03307,Aditya Sharma,51,Female,Jabalpur,Corporate Insurance,2025-02-16
P03308,Ananya Jain,55,Male,Nagpur,Private Insurance,2025-05-18
P03309,Neha Khan,23,Female,Pune,Private Insurance,2024-01-28
P03310,Isha Shah,34,Female,Pune,Self Pay,2024-01-14
P03311,Kavya Gupta,32,Female,Pune,Government Scheme,2025-02-22
P03312,Meera Verma,54,Male,Akola,Corporate Insurance,2025-04-05
P03313,Vikram Sharma,39,Other,Nagpur,Government Scheme,2024-12-24
P03314,Priya Kulkarni,45,Female,Akola,Government Scheme,2024-08-04
P03315,Karan Singh,63,Female,Chandrapur,Private Insurance,2025-07-25
P03316,Aditya Mehta,58,Female,Nagpur,Corporate Insurance,2024-03-15
P03317,Aarav Pawar,39,Female,Nagpur,Self Pay,2025-04-12
P03318,Rahul Deshmukh,29,Male,Mumbai,Government Scheme,2024-11-12
P03319,Arjun Verma,64,Female,Nagpur,Self Pay,2024-09-24
P03320,Priya Jain,57,Male,Amravati,Private Insurance,2024-03-18
P03321,Nisha Singh,11,Male,Chandrapur,Corporate Insurance,2025-05-03
P03322,Diya Jain,36,Female,Jabalpur,Government Scheme,2024-05-15
P03323,Kavya Shah,45,Male,Akola,Self Pay,2025-01-29
P03324,Ananya Patil,57,Other,Nagpur,Self Pay,2025-10-15
P03325,Aarav Reddy,59,Male,Nagpur,Government Scheme,2025-06-25
P03326,Riya Gupta,47,Male,Nagpur,Self Pay,2024-02-16
P03327,Nisha Patil,53,Female,Nagpur,Self Pay,2025-12-18
P03328,Aditi Pawar,43,Female,Pune,Private Insurance,2025-04-01
P03329,Isha Jain,29,Male,Amravati,Self Pay,2025-08-29
P03330,Rohan Kulkarni,37,Female,Nagpur,Government Scheme,2024-02-14
P03331,Rohan Singh,42,Male,Mumbai,Self Pay,2025-10-29
P03332,Ananya Shah,41,Male,Nagpur,Self Pay,2025-06-08
P03333,Sneha Mehta,6,Female,Nagpur,Private Insurance,2025-10-07
P03334,Riya Jain,34,Female,Wardha,Private Insurance,2025-12-14
P03335,Arjun Khan,43,Female,Nagpur,Private Insurance,2025-09-06
P03336,Sneha Sharma,37,Male,Nagpur,Self Pay,2024-11-09
P03337,Arjun Kulkarni,37,Female,Jabalpur,Corporate Insurance,2025-09-04
P03338,Karan Jain,51,Female,Pune,Self Pay,2025-12-07
P03339,Pooja Joshi,21,Male,Nashik,Self Pay,2025-10-24
P03340,Aarav Joshi,11,Male,Akola,Government Scheme,2025-04-13
P03341,Nisha Reddy,35,Male,Nagpur,Government Scheme,2025-11-30
P03342,Isha Mehta,57,Male,Pune,Corporate Insurance,2025-03-10
P03343,Meera Rao,74,Female,Wardha,Private Insurance,2024-11-20
P03344,Arjun Kulkarni,57,Other,Nagpur,Government Scheme,2024-05-04
P03345,Arjun Patil,14,Male,Nagpur,Private Insurance,2024-12-05
P03346,Arjun Sharma,38,Female,Wardha,Private Insurance,2025-11-26
P03347,Nisha Khan,47,Female,Nagpur,Government Scheme,2024-03-27
P03348,Diya Mehta,45,Female,Nagpur,Private Insurance,2025-09-20
P03349,Meera Shah,52,Male,Nagpur,Government Scheme,2025-04-14
P03350,Diya Shah,25,Male,Wardha,Private Insurance,2024-04-06
P03351,Ananya Mehta,43,Male,Nagpur,Private Insurance,2024-06-13
P03352,Aditi Deshmukh,50,Male,Bhandara,Private Insurance,2024-01-21
P03353,Sneha Sharma,58,Female,Nagpur,Corporate Insurance,2025-06-24
P03354,Pooja Rao,27,Male,Chandrapur,Government Scheme,2024-09-19
P03355,Sneha Pawar,35,Male,Nagpur,Self Pay,2024-05-15
P03356,Nisha Jain,1,Male,Amravati,Government Scheme,2024-04-26
P03357,Pooja Rao,30,Female,Chandrapur,Private Insurance,2025-01-03
P03358,Isha Mehta,32,Male,Chandrapur,Self Pay,2024-09-02
P03359,Riya Kulkarni,23,Male,Nagpur,Private Insurance,2025-10-22
P03360,Sneha Singh,45,Female,Bhandara,Private Insurance,2025-11-30
P03361,Aditi Singh,41,Male,Pune,Government Scheme,2024-05-26
P03362,Sneha Reddy,1,Female,Nagpur,Self Pay,2025-09-21
P03363,Aarav Deshmukh,46,Female,Bhandara,Corporate Insurance,2024-02-14
P03364,Karan Khan,24,Male,Wardha,Private Insurance,2024-11-17
P03365,Ananya Mehta,51,Female,Pune,Self Pay,2025-02-25
P03366,Vivaan Gupta,18,Male,Amravati,Government Scheme,2024-07-20
P03367,Aditya Khan,43,Male,Jabalpur,Self Pay,2025-04-19
P03368,Rahul Joshi,37,Female,Chandrapur,Corporate Insurance,2025-02-25
P03369,Priya Patil,48,Female,Bhandara,Government Scheme,2025-11-12
P03370,Nisha Sharma,44,Female,Nagpur,Private Insurance,2025-11-15
P03371,Karan Kulkarni,37,Female,Chandrapur,Self Pay,2025-08-19
P03372,Aarav Sharma,13,Male,Nagpur,Government Scheme,2025-07-31
P03373,Aditi Pawar,14,Female,Amravati,Corporate Insurance,2024-09-03
P03374,Aarav Gupta,31,Male,Nagpur,Government Scheme,2025-09-25
P03375,Karan Sharma,42,Female,Akola,Corporate Insurance,2024-09-21
P03376,Meera Joshi,30,Female,Nashik,Private Insurance,2025-07-09
P03377,Priya Jain,54,Male,Mumbai,Self Pay,2024-12-20
P03378,Ananya Gupta,37,Female,Nagpur,Private Insurance,2025-01-02
P03379,Priya Khan,24,Male,Mumbai,Self Pay,2025-08-13
P03380,Vikram Mehta,37,Male,Pune,Corporate Insurance,2024-04-13
P03381,Rahul Jain,46,Male,Mumbai,Self Pay,2025-09-13
P03382,Vikram Khan,48,Female,Nashik,Self Pay,2025-08-20
P03383,Aditi Jain,78,Female,Nagpur,Private Insurance,2024-12-10
P03384,Karan Pawar,29,Other,Mumbai,Private Insurance,2025-04-20
P03385,Rohan Shah,41,Female,Chandrapur,Government Scheme,2024-07-12
P03386,Priya Sharma,50,Male,Nashik,Government Scheme,2025-07-18
P03387,Vikram Rao,42,Male,Nagpur,Private Insurance,2024-03-27
P03388,Aditi Mehta,32,Male,Nagpur,Self Pay,2025-06-19
P03389,Sneha Khan,13,Male,Nagpur,Self Pay,2025-05-10
P03390,Isha Singh,32,Other,Wardha,Private Insurance,2024-06-28
P03391,Rohan Pawar,22,Female,Amravati,Private Insurance,2025-08-17
P03392,Meera Patil,9,Male,Mumbai,Private Insurance,2024-07-27
P03393,Rahul Verma,27,Male,Nagpur,Government Scheme,2025-01-30
P03394,Neha Gupta,22,Female,Nagpur,Corporate Insurance,2025-09-17
P03395,Rohan Jain,53,Male,Nagpur,Government Scheme,2024-02-13
P03396,Isha Singh,53,Female,Nagpur,Private Insurance,2024-10-24
P03397,Karan Gupta,25,Female,Amravati,Self Pay,2025-04-02
P03398,Meera Verma,37,Male,Akola,Private Insurance,2024-05-09
P03399,Aditi Mehta,7,Male,Jabalpur,Government Scheme,2025-01-09
P03400,Aditi Jain,33,Female,Nagpur,Government Scheme,2025-04-14
P03401,Vivaan Mehta,50,Male,Nagpur,Corporate Insurance,2025-09-28
P03402,Rohan Gupta,58,Female,Nashik,Self Pay,2024-08-05
P03403,Ananya Kulkarni,28,Female,Nagpur,Private Insurance,2025-08-30
P03404,Kavya Pawar,62,Female,Akola,Private Insurance,2025-04-14
P03405,Isha Deshmukh,13,Male,Bhandara,Private Insurance,2025-01-07
P03406,Pooja Gupta,18,Female,Pune,Private Insurance,2025-03-06
P03407,Neha Kulkarni,55,Female,Nagpur,Private Insurance,2025-12-22
P03408,Neha Khan,74,Male,Jabalpur,Government Scheme,2025-04-29
P03409,Meera Shah,51,Female,Jabalpur,Self Pay,2024-11-10
P03410,Sneha Deshmukh,41,Female,Nagpur,Private Insurance,2025-12-26
P03411,Aditi Shah,1,Female,Wardha,Government Scheme,2025-05-20
P03412,Aditi Kulkarni,4,Male,Amravati,Corporate Insurance,2024-07-21
P03413,Aditya Singh,44,Male,Nagpur,Government Scheme,2025-03-21
P03414,Isha Mehta,35,Male,Jabalpur,Government Scheme,2025-12-13
P03415,Kavya Joshi,21,Female,Nagpur,Self Pay,2025-05-25
P03416,Pooja Pawar,43,Female,Nagpur,Self Pay,2025-07-11
P03417,Diya Shah,44,Male,Nagpur,Government Scheme,2025-04-28
P03418,Neha Khan,60,Female,Bhandara,Corporate Insurance,2025-09-16
P03419,Riya Reddy,45,Female,Mumbai,Private Insurance,2024-02-29
P03420,Rohan Kulkarni,65,Female,Chandrapur,Private Insurance,2025-08-08
P03421,Aditi Mehta,42,Female,Chandrapur,Government Scheme,2025-10-19
P03422,Ananya Sharma,40,Female,Nagpur,Private Insurance,2024-01-17
P03423,Rohan Reddy,62,Male,Akola,Private Insurance,2025-07-29
P03424,Sneha Jain,23,Female,Amravati,Private Insurance,2025-01-02
P03425,Pooja Deshmukh,90,Male,Wardha,Self Pay,2024-10-08
P03426,Meera Khan,49,Female,Bhandara,Government Scheme,2024-03-18
P03427,Vivaan Kulkarni,49,Male,Jabalpur,Self Pay,2024-08-20
P03428,Rahul Rao,52,Male,Nashik,Private Insurance,2025-05-06
P03429,Rahul Verma,78,Male,Akola,Government Scheme,2025-01-10
P03430,Riya Singh,57,Female,Amravati,Private Insurance,2024-02-13
P03431,Nisha Kulkarni,12,Male,Nagpur,Private Insurance,2024-08-11
P03432,Arjun Joshi,69,Female,Bhandara,Self Pay,2024-01-25
P03433,Arjun Mehta,36,Male,Akola,Private Insurance,2024-09-22
P03434,Aarav Jain,44,Male,Akola,Self Pay,2025-10-23
P03435,Ananya Pawar,18,Male,Chandrapur,Self Pay,2025-07-07
P03436,Kavya Rao,52,Male,Nagpur,Self Pay,2025-10-31
P03437,Rahul Reddy,30,Male,Nagpur,Government Scheme,2024-05-01
P03438,Nisha Mehta,44,Male,Nagpur,Corporate Insurance,2025-03-31
P03439,Aditya Deshmukh,37,Female,Akola,Private Insurance,2024-08-07
P03440,Aarav Reddy,79,Female,Jabalpur,Corporate Insurance,2024-12-01
P03441,Aditi Verma,80,Male,Bhandara,Private Insurance,2025-12-07
P03442,Isha Pawar,43,Other,Akola,Government Scheme,2025-08-27
P03443,Vikram Rao,43,Male,Akola,Corporate Insurance,2025-05-23
P03444,Nisha Joshi,35,Female,Nagpur,Private Insurance,2025-12-04
P03445,Isha Deshmukh,63,Male,Nagpur,Self Pay,2024-12-30
P03446,Vivaan Mehta,36,Female,Nagpur,Government Scheme,2024-02-09
P03447,Riya Sharma,34,Female,Mumbai,Corporate Insurance,2025-10-27
P03448,Isha Deshmukh,61,Female,Nagpur,Private Insurance,2024-03-16
P03449,Meera Verma,32,Female,Bhandara,Government Scheme,2024-07-13
P03450,Isha Jain,41,Male,Amravati,Private Insurance,2025-10-22
P03451,Vivaan Kulkarni,12,Female,Chandrapur,Private Insurance,2025-10-09
P03452,Karan Gupta,55,Female,Nagpur,Self Pay,2024-03-13
P03453,Nisha Reddy,79,Male,Jabalpur,Self Pay,2025-09-16
P03454,Neha Jain,56,Female,Nagpur,Self Pay,2025-06-05
P03455,Vikram Singh,70,Female,Mumbai,Self Pay,2024-03-19
P03456,Diya Gupta,26,Female,Bhandara,Self Pay,2025-02-08
P03457,Pooja Mehta,46,Female,Amravati,Government Scheme,2024-07-12
P03458,Vikram Joshi,24,Male,Nashik,Private Insurance,2025-01-15
P03459,Ananya Rao,38,Female,Bhandara,Self Pay,2024-05-15
P03460,Pooja Joshi,57,Female,Nagpur,Self Pay,2024-03-12
P03461,Priya Mehta,44,Female,Akola,Private Insurance,2025-04-19
P03462,Vikram Reddy,15,Female,Bhandara,Government Scheme,2025-06-15
P03463,Nisha Joshi,17,Female,Bhandara,Private Insurance,2024-05-19
P03464,Priya Joshi,16,Female,Nashik,Self Pay,2025-03-15
P03465,Neha Patil,51,Female,Chandrapur,Private Insurance,2024-12-25
P03466,Priya Gupta,81,Female,Amravati,Government Scheme,2025-11-09
P03467,Isha Kulkarni,68,Male,Nagpur,Self Pay,2025-02-17
P03468,Aditi Patil,6,Female,Nagpur,Corporate Insurance,2024-12-17
P03469,Meera Deshmukh,69,Female,Bhandara,Government Scheme,2024-01-07
P03470,Priya Shah,60,Male,Nagpur,Corporate Insurance,2025-10-28
P03471,Arjun Deshmukh,13,Female,Nagpur,Self Pay,2025-04-27
P03472,Aditya Jain,36,Male,Pune,Private Insurance,2024-05-14
P03473,Nisha Verma,63,Female,Nagpur,Private Insurance,2024-01-05
P03474,Vikram Sharma,52,Female,Nagpur,Private Insurance,2024-05-28
P03475,Arjun Deshmukh,17,Male,Pune,Private Insurance,2025-01-02
P03476,Nisha Verma,54,Female,Akola,Government Scheme,2025-11-23
P03477,Pooja Deshmukh,1,Female,Nashik,Private Insurance,2025-03-28
P03478,Arjun Joshi,38,Male,Amravati,Self Pay,2024-03-13
P03479,Arjun Joshi,64,Male,Chandrapur,Private Insurance,2024-05-20
P03480,Rahul Shah,42,Female,Mumbai,Private Insurance,2024-06-21
P03481,Arjun Kulkarni,33,Male,Nagpur,Government Scheme,2024-02-25
P03482,Vikram Singh,59,Female,Nagpur,Corporate Insurance,2024-04-13
P03483,Meera Reddy,61,Male,Nagpur,Corporate Insurance,2024-03-07
P03484,Priya Khan,67,Female,Mumbai,Corporate Insurance,2025-06-02
P03485,Kavya Deshmukh,59,Male,Nagpur,Corporate Insurance,2025-05-13
P03486,Riya Shah,63,Female,Wardha,Private Insurance,2025-07-23
P03487,Neha Khan,56,Male,Bhandara,Government Scheme,2024-05-13
P03488,Rohan Pawar,47,Female,Jabalpur,Private Insurance,2025-10-20
P03489,Rahul Deshmukh,44,Male,Nagpur,Corporate Insurance,2024-09-29
P03490,Riya Jain,37,Male,Bhandara,Private Insurance,2024-04-17
P03491,Arjun Deshmukh,19,Male,Jabalpur,Government Scheme,2024-04-25
P03492,Vivaan Gupta,24,Other,Nagpur,Private Insurance,2024-08-22
P03493,Rohan Jain,37,Female,Chandrapur,Corporate Insurance,2024-03-05
P03494,Ananya Rao,47,Male,Nagpur,Private Insurance,2024-08-19
P03495,Meera Reddy,69,Female,Nagpur,Corporate Insurance,2025-04-27
P03496,Vivaan Rao,41,Male,Nagpur,Corporate Insurance,2025-12-11
P03497,Karan Gupta,61,Male,Nagpur,Private Insurance,2024-01-04
P03498,Meera Shah,63,Female,Nagpur,Self Pay,2025-03-01
P03499,Karan Deshmukh,38,Female,Pune,Private Insurance,2024-06-20
P03500,Ananya Kulkarni,53,Male,Wardha,Government Scheme,2024-09-03
P03501,Aditya Jain,37,Male,Amravati,Private Insurance,2025-04-15
P03502,Arjun Patil,67,Male,Akola,Government Scheme,2024-08-06
P03503,Karan Verma,54,Male,Jabalpur,Private Insurance,2024-11-16
P03504,Rahul Reddy,19,Female,Nagpur,Self Pay,2024-08-20
P03505,Meera Deshmukh,45,Male,Nagpur,Self Pay,2024-09-21
P03506,Isha Verma,73,Male,Nagpur,Private Insurance,2025-06-03
P03507,Aditi Rao,39,Male,Pune,Private Insurance,2024-08-01
P03508,Meera Gupta,51,Male,Pune,Private Insurance,2025-02-04
P03509,Aditya Mehta,52,Male,Wardha,Private Insurance,2025-08-01
P03510,Aarav Verma,22,Male,Nagpur,Corporate Insurance,2025-03-31
P03511,Isha Joshi,52,Male,Bhandara,Private Insurance,2025-07-08
P03512,Sneha Deshmukh,16,Male,Akola,Self Pay,2024-12-09
P03513,Riya Sharma,30,Male,Nagpur,Corporate Insurance,2024-12-05
P03514,Karan Shah,62,Female,Nagpur,Private Insurance,2024-01-20
P03515,Aditi Khan,49,Female,Nagpur,Government Scheme,2025-05-29
P03516,Aditi Kulkarni,36,Male,Akola,Corporate Insurance,2025-05-16
P03517,Nisha Shah,50,Male,Jabalpur,Government Scheme,2025-01-07
P03518,Aarav Joshi,41,Male,Nagpur,Private Insurance,2025-06-12
P03519,Vikram Khan,42,Male,Mumbai,Self Pay,2025-04-25
P03520,Rohan Joshi,54,Female,Wardha,Corporate Insurance,2024-05-11
P03521,Neha Sharma,28,Female,Akola,Self Pay,2024-06-12
P03522,Riya Rao,43,Male,Mumbai,Self Pay,2025-04-19
P03523,Kavya Rao,36,Male,Bhandara,Self Pay,2024-03-12
P03524,Arjun Joshi,12,Female,Nagpur,Government Scheme,2025-10-02
P03525,Riya Joshi,25,Female,Nagpur,Private Insurance,2024-09-11
P03526,Sneha Pawar,72,Female,Pune,Corporate Insurance,2025-03-16
P03527,Rahul Shah,49,Female,Bhandara,Private Insurance,2025-01-16
P03528,Ananya Reddy,17,Male,Nagpur,Self Pay,2025-05-03
P03529,Isha Shah,13,Female,Bhandara,Private Insurance,2024-09-16
P03530,Neha Deshmukh,40,Female,Nagpur,Self Pay,2025-05-26
P03531,Karan Pawar,72,Male,Nagpur,Self Pay,2024-05-06
P03532,Priya Patil,38,Male,Pune,Self Pay,2024-08-24
P03533,Karan Shah,67,Male,Amravati,Private Insurance,2024-01-29
P03534,Aarav Pawar,49,Female,Nagpur,Government Scheme,2024-04-22
P03535,Kavya Rao,51,Female,Amravati,Private Insurance,2024-02-10
P03536,Priya Verma,17,Female,Mumbai,Private Insurance,2024-12-11
P03537,Sneha Singh,60,Male,Nagpur,Government Scheme,2024-02-23
P03538,Aarav Sharma,36,Female,Nagpur,Corporate Insurance,2024-06-18
P03539,Aditi Reddy,58,Male,Amravati,Corporate Insurance,2024-12-18
P03540,Ananya Verma,27,Male,Nagpur,Government Scheme,2025-05-16
P03541,Vivaan Joshi,45,Male,Nagpur,Self Pay,2024-01-19
P03542,Vivaan Patil,49,Female,Nagpur,Private Insurance,2025-06-05
P03543,Riya Jain,39,Female,Nagpur,Private Insurance,2025-01-14
P03544,Pooja Sharma,50,Male,Chandrapur,Self Pay,2024-01-06
P03545,Vikram Singh,37,Female,Nagpur,Self Pay,2024-03-11
P03546,Meera Verma,30,Male,Amravati,Self Pay,2025-11-27
P03547,Ananya Khan,73,Female,Akola,Private Insurance,2024-11-24
P03548,Kavya Rao,62,Other,Nagpur,Private Insurance,2025-11-06
P03549,Sneha Verma,28,Male,Nagpur,Private Insurance,2025-01-11
P03550,Nisha Singh,53,Female,Jabalpur,Self Pay,2024-04-06
P03551,Pooja Gupta,28,Male,Chandrapur,Private Insurance,2025-06-16
P03552,Meera Kulkarni,19,Male,Chandrapur,Government Scheme,2024-12-14
P03553,Sneha Patil,62,Male,Wardha,Government Scheme,2024-10-03
P03554,Isha Joshi,10,Female,Jabalpur,Private Insurance,2024-06-01
P03555,Arjun Jain,60,Female,Nagpur,Private Insurance,2024-11-20
P03556,Isha Gupta,37,Male,Nagpur,Self Pay,2025-12-04
P03557,Neha Sharma,38,Female,Pune,Private Insurance,2024-06-08
P03558,Nisha Verma,50,Male,Nagpur,Government Scheme,2025-02-17
P03559,Aditya Khan,53,Female,Bhandara,Corporate Insurance,2024-01-24
P03560,Kavya Rao,26,Male,Nagpur,Private Insurance,2025-05-26
P03561,Pooja Mehta,56,Female,Amravati,Private Insurance,2025-10-12
P03562,Karan Jain,44,Male,Chandrapur,Self Pay,2025-12-14
P03563,Aarav Reddy,18,Female,Bhandara,Government Scheme,2025-08-15
P03564,Kavya Singh,39,Female,Bhandara,Corporate Insurance,2025-05-06
P03565,Nisha Kulkarni,68,Female,Nagpur,Private Insurance,2025-03-01
P03566,Karan Pawar,74,Male,Nagpur,Corporate Insurance,2025-09-27
P03567,Vivaan Rao,56,Female,Akola,Government Scheme,2024-01-08
P03568,Isha Sharma,19,Male,Nagpur,Private Insurance,2024-06-24
P03569,Priya Kulkarni,51,Female,Chandrapur,Government Scheme,2024-02-02
P03570,Aditi Jain,58,Male,Wardha,Government Scheme,2024-06-16
P03571,Rahul Sharma,56,Male,Amravati,Private Insurance,2024-06-11
P03572,Ananya Mehta,57,Female,Nagpur,Private Insurance,2024-11-18
P03573,Sneha Mehta,49,Female,Pune,Private Insurance,2025-05-19
P03574,Kavya Kulkarni,41,Female,Amravati,Government Scheme,2025-10-05
P03575,Kavya Mehta,30,Male,Nagpur,Private Insurance,2025-03-13
P03576,Aditya Deshmukh,6,Male,Jabalpur,Private Insurance,2024-01-29
P03577,Rohan Rao,48,Female,Nagpur,Private Insurance,2024-03-13
P03578,Riya Sharma,46,Male,Pune,Self Pay,2024-11-18
P03579,Nisha Sharma,53,Male,Nagpur,Corporate Insurance,2025-03-23
P03580,Pooja Kulkarni,17,Male,Amravati,Private Insurance,2025-08-25
P03581,Priya Jain,54,Male,Wardha,Corporate Insurance,2024-09-30
P03582,Riya Khan,81,Male,Nagpur,Self Pay,2024-05-09
P03583,Isha Pawar,43,Male,Nashik,Corporate Insurance,2024-04-13
P03584,Aditi Jain,41,Male,Nagpur,Government Scheme,2025-03-25
P03585,Priya Singh,48,Female,Bhandara,Government Scheme,2025-12-29
P03586,Rahul Mehta,81,Male,Pune,Self Pay,2024-02-21
P03587,Sneha Patil,23,Other,Chandrapur,Government Scheme,2024-01-07
P03588,Pooja Rao,46,Male,Wardha,Corporate Insurance,2024-01-08
P03589,Sneha Reddy,27,Female,Nagpur,Corporate Insurance,2025-02-02
P03590,Pooja Reddy,32,Male,Nagpur,Government Scheme,2024-08-20
P03591,Meera Gupta,41,Female,Mumbai,Government Scheme,2025-08-25
P03592,Diya Rao,68,Male,Chandrapur,Government Scheme,2025-08-11
P03593,Neha Deshmukh,76,Female,Chandrapur,Self Pay,2025-01-01
P03594,Vikram Patil,51,Male,Wardha,Self Pay,2024-01-31
P03595,Riya Gupta,35,Female,Amravati,Self Pay,2025-02-20
P03596,Vivaan Reddy,89,Female,Nagpur,Private Insurance,2024-09-23
P03597,Kavya Rao,34,Female,Nagpur,Corporate Insurance,2025-09-02
P03598,Vikram Kulkarni,31,Female,Amravati,Private Insurance,2025-06-15
P03599,Isha Jain,8,Female,Nagpur,Private Insurance,2025-11-30
P03600,Kavya Pawar,69,Male,Nagpur,Private Insurance,2024-09-26
P03601,Isha Patil,60,Male,Bhandara,Private Insurance,2024-08-23
P03602,Arjun Singh,88,Male,Wardha,Government Scheme,2024-12-15
P03603,Diya Deshmukh,16,Male,Amravati,Private Insurance,2025-08-25
P03604,Aditya Singh,70,Female,Pune,Private Insurance,2024-12-31
P03605,Riya Joshi,43,Male,Chandrapur,Private Insurance,2024-09-02
P03606,Isha Joshi,57,Male,Nagpur,Private Insurance,2025-10-24
P03607,Kavya Khan,11,Female,Nashik,Corporate Insurance,2024-10-12
P03608,Karan Shah,70,Male,Wardha,Government Scheme,2025-10-01
P03609,Isha Mehta,57,Male,Wardha,Private Insurance,2025-04-11
P03610,Diya Khan,41,Male,Mumbai,Government Scheme,2024-02-16
P03611,Diya Verma,54,Male,Nagpur,Government Scheme,2024-12-25
P03612,Priya Jain,27,Female,Chandrapur,Government Scheme,2025-05-20
P03613,Aditi Sharma,31,Male,Nagpur,Private Insurance,2025-10-29
P03614,Aditi Jain,33,Female,Nagpur,Self Pay,2025-01-31
P03615,Rahul Gupta,7,Male,Amravati,Private Insurance,2024-01-11
P03616,Neha Verma,58,Female,Nagpur,Private Insurance,2024-09-15
P03617,Karan Kulkarni,65,Male,Nagpur,Corporate Insurance,2025-12-08
P03618,Neha Reddy,29,Female,Wardha,Government Scheme,2024-12-25
P03619,Riya Joshi,49,Female,Nagpur,Private Insurance,2024-10-07
P03620,Arjun Rao,37,Female,Amravati,Private Insurance,2025-10-04
P03621,Nisha Pawar,48,Female,Nagpur,Self Pay,2024-10-31
P03622,Neha Joshi,30,Male,Amravati,Private Insurance,2025-07-18
P03623,Priya Khan,25,Male,Wardha,Private Insurance,2024-01-16
P03624,Rahul Jain,62,Female,Wardha,Private Insurance,2025-02-18
P03625,Vikram Kulkarni,41,Male,Akola,Private Insurance,2024-01-18
P03626,Aarav Patil,80,Male,Jabalpur,Government Scheme,2024-05-08
P03627,Priya Mehta,43,Female,Nagpur,Private Insurance,2025-02-01
P03628,Meera Mehta,24,Male,Amravati,Government Scheme,2025-03-27
P03629,Kavya Jain,65,Female,Pune,Private Insurance,2024-03-27
P03630,Kavya Jain,54,Female,Chandrapur,Corporate Insurance,2024-12-29
P03631,Kavya Gupta,56,Female,Jabalpur,Government Scheme,2024-10-23
P03632,Vikram Kulkarni,65,Female,Akola,Private Insurance,2024-11-22
P03633,Isha Singh,30,Male,Nashik,Private Insurance,2025-08-14
P03634,Isha Deshmukh,40,Male,Nagpur,Self Pay,2025-11-19
P03635,Vikram Singh,39,Female,Nagpur,Self Pay,2024-02-24
P03636,Aarav Patil,17,Male,Bhandara,Private Insurance,2025-12-25
P03637,Nisha Mehta,37,Female,Bhandara,Private Insurance,2024-02-07
P03638,Meera Patil,67,Female,Nashik,Government Scheme,2025-11-25
P03639,Rahul Jain,47,Male,Jabalpur,Private Insurance,2025-03-25
P03640,Sneha Joshi,16,Male,Nagpur,Private Insurance,2025-06-23
P03641,Vivaan Reddy,12,Male,Amravati,Private Insurance,2024-06-26
P03642,Sneha Singh,74,Female,Mumbai,Self Pay,2025-03-13
P03643,Riya Shah,40,Female,Pune,Private Insurance,2025-03-08
P03644,Aditya Sharma,30,Female,Pune,Private Insurance,2024-08-21
P03645,Aditi Singh,37,Male,Chandrapur,Private Insurance,2025-01-02
P03646,Sneha Gupta,14,Female,Jabalpur,Government Scheme,2025-11-22
P03647,Aditya Jain,69,Male,Amravati,Government Scheme,2024-03-19
P03648,Pooja Jain,35,Female,Nagpur,Self Pay,2024-11-28
P03649,Isha Khan,68,Female,Nagpur,Government Scheme,2024-09-02
P03650,Karan Verma,43,Female,Amravati,Government Scheme,2024-05-27
P03651,Aarav Deshmukh,69,Male,Pune,Government Scheme,2024-12-15
P03652,Ananya Kulkarni,47,Male,Wardha,Corporate Insurance,2024-03-21
P03653,Ananya Shah,58,Other,Chandrapur,Corporate Insurance,2024-03-29
P03654,Rohan Khan,56,Male,Amravati,Private Insurance,2025-09-02
P03655,Ananya Kulkarni,54,Male,Akola,Self Pay,2024-08-20
P03656,Meera Kulkarni,49,Female,Nagpur,Private Insurance,2024-08-27
P03657,Meera Kulkarni,38,Male,Bhandara,Private Insurance,2025-04-27
P03658,Vikram Kulkarni,78,Male,Nagpur,Private Insurance,2025-07-13
P03659,Neha Reddy,25,Male,Wardha,Self Pay,2025-09-23
P03660,Vivaan Deshmukh,42,Female,Amravati,Corporate Insurance,2025-04-02
P03661,Aditya Sharma,42,Female,Chandrapur,Self Pay,2024-07-12
P03662,Kavya Joshi,50,Male,Wardha,Self Pay,2024-07-25
P03663,Rahul Verma,34,Female,Jabalpur,Private Insurance,2025-05-31
P03664,Riya Singh,48,Female,Mumbai,Corporate Insurance,2025-09-12
P03665,Aditya Mehta,39,Female,Nagpur,Private Insurance,2025-11-01
P03666,Aditi Khan,12,Male,Nagpur,Corporate Insurance,2025-09-08
P03667,Diya Rao,42,Female,Nagpur,Private Insurance,2025-04-02
P03668,Aarav Sharma,21,Male,Nagpur,Private Insurance,2024-05-05
P03669,Pooja Deshmukh,9,Male,Nagpur,Government Scheme,2024-10-30
P03670,Vivaan Patil,45,Male,Mumbai,Private Insurance,2024-03-29
P03671,Ananya Singh,51,Female,Mumbai,Private Insurance,2024-11-16
P03672,Ananya Shah,52,Male,Nagpur,Self Pay,2025-03-14
P03673,Aditya Verma,53,Female,Nashik,Self Pay,2025-05-07
P03674,Nisha Verma,5,Female,Pune,Private Insurance,2024-06-19
P03675,Karan Reddy,16,Female,Amravati,Government Scheme,2025-05-23
P03676,Vivaan Patil,79,Female,Mumbai,Government Scheme,2024-08-30
P03677,Riya Verma,22,Male,Jabalpur,Private Insurance,2025-05-22
P03678,Rohan Kulkarni,54,Female,Jabalpur,Government Scheme,2025-11-14
P03679,Aarav Shah,29,Male,Nashik,Government Scheme,2024-07-30
P03680,Aarav Khan,44,Female,Amravati,Corporate Insurance,2024-05-08
P03681,Riya Singh,30,Other,Nagpur,Government Scheme,2025-12-07
P03682,Arjun Mehta,53,Male,Jabalpur,Self Pay,2024-12-09
P03683,Neha Mehta,45,Female,Nagpur,Government Scheme,2024-06-17
P03684,Nisha Gupta,33,Male,Amravati,Self Pay,2024-08-03
P03685,Aditi Mehta,22,Female,Nagpur,Self Pay,2024-12-07
P03686,Meera Singh,47,Male,Wardha,Government Scheme,2024-09-10
P03687,Diya Mehta,19,Male,Nagpur,Private Insurance,2025-10-22
P03688,Vivaan Shah,50,Male,Pune,Corporate Insurance,2024-09-27
P03689,Aditya Sharma,90,Female,Wardha,Government Scheme,2024-12-10
P03690,Nisha Singh,68,Other,Amravati,Government Scheme,2024-07-08
P03691,Diya Rao,56,Male,Amravati,Government Scheme,2025-05-30
P03692,Vivaan Reddy,40,Male,Bhandara,Private Insurance,2025-07-11
P03693,Diya Deshmukh,5,Female,Nashik,Government Scheme,2025-02-15
P03694,Rahul Kulkarni,17,Female,Mumbai,Government Scheme,2025-08-15
P03695,Kavya Reddy,66,Male,Pune,Private Insurance,2024-07-19
P03696,Aditya Shah,27,Male,Wardha,Private Insurance,2025-01-28
P03697,Ananya Kulkarni,29,Male,Pune,Self Pay,2025-06-16
P03698,Meera Rao,39,Male,Bhandara,Government Scheme,2025-10-18
P03699,Rahul Kulkarni,22,Male,Chandrapur,Self Pay,2024-08-26
P03700,Rahul Deshmukh,19,Female,Akola,Private Insurance,2024-04-09
P03701,Vikram Sharma,41,Male,Amravati,Government Scheme,2025-07-25
P03702,Pooja Shah,25,Female,Wardha,Private Insurance,2025-01-04
P03703,Ananya Kulkarni,28,Male,Akola,Self Pay,2024-02-10
P03704,Isha Reddy,27,Female,Nagpur,Government Scheme,2025-08-27
P03705,Meera Jain,52,Male,Nashik,Government Scheme,2024-12-30
P03706,Kavya Sharma,38,Male,Amravati,Corporate Insurance,2025-03-29
P03707,Kavya Mehta,39,Male,Bhandara,Private Insurance,2024-09-19
P03708,Priya Patil,53,Female,Pune,Government Scheme,2025-12-20
P03709,Aarav Sharma,39,Male,Nagpur,Self Pay,2024-11-10
P03710,Sneha Pawar,37,Female,Nagpur,Government Scheme,2025-03-10
P03711,Vikram Kulkarni,51,Female,Bhandara,Self Pay,2025-01-26
P03712,Diya Verma,55,Male,Nagpur,Corporate Insurance,2025-12-01
P03713,Pooja Shah,39,Male,Nagpur,Self Pay,2025-03-22
P03714,Isha Reddy,44,Female,Nashik,Private Insurance,2024-03-13
P03715,Nisha Khan,27,Male,Nagpur,Private Insurance,2025-09-17
P03716,Nisha Gupta,26,Female,Chandrapur,Corporate Insurance,2024-02-01
P03717,Vikram Rao,57,Male,Nagpur,Private Insurance,2025-01-18
P03718,Riya Deshmukh,50,Male,Nagpur,Government Scheme,2024-09-17
P03719,Aarav Deshmukh,51,Male,Amravati,Corporate Insurance,2024-12-17
P03720,Pooja Joshi,47,Male,Jabalpur,Self Pay,2025-09-06
P03721,Aditi Joshi,43,Male,Bhandara,Private Insurance,2024-03-20
P03722,Arjun Patil,55,Male,Nagpur,Self Pay,2024-02-06
P03723,Nisha Verma,60,Female,Amravati,Private Insurance,2025-10-20
P03724,Kavya Pawar,59,Female,Bhandara,Corporate Insurance,2024-07-03
P03725,Arjun Joshi,40,Male,Chandrapur,Government Scheme,2024-11-18
P03726,Vivaan Patil,68,Female,Nagpur,Government Scheme,2025-12-20
P03727,Kavya Singh,46,Male,Nagpur,Private Insurance,2025-06-13
P03728,Arjun Shah,54,Female,Wardha,Private Insurance,2025-04-12
P03729,Rohan Singh,47,Male,Chandrapur,Government Scheme,2024-01-06
P03730,Aditya Joshi,47,Female,Pune,Self Pay,2024-10-13
P03731,Neha Jain,28,Male,Chandrapur,Government Scheme,2025-01-14
P03732,Aditi Rao,55,Male,Akola,Corporate Insurance,2024-02-26
P03733,Sneha Joshi,90,Female,Wardha,Private Insurance,2025-04-17
P03734,Kavya Singh,35,Male,Bhandara,Private Insurance,2025-07-05
P03735,Aditi Jain,43,Female,Chandrapur,Government Scheme,2024-09-25
P03736,Kavya Pawar,34,Male,Nagpur,Self Pay,2025-11-06
P03737,Kavya Verma,33,Male,Mumbai,Government Scheme,2025-11-12
P03738,Vivaan Joshi,71,Female,Amravati,Private Insurance,2025-06-25
P03739,Meera Singh,29,Female,Chandrapur,Private Insurance,2024-08-17
P03740,Diya Kulkarni,33,Female,Bhandara,Self Pay,2024-03-25
P03741,Arjun Mehta,12,Female,Pune,Corporate Insurance,2025-05-23
P03742,Rohan Patil,28,Male,Nagpur,Self Pay,2025-01-23
P03743,Arjun Sharma,10,Female,Mumbai,Self Pay,2025-06-07
P03744,Aditi Gupta,54,Male,Nagpur,Government Scheme,2024-10-21
P03745,Pooja Kulkarni,90,Male,Nagpur,Self Pay,2024-04-21
P03746,Nisha Singh,35,Male,Mumbai,Self Pay,2025-10-21
P03747,Rohan Patil,10,Male,Nagpur,Private Insurance,2025-12-04
P03748,Arjun Pawar,59,Female,Chandrapur,Private Insurance,2025-07-10
P03749,Aarav Mehta,28,Male,Wardha,Corporate Insurance,2024-01-18
P03750,Rahul Reddy,67,Male,Mumbai,Corporate Insurance,2025-08-08
P03751,Aditya Reddy,37,Male,Pune,Self Pay,2025-12-28
P03752,Riya Kulkarni,30,Female,Nagpur,Private Insurance,2024-10-29
P03753,Diya Reddy,39,Female,Pune,Self Pay,2025-01-01
P03754,Kavya Pawar,56,Other,Nagpur,Private Insurance,2024-01-19
P03755,Karan Patil,38,Male,Chandrapur,Private Insurance,2025-03-15
P03756,Nisha Rao,33,Female,Nashik,Government Scheme,2025-07-08
P03757,Riya Sharma,38,Male,Akola,Government Scheme,2024-05-27
P03758,Ananya Verma,18,Female,Chandrapur,Private Insurance,2025-04-07
P03759,Ananya Sharma,50,Male,Pune,Government Scheme,2024-07-09
P03760,Isha Pawar,8,Female,Bhandara,Self Pay,2024-04-13
P03761,Rohan Pawar,34,Female,Mumbai,Private Insurance,2024-01-17
P03762,Isha Singh,56,Female,Nagpur,Private Insurance,2025-07-06
P03763,Rohan Deshmukh,48,Female,Amravati,Self Pay,2024-06-03
P03764,Karan Sharma,53,Female,Pune,Corporate Insurance,2024-04-18
P03765,Neha Joshi,41,Female,Nagpur,Corporate Insurance,2025-12-03
P03766,Karan Sharma,64,Female,Wardha,Private Insurance,2025-06-23
P03767,Isha Sharma,60,Male,Nashik,Government Scheme,2024-07-06
P03768,Diya Joshi,50,Male,Bhandara,Self Pay,2025-06-04
P03769,Priya Rao,60,Male,Nagpur,Private Insurance,2024-12-30
P03770,Meera Mehta,56,Female,Nagpur,Government Scheme,2024-01-06
P03771,Arjun Gupta,34,Female,Nagpur,Government Scheme,2024-07-16
P03772,Kavya Gupta,16,Male,Nagpur,Self Pay,2025-07-19
P03773,Nisha Reddy,50,Male,Nagpur,Private Insurance,2025-06-08
P03774,Sneha Singh,52,Male,Pune,Private Insurance,2024-10-24
P03775,Karan Mehta,63,Male,Nagpur,Private Insurance,2025-12-21
P03776,Aditi Mehta,24,Male,Pune,Government Scheme,2025-01-04
P03777,Karan Deshmukh,25,Male,Jabalpur,Private Insurance,2024-01-10
P03778,Nisha Sharma,51,Female,Nagpur,Government Scheme,2025-12-05
P03779,Pooja Verma,41,Male,Jabalpur,Government Scheme,2024-01-17
P03780,Pooja Pawar,6,Male,Nagpur,Private Insurance,2025-11-02
P03781,Aditya Reddy,49,Male,Chandrapur,Private Insurance,2024-02-24
P03782,Nisha Verma,7,Female,Jabalpur,Private Insurance,2024-10-06
P03783,Arjun Mehta,24,Female,Pune,Corporate Insurance,2024-02-09
P03784,Ananya Singh,68,Female,Nagpur,Private Insurance,2025-06-01
P03785,Kavya Singh,77,Female,Nagpur,Government Scheme,2024-08-11
P03786,Diya Khan,19,Male,Nagpur,Government Scheme,2025-01-09
P03787,Vivaan Kulkarni,36,Male,Jabalpur,Private Insurance,2024-05-18
P03788,Priya Khan,43,Female,Nagpur,Corporate Insurance,2025-08-23
P03789,Rohan Jain,76,Male,Wardha,Self Pay,2024-12-03
P03790,Karan Pawar,33,Female,Amravati,Government Scheme,2024-08-21
P03791,Sneha Sharma,33,Male,Amravati,Private Insurance,2024-01-17
P03792,Aditi Kulkarni,71,Female,Amravati,Private Insurance,2024-12-09
P03793,Aarav Pawar,35,Male,Amravati,Private Insurance,2025-06-13
P03794,Rahul Reddy,56,Male,Chandrapur,Government Scheme,2024-03-23
P03795,Arjun Sharma,14,Male,Amravati,Corporate Insurance,2025-01-06
P03796,Sneha Sharma,39,Male,Wardha,Government Scheme,2025-11-07
P03797,Arjun Gupta,10,Female,Wardha,Private Insurance,2025-09-25
P03798,Riya Mehta,22,Male,Amravati,Private Insurance,2025-10-19
P03799,Priya Kulkarni,58,Female,Nashik,Private Insurance,2025-10-16
P03800,Neha Verma,41,Female,Wardha,Private Insurance,2024-07-20
P03801,Riya Khan,36,Male,Wardha,Private Insurance,2024-04-26
P03802,Meera Kulkarni,28,Male,Nagpur,Corporate Insurance,2025-03-01
P03803,Priya Pawar,38,Male,Nagpur,Government Scheme,2025-06-07
P03804,Neha Shah,48,Female,Pune,Private Insurance,2024-10-03
P03805,Rahul Khan,61,Male,Pune,Private Insurance,2024-06-18
P03806,Karan Sharma,1,Female,Nagpur,Government Scheme,2024-04-23
P03807,Vivaan Sharma,26,Male,Amravati,Private Insurance,2025-01-06
P03808,Isha Khan,45,Male,Amravati,Corporate Insurance,2024-02-02
P03809,Rahul Sharma,40,Male,Akola,Government Scheme,2025-05-14
P03810,Priya Gupta,50,Male,Nagpur,Government Scheme,2025-08-23
P03811,Pooja Gupta,47,Male,Jabalpur,Self Pay,2025-08-28
P03812,Priya Singh,36,Female,Nagpur,Private Insurance,2024-07-30
P03813,Rahul Jain,32,Other,Jabalpur,Private Insurance,2024-03-13
P03814,Kavya Mehta,37,Male,Nagpur,Government Scheme,2025-01-11
P03815,Karan Verma,64,Female,Nagpur,Private Insurance,2025-06-24
P03816,Rahul Deshmukh,28,Female,Nagpur,Private Insurance,2025-10-20
P03817,Riya Rao,41,Female,Nagpur,Corporate Insurance,2024-03-28
P03818,Kavya Sharma,45,Male,Jabalpur,Self Pay,2024-01-15
P03819,Nisha Mehta,72,Male,Wardha,Private Insurance,2024-04-13
P03820,Vivaan Sharma,36,Male,Nagpur,Corporate Insurance,2025-02-03
P03821,Rahul Kulkarni,60,Female,Jabalpur,Private Insurance,2024-05-01
P03822,Vikram Singh,65,Female,Nagpur,Self Pay,2025-11-28
P03823,Neha Kulkarni,41,Male,Nagpur,Government Scheme,2024-09-09
P03824,Vikram Pawar,38,Female,Nagpur,Government Scheme,2025-08-13
P03825,Aditya Sharma,36,Female,Wardha,Self Pay,2024-08-25
P03826,Pooja Deshmukh,37,Female,Mumbai,Private Insurance,2024-06-09
P03827,Aditi Pawar,58,Female,Nagpur,Corporate Insurance,2024-03-03
P03828,Isha Mehta,46,Female,Nashik,Private Insurance,2024-05-26
P03829,Rohan Pawar,46,Male,Nagpur,Corporate Insurance,2025-07-02
P03830,Diya Kulkarni,21,Female,Nagpur,Private Insurance,2025-07-10
P03831,Nisha Rao,24,Female,Akola,Private Insurance,2025-05-02
P03832,Ananya Gupta,83,Male,Nashik,Private Insurance,2024-02-28
P03833,Rahul Gupta,39,Male,Bhandara,Private Insurance,2024-08-22
P03834,Ananya Patil,27,Male,Nagpur,Government Scheme,2025-03-13
P03835,Rohan Jain,69,Male,Nagpur,Government Scheme,2025-11-14
P03836,Sneha Patil,47,Male,Nashik,Self Pay,2024-06-19
P03837,Riya Deshmukh,53,Male,Chandrapur,Government Scheme,2024-05-16
P03838,Arjun Sharma,39,Male,Amravati,Government Scheme,2025-09-04
P03839,Arjun Deshmukh,36,Male,Nagpur,Private Insurance,2024-12-07
P03840,Riya Shah,39,Male,Nashik,Self Pay,2024-10-03
P03841,Arjun Sharma,16,Female,Nagpur,Corporate Insurance,2024-10-07
P03842,Rohan Shah,40,Female,Chandrapur,Private Insurance,2024-10-29
P03843,Ananya Kulkarni,48,Female,Akola,Private Insurance,2024-12-19
P03844,Rohan Patil,77,Female,Nagpur,Private Insurance,2025-08-02
P03845,Diya Sharma,44,Female,Wardha,Private Insurance,2025-05-18
P03846,Riya Verma,1,Male,Bhandara,Government Scheme,2024-03-05
P03847,Neha Singh,40,Male,Chandrapur,Private Insurance,2024-04-06
P03848,Aarav Singh,90,Female,Mumbai,Self Pay,2025-03-14
P03849,Priya Patil,58,Female,Bhandara,Private Insurance,2025-09-04
P03850,Meera Patil,27,Female,Nagpur,Private Insurance,2025-12-03
P03851,Diya Deshmukh,53,Male,Amravati,Private Insurance,2025-10-14
P03852,Karan Reddy,28,Female,Chandrapur,Private Insurance,2025-04-19
P03853,Riya Reddy,16,Female,Nagpur,Self Pay,2024-06-22
P03854,Aditi Kulkarni,35,Female,Nashik,Corporate Insurance,2024-02-29
P03855,Riya Reddy,44,Male,Nagpur,Government Scheme,2025-06-21
P03856,Rahul Patil,6,Female,Nagpur,Private Insurance,2025-10-25
P03857,Vikram Singh,20,Male,Nagpur,Self Pay,2024-10-22
P03858,Aditya Singh,42,Male,Mumbai,Self Pay,2024-04-04
P03859,Karan Shah,34,Male,Akola,Self Pay,2025-06-18
P03860,Vikram Jain,50,Male,Bhandara,Government Scheme,2024-09-26
P03861,Karan Kulkarni,19,Female,Nagpur,Government Scheme,2025-04-10
P03862,Priya Mehta,56,Female,Mumbai,Private Insurance,2024-05-12
P03863,Diya Deshmukh,20,Male,Mumbai,Private Insurance,2024-09-17
P03864,Meera Sharma,73,Female,Amravati,Corporate Insurance,2025-06-10
P03865,Neha Gupta,9,Male,Nashik,Private Insurance,2025-09-17
P03866,Priya Patil,21,Male,Mumbai,Private Insurance,2024-07-12
P03867,Diya Deshmukh,50,Female,Nagpur,Private Insurance,2025-08-06
P03868,Meera Sharma,74,Female,Nagpur,Private Insurance,2024-07-09
P03869,Isha Shah,48,Male,Bhandara,Corporate Insurance,2025-06-21
P03870,Aditya Jain,53,Other,Amravati,Private Insurance,2024-10-28
P03871,Kavya Pawar,42,Male,Nashik,Government Scheme,2025-05-27
P03872,Isha Gupta,22,Female,Bhandara,Self Pay,2024-07-27
P03873,Rahul Sharma,33,Male,Nagpur,Private Insurance,2024-03-01
P03874,Diya Kulkarni,19,Female,Amravati,Private Insurance,2025-07-26
P03875,Aarav Verma,18,Female,Akola,Private Insurance,2024-01-06
P03876,Meera Joshi,50,Male,Nagpur,Private Insurance,2025-01-19
P03877,Meera Shah,21,Male,Amravati,Private Insurance,2024-02-12
P03878,Nisha Deshmukh,48,Female,Nagpur,Government Scheme,2025-02-09
P03879,Aarav Verma,17,Male,Pune,Private Insurance,2024-03-20
P03880,Kavya Reddy,48,Female,Nagpur,Government Scheme,2024-04-27
P03881,Priya Singh,33,Female,Nagpur,Corporate Insurance,2025-12-20
P03882,Sneha Rao,69,Female,Pune,Private Insurance,2025-10-28
P03883,Nisha Singh,48,Male,Nagpur,Private Insurance,2024-11-21
P03884,Vikram Patil,65,Female,Akola,Private Insurance,2024-09-11
P03885,Arjun Singh,28,Male,Amravati,Private Insurance,2025-05-22
P03886,Vivaan Mehta,43,Female,Pune,Private Insurance,2024-10-02
P03887,Diya Reddy,23,Female,Nagpur,Government Scheme,2024-04-20
P03888,Riya Pawar,34,Female,Nagpur,Private Insurance,2024-06-25
P03889,Ananya Patil,37,Female,Nagpur,Private Insurance,2025-03-26
P03890,Aditi Singh,28,Male,Mumbai,Private Insurance,2025-12-01
P03891,Ananya Deshmukh,19,Male,Pune,Self Pay,2025-04-21
P03892,Riya Sharma,15,Male,Nagpur,Private Insurance,2025-03-19
P03893,Neha Joshi,1,Female,Nagpur,Self Pay,2025-07-26
P03894,Priya Patil,22,Male,Nagpur,Government Scheme,2024-02-14
P03895,Kavya Shah,54,Male,Nagpur,Private Insurance,2025-03-30
P03896,Ananya Rao,12,Female,Nagpur,Government Scheme,2024-05-20
P03897,Arjun Singh,16,Male,Mumbai,Private Insurance,2024-11-03
P03898,Meera Khan,76,Male,Nagpur,Self Pay,2024-12-16
P03899,Neha Mehta,30,Male,Mumbai,Private Insurance,2025-06-16
P03900,Vikram Joshi,48,Male,Nagpur,Government Scheme,2024-05-17
P03901,Neha Pawar,54,Male,Pune,Government Scheme,2025-11-27
P03902,Nisha Khan,55,Female,Amravati,Government Scheme,2025-03-17
P03903,Rohan Verma,13,Male,Nagpur,Self Pay,2024-09-11
P03904,Neha Gupta,38,Male,Pune,Private Insurance,2024-08-12
P03905,Nisha Khan,11,Female,Nagpur,Government Scheme,2024-03-15
P03906,Vikram Mehta,88,Male,Mumbai,Private Insurance,2024-09-12
P03907,Neha Gupta,12,Male,Nashik,Private Insurance,2024-03-26
P03908,Ananya Singh,22,Female,Jabalpur,Private Insurance,2025-07-28
P03909,Rohan Singh,22,Male,Pune,Government Scheme,2025-08-02
P03910,Karan Reddy,14,Male,Nagpur,Government Scheme,2025-01-17
P03911,Meera Jain,68,Male,Amravati,Self Pay,2025-12-05
P03912,Meera Deshmukh,88,Male,Akola,Government Scheme,2024-03-23
P03913,Neha Singh,33,Female,Nagpur,Self Pay,2025-10-03
P03914,Aditya Rao,17,Male,Bhandara,Corporate Insurance,2024-09-28
P03915,Vivaan Gupta,1,Male,Nagpur,Private Insurance,2025-07-07
P03916,Aditya Jain,37,Male,Akola,Self Pay,2025-10-16
P03917,Ananya Pawar,36,Female,Amravati,Private Insurance,2024-04-03
P03918,Riya Shah,30,Female,Nagpur,Private Insurance,2025-09-09
P03919,Diya Pawar,46,Male,Jabalpur,Corporate Insurance,2025-12-25
P03920,Nisha Shah,50,Female,Pune,Private Insurance,2025-07-08
P03921,Rohan Verma,48,Female,Nagpur,Corporate Insurance,2024-04-16
P03922,Isha Jain,36,Male,Nagpur,Self Pay,2025-09-07
P03923,Riya Kulkarni,21,Male,Nashik,Corporate Insurance,2024-07-21
P03924,Diya Rao,55,Male,Nagpur,Government Scheme,2024-03-07
P03925,Neha Sharma,42,Male,Chandrapur,Government Scheme,2025-04-14
P03926,Neha Jain,59,Male,Nashik,Government Scheme,2024-03-30
P03927,Pooja Deshmukh,57,Male,Nagpur,Government Scheme,2025-02-19
P03928,Isha Jain,15,Male,Nagpur,Corporate Insurance,2024-01-14
P03929,Nisha Reddy,15,Male,Nagpur,Private Insurance,2025-06-24
P03930,Pooja Jain,28,Male,Nagpur,Government Scheme,2024-04-01
P03931,Vikram Pawar,22,Female,Chandrapur,Corporate Insurance,2025-05-04
P03932,Aarav Patil,56,Female,Nagpur,Private Insurance,2025-08-24
P03933,Rahul Rao,49,Male,Jabalpur,Self Pay,2024-03-11
P03934,Rohan Verma,63,Male,Nashik,Private Insurance,2024-01-28
P03935,Kavya Sharma,50,Male,Nagpur,Private Insurance,2025-10-02
P03936,Arjun Sharma,46,Male,Bhandara,Government Scheme,2024-12-05
P03937,Meera Jain,65,Male,Amravati,Government Scheme,2025-01-04
P03938,Nisha Mehta,51,Female,Amravati,Self Pay,2024-06-29
P03939,Sneha Mehta,43,Male,Bhandara,Private Insurance,2024-12-13
P03940,Nisha Pawar,70,Male,Nagpur,Private Insurance,2025-08-30
P03941,Aditya Singh,44,Female,Nagpur,Corporate Insurance,2025-09-08
P03942,Karan Reddy,36,Female,Nagpur,Government Scheme,2025-08-09
P03943,Isha Singh,26,Male,Nagpur,Government Scheme,2024-07-30
P03944,Isha Gupta,55,Male,Chandrapur,Private Insurance,2025-07-13
P03945,Nisha Rao,66,Female,Jabalpur,Corporate Insurance,2024-11-24
P03946,Riya Rao,41,Female,Chandrapur,Corporate Insurance,2024-10-03
P03947,Aarav Singh,67,Female,Jabalpur,Government Scheme,2024-08-26
P03948,Ananya Pawar,5,Male,Bhandara,Private Insurance,2025-11-06
P03949,Diya Rao,41,Male,Nagpur,Corporate Insurance,2024-05-06
P03950,Kavya Jain,41,Female,Mumbai,Corporate Insurance,2025-10-15
P03951,Neha Patil,28,Male,Nagpur,Government Scheme,2025-10-27
P03952,Arjun Rao,87,Female,Nagpur,Government Scheme,2025-04-20
P03953,Aarav Khan,41,Female,Jabalpur,Government Scheme,2024-01-20
P03954,Meera Jain,34,Female,Chandrapur,Private Insurance,2025-03-23
P03955,Aditi Shah,42,Male,Mumbai,Self Pay,2024-03-25
P03956,Meera Sharma,4,Male,Nagpur,Self Pay,2024-09-02
P03957,Vikram Verma,28,Female,Nashik,Government Scheme,2024-02-24
P03958,Kavya Verma,61,Male,Nagpur,Self Pay,2025-06-21
P03959,Karan Shah,30,Male,Amravati,Government Scheme,2024-12-19
P03960,Meera Khan,26,Male,Mumbai,Corporate Insurance,2025-11-16
P03961,Aditi Shah,67,Male,Amravati,Private Insurance,2025-05-14
P03962,Priya Gupta,67,Male,Akola,Corporate Insurance,2024-08-18
P03963,Meera Joshi,52,Female,Mumbai,Private Insurance,2025-07-19
P03964,Rohan Jain,33,Female,Mumbai,Private Insurance,2024-07-27
P03965,Neha Jain,37,Male,Nagpur,Government Scheme,2024-07-15
P03966,Sneha Gupta,27,Male,Nagpur,Private Insurance,2024-07-11
P03967,Pooja Joshi,23,Male,Mumbai,Private Insurance,2025-06-02
P03968,Aarav Joshi,22,Male,Bhandara,Self Pay,2025-12-18
P03969,Neha Singh,30,Male,Wardha,Private Insurance,2025-09-15
P03970,Sneha Jain,22,Male,Nagpur,Self Pay,2025-01-29
P03971,Rohan Jain,12,Male,Nagpur,Private Insurance,2024-01-08
P03972,Diya Reddy,46,Female,Jabalpur,Private Insurance,2025-12-07
P03973,Aarav Jain,46,Male,Wardha,Private Insurance,2024-10-06
P03974,Neha Kulkarni,74,Male,Pune,Government Scheme,2025-03-26
P03975,Riya Verma,29,Female,Nagpur,Government Scheme,2024-11-05
P03976,Vikram Gupta,48,Female,Nagpur,Private Insurance,2024-08-02
P03977,Diya Verma,48,Male,Bhandara,Private Insurance,2024-08-09
P03978,Neha Patil,37,Male,Mumbai,Private Insurance,2025-03-04
P03979,Aarav Deshmukh,56,Female,Nagpur,Government Scheme,2024-11-09
P03980,Ananya Sharma,57,Female,Nagpur,Government Scheme,2024-04-23
P03981,Priya Deshmukh,48,Female,Bhandara,Private Insurance,2024-10-02
P03982,Pooja Mehta,37,Female,Nagpur,Private Insurance,2024-11-23
P03983,Riya Pawar,35,Male,Amravati,Corporate Insurance,2025-04-01
P03984,Isha Gupta,16,Male,Bhandara,Private Insurance,2024-11-19
P03985,Aditya Joshi,27,Male,Nagpur,Corporate Insurance,2024-05-22
P03986,Rohan Pawar,30,Female,Chandrapur,Private Insurance,2025-02-24
P03987,Aarav Rao,21,Female,Nagpur,Corporate Insurance,2025-09-02
P03988,Aditya Gupta,50,Female,Akola,Government Scheme,2024-10-09
P03989,Karan Mehta,65,Male,Pune,Government Scheme,2025-04-07
P03990,Priya Rao,25,Male,Pune,Private Insurance,2024-11-28
P03991,Nisha Jain,47,Female,Akola,Corporate Insurance,2024-08-05
P03992,Aditya Pawar,22,Male,Bhandara,Private Insurance,2025-10-01
P03993,Meera Verma,36,Female,Nagpur,Self Pay,2025-12-04
P03994,Aarav Sharma,29,Female,Amravati,Private Insurance,2024-05-11
P03995,Vikram Jain,53,Male,Nagpur,Government Scheme,2025-03-30
P03996,Arjun Rao,29,Female,Akola,Self Pay,2025-11-04
P03997,Rahul Khan,61,Male,Nagpur,Government Scheme,2025-01-27
P03998,Aarav Sharma,37,Female,Amravati,Government Scheme,2025-01-28
P03999,Isha Deshmukh,30,Male,Wardha,Self Pay,2025-12-01
P04000,Priya Gupta,18,Female,Chandrapur,Government Scheme,2025-04-04
P04001,Rohan Rao,47,Female,Amravati,Private Insurance,2025-09-11
P04002,Vikram Patil,59,Female,Wardha,Private Insurance,2024-03-17
P04003,Aditya Verma,47,Male,Bhandara,Self Pay,2025-03-06
P04004,Diya Pawar,85,Male,Mumbai,Private Insurance,2024-04-16
P04005,Ananya Patil,69,Male,Akola,Government Scheme,2024-05-28
P04006,Rahul Patil,36,Female,Nagpur,Private Insurance,2025-06-18
P04007,Isha Patil,36,Female,Pune,Corporate Insurance,2025-09-26
P04008,Pooja Kulkarni,51,Female,Nagpur,Government Scheme,2025-10-19
P04009,Rahul Verma,26,Male,Nagpur,Government Scheme,2025-07-12
P04010,Aarav Sharma,64,Female,Nagpur,Self Pay,2025-01-13
P04011,Neha Kulkarni,49,Female,Wardha,Self Pay,2024-11-12
P04012,Aditya Khan,47,Male,Chandrapur,Private Insurance,2024-05-02
P04013,Aditi Khan,55,Male,Bhandara,Private Insurance,2025-07-27
P04014,Riya Khan,75,Female,Pune,Government Scheme,2025-08-04
P04015,Nisha Pawar,45,Female,Bhandara,Private Insurance,2024-04-03
P04016,Kavya Jain,40,Female,Nagpur,Private Insurance,2025-10-31
P04017,Karan Sharma,71,Male,Bhandara,Private Insurance,2024-08-28
P04018,Ananya Deshmukh,60,Female,Nashik,Private Insurance,2025-05-04
P04019,Riya Khan,36,Male,Wardha,Private Insurance,2024-04-03
P04020,Riya Gupta,42,Female,Wardha,Private Insurance,2024-05-13
P04021,Isha Joshi,46,Male,Bhandara,Private Insurance,2025-03-17
P04022,Diya Sharma,49,Male,Bhandara,Government Scheme,2024-10-28
P04023,Vikram Reddy,16,Female,Nagpur,Private Insurance,2024-01-20
P04024,Priya Mehta,13,Female,Pune,Private Insurance,2025-11-17
P04025,Pooja Sharma,25,Female,Nagpur,Self Pay,2025-10-09
P04026,Diya Verma,24,Male,Nagpur,Government Scheme,2024-05-19
P04027,Aditya Joshi,30,Male,Nashik,Corporate Insurance,2025-04-19
P04028,Aarav Joshi,54,Male,Pune,Corporate Insurance,2024-05-04
P04029,Neha Joshi,39,Female,Chandrapur,Government Scheme,2025-06-07
P04030,Sneha Verma,46,Female,Wardha,Self Pay,2025-05-27
P04031,Vivaan Khan,19,Male,Jabalpur,Private Insurance,2025-06-28
P04032,Arjun Rao,33,Male,Amravati,Self Pay,2025-01-31
P04033,Ananya Sharma,53,Male,Amravati,Government Scheme,2024-01-18
P04034,Rohan Verma,53,Male,Chandrapur,Self Pay,2024-05-29
P04035,Diya Khan,28,Male,Amravati,Private Insurance,2025-12-24
P04036,Karan Verma,45,Male,Bhandara,Corporate Insurance,2025-03-26
P04037,Nisha Deshmukh,84,Male,Jabalpur,Government Scheme,2024-09-06
P04038,Sneha Deshmukh,42,Male,Nagpur,Self Pay,2025-11-14
P04039,Rahul Pawar,29,Male,Nagpur,Corporate Insurance,2024-11-10
P04040,Vivaan Deshmukh,39,Other,Amravati,Corporate Insurance,2025-09-16
P04041,Riya Patil,44,Female,Wardha,Private Insurance,2025-08-11
P04042,Aditya Jain,39,Male,Akola,Government Scheme,2024-01-05
P04043,Diya Gupta,41,Male,Jabalpur,Government Scheme,2025-11-10
P04044,Kavya Reddy,15,Female,Akola,Government Scheme,2025-10-02
P04045,Aditya Kulkarni,24,Male,Jabalpur,Government Scheme,2025-12-25
P04046,Nisha Patil,39,Female,Nagpur,Self Pay,2025-04-02
P04047,Ananya Deshmukh,39,Female,Nagpur,Corporate Insurance,2025-05-24
P04048,Aditya Reddy,31,Female,Nagpur,Private Insurance,2024-07-14
P04049,Priya Patil,39,Male,Pune,Private Insurance,2024-04-20
P04050,Karan Verma,43,Male,Nagpur,Self Pay,2024-03-09
P04051,Nisha Verma,59,Male,Nagpur,Government Scheme,2024-05-08
P04052,Aditya Rao,40,Female,Amravati,Corporate Insurance,2025-12-09
P04053,Vivaan Rao,50,Male,Nagpur,Self Pay,2024-07-19
P04054,Karan Khan,32,Female,Chandrapur,Private Insurance,2024-01-22
P04055,Isha Joshi,53,Female,Mumbai,Government Scheme,2025-05-16
P04056,Isha Deshmukh,49,Female,Nagpur,Corporate Insurance,2024-05-14
P04057,Isha Sharma,58,Male,Bhandara,Private Insurance,2025-01-07
P04058,Rohan Sharma,56,Female,Nagpur,Private Insurance,2025-05-05
P04059,Priya Rao,53,Male,Nagpur,Government Scheme,2025-02-22
P04060,Aarav Singh,40,Male,Nagpur,Private Insurance,2025-07-07
P04061,Isha Deshmukh,47,Female,Bhandara,Corporate Insurance,2024-01-14
P04062,Neha Jain,62,Male,Bhandara,Private Insurance,2024-07-13
P04063,Nisha Patil,30,Female,Chandrapur,Private Insurance,2024-10-23
P04064,Arjun Kulkarni,30,Female,Pune,Corporate Insurance,2025-06-22
P04065,Pooja Deshmukh,45,Female,Nagpur,Private Insurance,2025-01-30
P04066,Vikram Shah,50,Male,Nashik,Private Insurance,2025-07-12
P04067,Neha Joshi,26,Male,Akola,Private Insurance,2025-06-25
P04068,Rahul Deshmukh,41,Male,Nagpur,Corporate Insurance,2025-08-08
P04069,Rohan Reddy,40,Male,Amravati,Corporate Insurance,2025-03-19
P04070,Sneha Reddy,1,Female,Nagpur,Private Insurance,2025-07-04
P04071,Nisha Kulkarni,38,Male,Nagpur,Self Pay,2025-05-10
P04072,Arjun Jain,39,Female,Nagpur,Self Pay,2024-01-24
P04073,Aditi Joshi,39,Female,Nagpur,Private Insurance,2024-07-24
P04074,Pooja Gupta,69,Other,Mumbai,Private Insurance,2025-10-13
P04075,Nisha Joshi,19,Female,Mumbai,Corporate Insurance,2024-03-07
P04076,Neha Patil,26,Female,Bhandara,Private Insurance,2025-02-14
P04077,Nisha Shah,1,Female,Nashik,Government Scheme,2025-07-13
P04078,Diya Jain,33,Female,Jabalpur,Private Insurance,2024-11-10
P04079,Rohan Jain,34,Male,Amravati,Government Scheme,2024-05-11
P04080,Aditya Shah,32,Female,Bhandara,Private Insurance,2024-01-18
P04081,Karan Shah,63,Male,Chandrapur,Private Insurance,2025-04-26
P04082,Meera Singh,58,Female,Mumbai,Private Insurance,2025-03-07
P04083,Rohan Reddy,43,Male,Pune,Corporate Insurance,2025-05-19
P04084,Neha Deshmukh,35,Male,Nagpur,Private Insurance,2024-04-28
P04085,Arjun Shah,61,Male,Akola,Government Scheme,2024-12-07
P04086,Aditi Reddy,42,Male,Nagpur,Government Scheme,2025-02-03
P04087,Rohan Pawar,26,Male,Nagpur,Private Insurance,2025-09-03
P04088,Karan Jain,9,Male,Bhandara,Self Pay,2024-05-18
P04089,Sneha Shah,34,Male,Akola,Private Insurance,2025-05-22
P04090,Karan Reddy,56,Female,Nagpur,Government Scheme,2025-05-17
P04091,Ananya Reddy,85,Female,Nagpur,Government Scheme,2025-03-09
P04092,Aarav Shah,43,Male,Akola,Corporate Insurance,2024-03-05
P04093,Isha Sharma,27,Female,Nagpur,Self Pay,2024-03-27
P04094,Vivaan Pawar,19,Female,Pune,Private Insurance,2025-03-14
P04095,Sneha Joshi,52,Male,Wardha,Self Pay,2025-03-30
P04096,Riya Joshi,8,Female,Bhandara,Self Pay,2025-04-14
P04097,Vivaan Shah,52,Female,Nagpur,Corporate Insurance,2025-07-18
P04098,Aditya Shah,58,Male,Jabalpur,Corporate Insurance,2024-10-15
P04099,Aarav Mehta,50,Female,Mumbai,Self Pay,2024-08-04
P04100,Priya Sharma,38,Female,Nagpur,Government Scheme,2025-10-31
P04101,Nisha Verma,53,Female,Akola,Private Insurance,2025-05-20
P04102,Isha Singh,45,Female,Pune,Corporate Insurance,2025-01-19
P04103,Ananya Singh,27,Female,Nagpur,Corporate Insurance,2025-02-11
P04104,Arjun Verma,77,Male,Bhandara,Private Insurance,2025-07-01
P04105,Neha Deshmukh,35,Female,Pune,Government Scheme,2024-08-14
P04106,Karan Verma,57,Female,Wardha,Private Insurance,2024-11-20
P04107,Aditya Reddy,1,Male,Mumbai,Private Insurance,2024-02-01
P04108,Aditi Joshi,66,Female,Nagpur,Private Insurance,2025-07-31
P04109,Riya Kulkarni,70,Female,Mumbai,Private Insurance,2024-12-31
P04110,Rohan Rao,43,Female,Jabalpur,Self Pay,2025-10-17
P04111,Aditya Patil,53,Female,Nagpur,Private Insurance,2024-08-04
P04112,Ananya Reddy,53,Female,Amravati,Government Scheme,2024-10-28
P04113,Rahul Jain,30,Female,Chandrapur,Government Scheme,2024-02-09
P04114,Riya Kulkarni,52,Male,Mumbai,Self Pay,2025-12-07
P04115,Aditya Rao,27,Male,Nagpur,Private Insurance,2024-09-07
P04116,Kavya Patil,30,Male,Nagpur,Private Insurance,2024-04-21
P04117,Meera Mehta,63,Female,Pune,Self Pay,2025-03-22
P04118,Meera Deshmukh,61,Male,Amravati,Self Pay,2025-09-09
P04119,Nisha Gupta,29,Male,Chandrapur,Government Scheme,2024-03-22
P04120,Aarav Patil,28,Female,Bhandara,Government Scheme,2025-01-18
P04121,Diya Kulkarni,30,Male,Jabalpur,Corporate Insurance,2024-12-11
P04122,Priya Deshmukh,56,Male,Nagpur,Private Insurance,2024-04-11
P04123,Vivaan Joshi,23,Female,Jabalpur,Private Insurance,2024-07-20
P04124,Vivaan Sharma,49,Male,Bhandara,Corporate Insurance,2025-04-01
P04125,Priya Verma,56,Female,Mumbai,Self Pay,2025-12-23
P04126,Arjun Deshmukh,40,Female,Nagpur,Private Insurance,2024-04-05
P04127,Pooja Khan,61,Female,Chandrapur,Corporate Insurance,2025-04-04
P04128,Aarav Singh,36,Female,Pune,Private Insurance,2025-10-09
P04129,Priya Singh,38,Male,Pune,Self Pay,2025-07-05
P04130,Pooja Khan,23,Male,Nagpur,Government Scheme,2025-08-18
P04131,Sneha Patil,61,Female,Wardha,Government Scheme,2025-10-31
P04132,Nisha Joshi,27,Male,Nagpur,Corporate Insurance,2025-04-22
P04133,Pooja Jain,49,Male,Nagpur,Self Pay,2024-01-28
P04134,Diya Kulkarni,41,Male,Akola,Private Insurance,2024-06-19
P04135,Riya Singh,22,Male,Jabalpur,Self Pay,2024-10-28
P04136,Rahul Sharma,30,Male,Chandrapur,Self Pay,2025-12-03
P04137,Aditya Gupta,68,Male,Nagpur,Government Scheme,2024-06-01
P04138,Neha Shah,46,Female,Nagpur,Private Insurance,2025-09-14
P04139,Pooja Khan,23,Male,Amravati,Private Insurance,2025-04-08
P04140,Sneha Reddy,48,Female,Nagpur,Corporate Insurance,2025-06-06
P04141,Vivaan Pawar,39,Female,Pune,Government Scheme,2024-03-17
P04142,Karan Jain,90,Female,Nagpur,Government Scheme,2024-09-23
P04143,Kavya Singh,47,Female,Nagpur,Government Scheme,2024-12-04
P04144,Sneha Reddy,35,Male,Nashik,Private Insurance,2024-12-19
P04145,Meera Mehta,69,Male,Nagpur,Private Insurance,2025-10-02
P04146,Aditya Joshi,7,Male,Amravati,Private Insurance,2024-09-03
P04147,Nisha Joshi,44,Male,Wardha,Private Insurance,2025-09-26
P04148,Aarav Reddy,80,Female,Nagpur,Corporate Insurance,2025-09-12
P04149,Vikram Pawar,40,Male,Bhandara,Private Insurance,2025-04-13
P04150,Pooja Shah,9,Female,Wardha,Private Insurance,2024-08-13
P04151,Aarav Khan,34,Female,Akola,Government Scheme,2024-03-13
P04152,Neha Verma,70,Male,Nagpur,Corporate Insurance,2024-06-22
P04153,Neha Mehta,49,Male,Amravati,Private Insurance,2025-03-18
P04154,Aditi Kulkarni,26,Female,Chandrapur,Private Insurance,2024-06-05
P04155,Vivaan Reddy,29,Female,Nagpur,Self Pay,2025-10-20
P04156,Ananya Singh,31,Female,Nagpur,Government Scheme,2024-10-19
P04157,Riya Joshi,49,Male,Nagpur,Government Scheme,2024-07-24
P04158,Aarav Rao,67,Female,Nagpur,Private Insurance,2025-03-30
P04159,Arjun Shah,62,Female,Nagpur,Corporate Insurance,2024-04-23
P04160,Pooja Jain,51,Male,Jabalpur,Government Scheme,2025-08-30
P04161,Arjun Joshi,17,Male,Wardha,Self Pay,2025-02-05
P04162,Neha Shah,17,Female,Bhandara,Corporate Insurance,2025-11-06
P04163,Isha Jain,52,Male,Nagpur,Self Pay,2025-09-15
P04164,Riya Khan,16,Female,Nagpur,Private Insurance,2024-02-28
P04165,Arjun Rao,38,Female,Nashik,Self Pay,2025-10-17
P04166,Meera Jain,48,Male,Nashik,Government Scheme,2024-02-04
P04167,Priya Verma,20,Female,Jabalpur,Private Insurance,2025-08-02
P04168,Neha Mehta,23,Female,Nagpur,Private Insurance,2024-09-21
P04169,Kavya Reddy,40,Male,Nagpur,Private Insurance,2024-09-08
P04170,Vivaan Rao,52,Male,Akola,Corporate Insurance,2025-08-14
P04171,Karan Reddy,62,Male,Nagpur,Self Pay,2024-07-19
P04172,Isha Khan,54,Male,Nagpur,Self Pay,2025-10-24
P04173,Pooja Jain,43,Female,Nagpur,Self Pay,2024-01-30
P04174,Karan Singh,28,Male,Nagpur,Government Scheme,2024-05-02
P04175,Meera Verma,22,Female,Pune,Corporate Insurance,2024-09-18
P04176,Aarav Mehta,32,Male,Mumbai,Private Insurance,2024-07-27
P04177,Ananya Joshi,50,Female,Chandrapur,Private Insurance,2025-09-27
P04178,Karan Shah,48,Female,Amravati,Government Scheme,2025-10-20
P04179,Aditi Gupta,2,Female,Nashik,Self Pay,2024-11-03
P04180,Aditya Deshmukh,27,Male,Chandrapur,Self Pay,2025-02-24
P04181,Nisha Jain,65,Female,Pune,Corporate Insurance,2024-09-04
P04182,Aarav Kulkarni,44,Male,Wardha,Self Pay,2024-10-24
P04183,Rahul Kulkarni,15,Male,Jabalpur,Private Insurance,2024-09-02
P04184,Priya Kulkarni,87,Male,Nagpur,Private Insurance,2024-06-26
P04185,Diya Khan,41,Female,Chandrapur,Government Scheme,2025-05-21
P04186,Sneha Deshmukh,49,Female,Pune,Self Pay,2024-03-23
P04187,Neha Kulkarni,50,Male,Mumbai,Government Scheme,2024-07-31
P04188,Ananya Joshi,35,Male,Jabalpur,Private Insurance,2024-03-20
P04189,Meera Rao,28,Female,Amravati,Government Scheme,2024-11-25
P04190,Diya Sharma,82,Male,Akola,Self Pay,2025-05-07
P04191,Rohan Reddy,61,Female,Nagpur,Private Insurance,2025-01-13
P04192,Kavya Sharma,58,Female,Chandrapur,Government Scheme,2025-06-09
P04193,Kavya Patil,53,Female,Nagpur,Private Insurance,2025-02-23
P04194,Karan Reddy,23,Female,Amravati,Government Scheme,2024-09-23
P04195,Priya Singh,66,Female,Mumbai,Self Pay,2025-10-27
P04196,Rohan Verma,26,Male,Pune,Private Insurance,2025-03-18
P04197,Vivaan Pawar,47,Female,Wardha,Self Pay,2024-01-28
P04198,Diya Deshmukh,11,Male,Nagpur,Self Pay,2024-04-23
P04199,Rahul Sharma,3,Male,Amravati,Private Insurance,2025-05-05
P04200,Vivaan Sharma,48,Male,Nagpur,Corporate Insurance,2024-01-16
P04201,Karan Verma,27,Female,Nagpur,Self Pay,2024-05-05
P04202,Arjun Deshmukh,4,Male,Mumbai,Government Scheme,2024-03-13
P04203,Nisha Shah,52,Female,Wardha,Private Insurance,2025-08-14
P04204,Isha Reddy,82,Male,Nagpur,Government Scheme,2024-03-18
P04205,Aditi Gupta,68,Female,Akola,Private Insurance,2024-05-27
P04206,Pooja Gupta,37,Male,Nagpur,Private Insurance,2025-12-19
P04207,Rahul Patil,42,Female,Amravati,Government Scheme,2024-03-28
P04208,Karan Rao,59,Male,Nagpur,Corporate Insurance,2024-06-21
P04209,Arjun Deshmukh,63,Female,Nagpur,Private Insurance,2025-08-16
P04210,Rahul Gupta,35,Female,Bhandara,Self Pay,2024-04-07
P04211,Vikram Rao,43,Male,Akola,Government Scheme,2024-06-16
P04212,Nisha Shah,48,Female,Wardha,Self Pay,2025-08-03
P04213,Riya Gupta,53,Male,Pune,Self Pay,2024-01-01
P04214,Vikram Khan,39,Male,Mumbai,Private Insurance,2024-09-24
P04215,Riya Sharma,40,Male,Pune,Government Scheme,2024-07-06
P04216,Meera Verma,68,Male,Jabalpur,Private Insurance,2024-05-30
P04217,Vikram Pawar,65,Male,Mumbai,Private Insurance,2024-10-13
P04218,Isha Rao,51,Male,Pune,Government Scheme,2024-06-09
P04219,Ananya Rao,75,Female,Nagpur,Private Insurance,2025-07-19
P04220,Neha Singh,35,Male,Nagpur,Private Insurance,2024-04-11
P04221,Isha Gupta,73,Male,Nashik,Private Insurance,2024-10-18
P04222,Meera Pawar,52,Female,Pune,Private Insurance,2024-02-28
P04223,Aditya Rao,90,Female,Pune,Private Insurance,2024-03-18
P04224,Riya Khan,19,Female,Chandrapur,Private Insurance,2025-05-11
P04225,Neha Deshmukh,29,Male,Pune,Private Insurance,2024-11-25
P04226,Meera Rao,50,Female,Akola,Self Pay,2024-11-17
P04227,Aditya Reddy,50,Male,Akola,Self Pay,2024-07-17
P04228,Vikram Joshi,79,Male,Nagpur,Corporate Insurance,2024-04-18
P04229,Nisha Singh,29,Male,Wardha,Corporate Insurance,2025-10-02
P04230,Kavya Reddy,59,Female,Nagpur,Corporate Insurance,2025-08-01
P04231,Aarav Joshi,64,Male,Nagpur,Self Pay,2024-12-03
P04232,Rohan Reddy,55,Male,Bhandara,Private Insurance,2024-01-14
P04233,Isha Deshmukh,24,Female,Nagpur,Private Insurance,2025-10-17
P04234,Neha Gupta,69,Female,Mumbai,Corporate Insurance,2024-11-10
P04235,Meera Rao,65,Female,Wardha,Corporate Insurance,2024-05-18
P04236,Rahul Rao,53,Male,Akola,Government Scheme,2024-04-02
P04237,Sneha Sharma,46,Female,Nagpur,Government Scheme,2025-12-28
P04238,Vikram Mehta,46,Female,Pune,Private Insurance,2024-01-21
P04239,Riya Khan,41,Female,Wardha,Private Insurance,2024-09-27
P04240,Neha Reddy,54,Female,Bhandara,Government Scheme,2025-02-05
P04241,Aditya Shah,43,Female,Chandrapur,Private Insurance,2024-08-02
P04242,Vikram Rao,26,Male,Bhandara,Government Scheme,2024-04-23
P04243,Pooja Jain,22,Female,Bhandara,Self Pay,2025-04-15
P04244,Vivaan Jain,28,Male,Nashik,Self Pay,2024-02-20
P04245,Kavya Shah,46,Female,Pune,Corporate Insurance,2025-12-12
P04246,Riya Gupta,41,Female,Nagpur,Private Insurance,2024-12-15
P04247,Neha Joshi,46,Male,Mumbai,Government Scheme,2025-06-20
P04248,Isha Sharma,52,Male,Amravati,Government Scheme,2025-09-07
P04249,Aditya Reddy,30,Male,Nagpur,Government Scheme,2025-07-30
P04250,Sneha Pawar,70,Female,Nagpur,Corporate Insurance,2024-12-20
P04251,Ananya Pawar,37,Male,Amravati,Private Insurance,2024-02-26
P04252,Sneha Gupta,34,Male,Nagpur,Private Insurance,2024-02-28
P04253,Karan Jain,51,Female,Pune,Private Insurance,2024-09-16
P04254,Isha Shah,7,Male,Bhandara,Government Scheme,2024-08-10
P04255,Ananya Mehta,27,Female,Jabalpur,Private Insurance,2025-10-09
P04256,Isha Patil,61,Female,Nagpur,Private Insurance,2024-11-21
P04257,Kavya Joshi,9,Male,Chandrapur,Private Insurance,2025-12-28
P04258,Vivaan Verma,63,Male,Nagpur,Government Scheme,2024-07-24
P04259,Aditya Sharma,71,Male,Wardha,Self Pay,2025-12-06
P04260,Neha Singh,35,Male,Amravati,Private Insurance,2024-09-03
P04261,Karan Khan,48,Female,Akola,Corporate Insurance,2025-12-30
P04262,Aarav Shah,63,Male,Nashik,Government Scheme,2024-12-31
P04263,Meera Jain,33,Other,Nagpur,Private Insurance,2024-01-14
P04264,Rahul Rao,58,Female,Nagpur,Private Insurance,2025-11-19
P04265,Vikram Jain,29,Female,Amravati,Private Insurance,2024-05-30
P04266,Arjun Khan,33,Male,Nagpur,Private Insurance,2025-08-10
P04267,Meera Shah,27,Female,Akola,Government Scheme,2025-08-21
P04268,Rahul Pawar,49,Male,Wardha,Corporate Insurance,2024-05-29
P04269,Ananya Verma,64,Female,Pune,Private Insurance,2025-02-19
P04270,Isha Joshi,39,Male,Jabalpur,Private Insurance,2025-07-27
P04271,Neha Sharma,18,Male,Amravati,Corporate Insurance,2025-11-21
P04272,Rohan Kulkarni,21,Male,Mumbai,Government Scheme,2024-10-15
P04273,Aditya Joshi,49,Male,Nashik,Government Scheme,2024-10-26
P04274,Ananya Kulkarni,77,Female,Nagpur,Government Scheme,2025-08-18
P04275,Karan Mehta,49,Male,Pune,Private Insurance,2024-12-24
P04276,Isha Gupta,35,Male,Wardha,Private Insurance,2025-03-26
P04277,Isha Verma,57,Male,Akola,Corporate Insurance,2024-03-25
P04278,Vivaan Shah,37,Male,Akola,Government Scheme,2025-05-10
P04279,Vikram Kulkarni,35,Male,Mumbai,Private Insurance,2024-08-31
P04280,Isha Verma,24,Male,Nashik,Corporate Insurance,2024-09-21
P04281,Diya Pawar,69,Male,Pune,Private Insurance,2025-10-19
P04282,Rohan Sharma,1,Male,Nagpur,Private Insurance,2025-06-04
P04283,Arjun Kulkarni,57,Male,Jabalpur,Corporate Insurance,2025-02-10
P04284,Neha Singh,33,Female,Akola,Self Pay,2025-02-16
P04285,Pooja Shah,34,Female,Nashik,Self Pay,2025-09-16
P04286,Riya Rao,74,Male,Pune,Private Insurance,2025-03-27
P04287,Aarav Deshmukh,28,Female,Nagpur,Private Insurance,2024-06-01
P04288,Vikram Shah,29,Female,Nagpur,Corporate Insurance,2025-02-03
P04289,Rohan Verma,40,Female,Pune,Private Insurance,2025-04-01
P04290,Aarav Reddy,50,Male,Mumbai,Corporate Insurance,2024-02-10
P04291,Pooja Deshmukh,34,Male,Nashik,Self Pay,2024-04-07
P04292,Ananya Kulkarni,12,Male,Wardha,Private Insurance,2024-12-12
P04293,Ananya Shah,26,Male,Nagpur,Corporate Insurance,2025-02-23
P04294,Meera Reddy,66,Male,Bhandara,Corporate Insurance,2024-02-07
P04295,Isha Pawar,43,Female,Amravati,Corporate Insurance,2024-11-27
P04296,Rahul Shah,51,Female,Mumbai,Government Scheme,2024-05-03
P04297,Neha Pawar,37,Female,Bhandara,Government Scheme,2025-05-01
P04298,Diya Khan,29,Female,Amravati,Private Insurance,2024-12-13
P04299,Rohan Sharma,74,Male,Wardha,Private Insurance,2024-03-09
P04300,Karan Joshi,38,Female,Mumbai,Corporate Insurance,2024-10-23
P04301,Nisha Joshi,34,Male,Chandrapur,Corporate Insurance,2025-11-10
P04302,Nisha Shah,63,Male,Nagpur,Private Insurance,2024-02-04
P04303,Sneha Pawar,28,Female,Wardha,Self Pay,2024-10-22
P04304,Aarav Reddy,31,Other,Wardha,Corporate Insurance,2024-04-10
P04305,Diya Pawar,42,Male,Nagpur,Government Scheme,2025-10-20
P04306,Rahul Deshmukh,42,Male,Nashik,Private Insurance,2024-12-05
P04307,Aarav Kulkarni,47,Male,Nagpur,Private Insurance,2025-04-02
P04308,Karan Shah,82,Male,Wardha,Government Scheme,2025-12-07
P04309,Aditi Singh,48,Male,Wardha,Corporate Insurance,2024-02-06
P04310,Sneha Singh,1,Male,Wardha,Private Insurance,2024-12-21
P04311,Arjun Singh,48,Female,Bhandara,Private Insurance,2024-02-19
P04312,Riya Rao,43,Male,Akola,Self Pay,2025-07-17
P04313,Aarav Sharma,43,Male,Nagpur,Self Pay,2025-03-04
P04314,Aditi Jain,47,Female,Nagpur,Corporate Insurance,2024-11-19
P04315,Aarav Mehta,41,Female,Nashik,Self Pay,2024-07-31
P04316,Nisha Joshi,41,Female,Mumbai,Government Scheme,2024-05-19
P04317,Rohan Jain,54,Female,Nagpur,Corporate Insurance,2025-10-29
P04318,Karan Patil,32,Female,Nagpur,Government Scheme,2024-01-16
P04319,Neha Pawar,24,Female,Mumbai,Government Scheme,2024-04-04
P04320,Rahul Verma,90,Male,Nagpur,Private Insurance,2024-10-01
P04321,Diya Joshi,28,Male,Jabalpur,Government Scheme,2024-10-12
P04322,Vivaan Singh,44,Male,Pune,Private Insurance,2025-11-02
P04323,Rahul Shah,14,Female,Nagpur,Corporate Insurance,2024-08-15
P04324,Karan Deshmukh,44,Male,Nagpur,Private Insurance,2024-08-25
P04325,Isha Singh,24,Female,Jabalpur,Private Insurance,2024-06-19
P04326,Isha Kulkarni,34,Female,Nagpur,Corporate Insurance,2024-09-26
P04327,Sneha Sharma,62,Male,Bhandara,Self Pay,2024-07-15
P04328,Pooja Mehta,51,Male,Nagpur,Self Pay,2025-05-20
P04329,Arjun Rao,53,Other,Chandrapur,Self Pay,2025-08-05
P04330,Diya Gupta,8,Male,Pune,Private Insurance,2025-06-21
P04331,Rahul Rao,77,Male,Chandrapur,Private Insurance,2025-08-09
P04332,Isha Rao,19,Male,Nagpur,Self Pay,2025-03-20
P04333,Sneha Shah,71,Male,Chandrapur,Corporate Insurance,2025-05-17
P04334,Aarav Reddy,61,Female,Akola,Private Insurance,2024-09-03
P04335,Rohan Jain,53,Female,Nagpur,Private Insurance,2025-12-28
P04336,Aditya Mehta,26,Other,Nashik,Private Insurance,2025-11-21
P04337,Aarav Patil,45,Male,Chandrapur,Government Scheme,2024-02-12
P04338,Rahul Jain,33,Female,Nagpur,Private Insurance,2024-09-14
P04339,Aditi Joshi,43,Female,Jabalpur,Private Insurance,2025-05-21
P04340,Meera Jain,37,Female,Wardha,Private Insurance,2024-08-01
P04341,Riya Joshi,3,Female,Nagpur,Government Scheme,2025-01-09
P04342,Aditya Jain,63,Female,Nagpur,Government Scheme,2025-09-07
P04343,Aarav Reddy,40,Male,Amravati,Private Insurance,2025-10-08
P04344,Ananya Kulkarni,33,Female,Nagpur,Private Insurance,2025-11-13
P04345,Diya Shah,31,Female,Nagpur,Private Insurance,2025-04-19
P04346,Aarav Deshmukh,49,Female,Pune,Government Scheme,2025-11-29
P04347,Vikram Joshi,25,Male,Chandrapur,Private Insurance,2025-04-18
P04348,Kavya Rao,1,Female,Nagpur,Corporate Insurance,2025-01-24
P04349,Rohan Khan,50,Female,Akola,Private Insurance,2024-05-26
P04350,Isha Jain,52,Male,Nashik,Self Pay,2025-09-26
P04351,Pooja Mehta,38,Male,Wardha,Private Insurance,2024-07-07
P04352,Aditi Pawar,20,Female,Jabalpur,Government Scheme,2024-05-14
P04353,Nisha Shah,44,Male,Nagpur,Self Pay,2025-07-12
P04354,Aarav Gupta,14,Female,Nagpur,Private Insurance,2025-10-10
P04355,Neha Sharma,22,Male,Nagpur,Private Insurance,2025-12-13
P04356,Kavya Mehta,28,Female,Nagpur,Private Insurance,2025-07-07
P04357,Rohan Mehta,58,Male,Wardha,Government Scheme,2025-12-01
P04358,Pooja Gupta,35,Other,Nagpur,Corporate Insurance,2024-10-18
P04359,Nisha Kulkarni,33,Male,Bhandara,Government Scheme,2024-03-18
P04360,Ananya Pawar,79,Male,Mumbai,Self Pay,2024-06-27
P04361,Aditi Singh,49,Female,Pune,Private Insurance,2024-04-26
P04362,Isha Singh,48,Male,Akola,Government Scheme,2025-07-08
P04363,Sneha Deshmukh,35,Female,Akola,Self Pay,2024-11-05
P04364,Isha Khan,31,Female,Nashik,Private Insurance,2024-11-10
P04365,Arjun Jain,1,Male,Wardha,Private Insurance,2025-11-03
P04366,Aarav Sharma,60,Male,Amravati,Private Insurance,2025-12-15
P04367,Vikram Singh,51,Male,Nagpur,Private Insurance,2024-04-16
P04368,Aditya Shah,39,Male,Nagpur,Corporate Insurance,2025-09-15
P04369,Arjun Reddy,39,Male,Bhandara,Private Insurance,2025-04-11
P04370,Sneha Rao,56,Male,Wardha,Private Insurance,2025-07-31
P04371,Vikram Pawar,12,Male,Nagpur,Private Insurance,2025-11-23
P04372,Vikram Gupta,31,Male,Nagpur,Private Insurance,2024-08-31
P04373,Isha Rao,20,Female,Pune,Private Insurance,2025-08-12
P04374,Riya Verma,76,Male,Nagpur,Private Insurance,2025-06-03
P04375,Karan Kulkarni,59,Male,Amravati,Private Insurance,2025-04-25
P04376,Pooja Gupta,1,Male,Nagpur,Private Insurance,2025-07-05
P04377,Vivaan Deshmukh,13,Female,Nagpur,Self Pay,2025-07-14
P04378,Vikram Reddy,39,Female,Nashik,Government Scheme,2024-10-25
P04379,Neha Joshi,33,Female,Nagpur,Self Pay,2025-11-07
P04380,Meera Jain,17,Female,Nagpur,Private Insurance,2024-03-10
P04381,Rahul Jain,79,Male,Jabalpur,Private Insurance,2024-05-16
P04382,Priya Khan,48,Female,Wardha,Corporate Insurance,2025-06-20
P04383,Aditya Patil,51,Female,Chandrapur,Private Insurance,2024-12-02
P04384,Diya Shah,29,Male,Chandrapur,Government Scheme,2024-08-02
P04385,Karan Reddy,56,Female,Nagpur,Private Insurance,2025-01-07
P04386,Rohan Gupta,35,Female,Amravati,Private Insurance,2024-04-06
P04387,Aarav Sharma,37,Male,Amravati,Government Scheme,2024-01-02
P04388,Karan Khan,54,Male,Nagpur,Government Scheme,2024-02-01
P04389,Meera Khan,11,Other,Nagpur,Private Insurance,2025-10-13
P04390,Pooja Pawar,72,Male,Chandrapur,Government Scheme,2024-08-26
P04391,Ananya Gupta,45,Other,Nagpur,Private Insurance,2025-10-22
P04392,Aarav Verma,66,Female,Nagpur,Government Scheme,2025-01-07
P04393,Diya Joshi,22,Male,Bhandara,Self Pay,2024-08-10
P04394,Aditya Pawar,24,Male,Wardha,Self Pay,2024-01-29
P04395,Diya Rao,20,Male,Chandrapur,Private Insurance,2024-03-19
P04396,Kavya Jain,47,Female,Nagpur,Private Insurance,2025-02-15
P04397,Diya Singh,43,Female,Akola,Self Pay,2025-03-25
P04398,Riya Pawar,33,Female,Pune,Private Insurance,2025-10-15
P04399,Rahul Khan,23,Male,Bhandara,Corporate Insurance,2024-05-21
P04400,Aditya Kulkarni,18,Male,Pune,Self Pay,2025-03-12
P04401,Riya Mehta,41,Female,Amravati,Private Insurance,2024-03-03
P04402,Pooja Pawar,33,Male,Nagpur,Self Pay,2025-01-17
P04403,Karan Joshi,29,Male,Amravati,Private Insurance,2024-05-08
P04404,Diya Pawar,71,Male,Wardha,Private Insurance,2024-06-18
P04405,Karan Joshi,40,Female,Mumbai,Corporate Insurance,2024-10-30
P04406,Pooja Pawar,66,Male,Nagpur,Self Pay,2024-11-16
P04407,Diya Mehta,32,Male,Nagpur,Government Scheme,2024-03-25
P04408,Aditi Khan,47,Male,Mumbai,Self Pay,2025-03-14
P04409,Pooja Verma,41,Male,Nagpur,Private Insurance,2024-10-19
P04410,Riya Khan,10,Male,Chandrapur,Self Pay,2025-09-23
P04411,Meera Patil,69,Female,Nagpur,Corporate Insurance,2025-03-20
P04412,Isha Singh,39,Male,Jabalpur,Self Pay,2025-10-05
P04413,Arjun Verma,56,Female,Nagpur,Government Scheme,2024-01-13
P04414,Pooja Singh,28,Male,Nashik,Private Insurance,2024-11-25
P04415,Rohan Mehta,39,Male,Bhandara,Corporate Insurance,2025-09-05
P04416,Kavya Deshmukh,26,Male,Jabalpur,Private Insurance,2024-05-14
P04417,Vivaan Khan,65,Male,Jabalpur,Corporate Insurance,2024-06-10
P04418,Vivaan Khan,48,Female,Pune,Private Insurance,2025-05-31
P04419,Isha Jain,49,Female,Nagpur,Private Insurance,2024-01-13
P04420,Aarav Rao,68,Male,Wardha,Private Insurance,2025-11-24
P04421,Vivaan Kulkarni,64,Female,Pune,Government Scheme,2025-11-18
P04422,Kavya Deshmukh,57,Female,Chandrapur,Private Insurance,2025-11-30
P04423,Sneha Khan,15,Other,Mumbai,Private Insurance,2025-07-23
P04424,Riya Pawar,29,Female,Pune,Corporate Insurance,2025-12-27
P04425,Karan Mehta,23,Female,Nagpur,Private Insurance,2025-12-12
P04426,Arjun Jain,56,Female,Nagpur,Government Scheme,2024-07-03
P04427,Arjun Khan,45,Male,Nagpur,Government Scheme,2024-04-22
P04428,Aarav Gupta,16,Female,Akola,Government Scheme,2025-09-02
P04429,Riya Kulkarni,38,Male,Wardha,Government Scheme,2024-11-28
P04430,Aarav Reddy,14,Male,Nagpur,Corporate Insurance,2024-02-07
P04431,Meera Shah,41,Female,Nashik,Government Scheme,2024-11-21
P04432,Riya Pawar,11,Female,Nagpur,Government Scheme,2024-01-11
P04433,Meera Khan,52,Female,Amravati,Private Insurance,2025-02-25
P04434,Arjun Patil,49,Male,Wardha,Government Scheme,2025-05-06
P04435,Priya Jain,78,Female,Wardha,Private Insurance,2024-02-05
P04436,Aditi Sharma,58,Female,Nagpur,Government Scheme,2024-03-28
P04437,Vivaan Rao,34,Female,Nashik,Government Scheme,2025-10-22
P04438,Arjun Pawar,58,Female,Pune,Self Pay,2024-10-10
P04439,Diya Deshmukh,15,Male,Akola,Government Scheme,2024-02-06
P04440,Pooja Jain,24,Female,Jabalpur,Government Scheme,2024-01-10
P04441,Rahul Mehta,48,Male,Nagpur,Private Insurance,2024-10-18
P04442,Priya Joshi,1,Female,Nagpur,Self Pay,2024-03-04
P04443,Rahul Sharma,41,Male,Nagpur,Corporate Insurance,2024-04-08
P04444,Meera Kulkarni,23,Male,Nashik,Government Scheme,2024-06-01
P04445,Arjun Singh,44,Female,Nagpur,Private Insurance,2025-05-27
P04446,Karan Deshmukh,22,Male,Mumbai,Government Scheme,2025-02-08
P04447,Arjun Pawar,50,Male,Chandrapur,Private Insurance,2025-07-20
P04448,Nisha Kulkarni,42,Male,Pune,Government Scheme,2024-08-30
P04449,Priya Mehta,69,Male,Amravati,Private Insurance,2024-02-27
P04450,Neha Mehta,42,Male,Nashik,Government Scheme,2025-02-15
P04451,Isha Patil,27,Female,Wardha,Corporate Insurance,2025-12-06
P04452,Neha Khan,37,Male,Bhandara,Private Insurance,2025-04-18
P04453,Ananya Kulkarni,16,Female,Nashik,Government Scheme,2024-06-27
P04454,Vivaan Shah,50,Male,Nagpur,Private Insurance,2024-01-03
P04455,Nisha Deshmukh,53,Male,Mumbai,Private Insurance,2024-02-28
P04456,Priya Jain,89,Male,Akola,Government Scheme,2025-09-10
P04457,Sneha Reddy,30,Male,Nashik,Self Pay,2024-07-31
P04458,Arjun Joshi,37,Female,Nagpur,Corporate Insurance,2024-02-12
P04459,Karan Sharma,31,Male,Nagpur,Private Insurance,2024-09-04
P04460,Aarav Singh,46,Female,Nagpur,Private Insurance,2025-09-29
P04461,Rahul Rao,49,Male,Chandrapur,Government Scheme,2024-11-04
P04462,Riya Khan,41,Male,Nagpur,Government Scheme,2025-12-13
P04463,Kavya Joshi,63,Female,Jabalpur,Self Pay,2025-01-01
P04464,Sneha Reddy,30,Male,Jabalpur,Self Pay,2025-10-21
P04465,Arjun Pawar,61,Female,Nagpur,Corporate Insurance,2024-05-27
P04466,Aditi Kulkarni,52,Male,Nashik,Private Insurance,2025-01-30
P04467,Kavya Sharma,42,Male,Nagpur,Corporate Insurance,2024-12-13
P04468,Karan Sharma,36,Male,Amravati,Corporate Insurance,2025-07-15
P04469,Sneha Pawar,88,Male,Nagpur,Private Insurance,2024-04-08
P04470,Arjun Mehta,26,Female,Pune,Private Insurance,2024-05-06
P04471,Isha Jain,48,Female,Mumbai,Self Pay,2024-06-11
P04472,Sneha Rao,28,Female,Nagpur,Government Scheme,2025-11-15
P04473,Rohan Kulkarni,76,Female,Nagpur,Private Insurance,2025-10-16
P04474,Arjun Singh,59,Female,Wardha,Private Insurance,2024-01-18
P04475,Vikram Singh,29,Male,Bhandara,Government Scheme,2024-11-03
P04476,Vivaan Gupta,52,Male,Nagpur,Corporate Insurance,2025-02-06
P04477,Diya Sharma,47,Female,Pune,Self Pay,2025-10-13
P04478,Aditya Mehta,32,Male,Mumbai,Corporate Insurance,2024-12-02
P04479,Diya Patil,56,Male,Amravati,Government Scheme,2025-07-17
P04480,Aditya Rao,49,Female,Pune,Self Pay,2025-08-04
P04481,Arjun Mehta,46,Male,Akola,Private Insurance,2025-01-08
P04482,Rohan Patil,41,Female,Chandrapur,Government Scheme,2025-06-27
P04483,Kavya Patil,50,Male,Pune,Corporate Insurance,2024-02-21
P04484,Kavya Jain,46,Male,Wardha,Self Pay,2024-08-29
P04485,Aditi Pawar,43,Female,Bhandara,Self Pay,2025-09-14
P04486,Nisha Singh,30,Female,Nagpur,Private Insurance,2024-04-29
P04487,Aarav Verma,74,Male,Akola,Private Insurance,2025-01-07
P04488,Aarav Reddy,22,Female,Nagpur,Self Pay,2025-08-02
P04489,Ananya Pawar,50,Male,Nagpur,Private Insurance,2025-01-11
P04490,Kavya Pawar,36,Male,Wardha,Private Insurance,2025-12-14
P04491,Nisha Rao,75,Female,Amravati,Self Pay,2025-09-15
P04492,Rohan Jain,25,Male,Nagpur,Private Insurance,2024-03-12
P04493,Arjun Khan,28,Male,Nagpur,Private Insurance,2025-01-21
P04494,Isha Mehta,24,Female,Mumbai,Private Insurance,2025-06-19
P04495,Arjun Rao,48,Male,Chandrapur,Private Insurance,2025-06-30
P04496,Isha Mehta,16,Male,Amravati,Private Insurance,2025-01-11
P04497,Kavya Mehta,33,Male,Pune,Private Insurance,2024-10-20
P04498,Rohan Deshmukh,1,Female,Pune,Government Scheme,2024-08-15
P04499,Vivaan Reddy,47,Female,Nagpur,Government Scheme,2024-09-16
P04500,Priya Reddy,32,Male,Bhandara,Government Scheme,2024-01-11
P04501,Karan Pawar,14,Male,Nagpur,Corporate Insurance,2025-09-19
P04502,Vivaan Singh,63,Female,Bhandara,Government Scheme,2025-06-12
P04503,Nisha Singh,17,Male,Akola,Government Scheme,2024-07-28
P04504,Riya Pawar,57,Male,Nagpur,Government Scheme,2024-04-06
P04505,Ananya Deshmukh,29,Female,Wardha,Government Scheme,2025-01-17
P04506,Rohan Singh,72,Male,Nagpur,Private Insurance,2025-09-13
P04507,Vikram Gupta,56,Male,Bhandara,Corporate Insurance,2025-12-27
P04508,Meera Pawar,23,Male,Nagpur,Government Scheme,2024-07-12
P04509,Kavya Reddy,25,Male,Pune,Government Scheme,2024-11-15
P04510,Aditya Patil,54,Male,Bhandara,Government Scheme,2025-03-08
P04511,Kavya Rao,37,Male,Nagpur,Self Pay,2025-03-10
P04512,Isha Pawar,39,Male,Nashik,Government Scheme,2024-07-26
P04513,Sneha Rao,66,Female,Nagpur,Government Scheme,2025-08-18
P04514,Vikram Joshi,28,Female,Chandrapur,Government Scheme,2025-05-27
P04515,Kavya Sharma,44,Male,Wardha,Self Pay,2025-08-29
P04516,Aditya Singh,60,Male,Nagpur,Private Insurance,2024-03-26
P04517,Karan Kulkarni,57,Female,Nagpur,Corporate Insurance,2025-05-08
P04518,Diya Jain,39,Female,Nagpur,Self Pay,2024-09-07
P04519,Arjun Singh,37,Female,Nashik,Private Insurance,2025-07-11
P04520,Sneha Kulkarni,9,Male,Akola,Private Insurance,2025-01-06
P04521,Karan Reddy,22,Male,Nagpur,Corporate Insurance,2025-01-13
P04522,Aditya Verma,48,Male,Nagpur,Private Insurance,2025-03-03
P04523,Isha Verma,39,Female,Mumbai,Private Insurance,2024-06-10
P04524,Neha Mehta,43,Male,Nagpur,Private Insurance,2025-02-27
P04525,Isha Gupta,62,Female,Nagpur,Private Insurance,2025-10-05
P04526,Priya Pawar,19,Female,Akola,Government Scheme,2024-02-27
P04527,Kavya Singh,38,Female,Nagpur,Self Pay,2024-05-01
P04528,Aarav Verma,46,Male,Jabalpur,Self Pay,2024-01-25
P04529,Vikram Gupta,29,Male,Nagpur,Private Insurance,2024-12-18
P04530,Riya Sharma,69,Female,Pune,Government Scheme,2024-06-22
P04531,Sneha Verma,59,Female,Amravati,Private Insurance,2025-03-07
P04532,Meera Verma,48,Male,Nagpur,Government Scheme,2024-01-28
P04533,Vivaan Sharma,76,Female,Amravati,Government Scheme,2024-03-19
P04534,Vikram Mehta,14,Male,Jabalpur,Corporate Insurance,2024-06-10
P04535,Karan Reddy,42,Female,Bhandara,Self Pay,2025-04-25
P04536,Nisha Deshmukh,49,Female,Nagpur,Self Pay,2024-02-13
P04537,Kavya Singh,25,Female,Jabalpur,Government Scheme,2025-01-19
P04538,Meera Shah,48,Male,Nagpur,Government Scheme,2025-01-19
P04539,Aditi Patil,21,Female,Nagpur,Government Scheme,2024-08-19
P04540,Aarav Sharma,55,Female,Nagpur,Self Pay,2024-03-17
P04541,Riya Singh,62,Male,Pune,Corporate Insurance,2025-06-04
P04542,Isha Patil,47,Female,Nagpur,Corporate Insurance,2024-10-30
P04543,Aditya Reddy,7,Male,Nagpur,Government Scheme,2025-03-12
P04544,Riya Jain,24,Female,Jabalpur,Self Pay,2025-07-15
P04545,Riya Khan,53,Male,Chandrapur,Private Insurance,2024-01-10
P04546,Pooja Mehta,42,Female,Nagpur,Private Insurance,2025-07-17
P04547,Diya Patil,1,Male,Bhandara,Self Pay,2024-03-04
P04548,Aditya Singh,66,Male,Nagpur,Corporate Insurance,2025-02-14
P04549,Arjun Joshi,45,Male,Wardha,Corporate Insurance,2024-03-06
P04550,Riya Kulkarni,26,Male,Nagpur,Corporate Insurance,2024-01-23
P04551,Diya Gupta,61,Female,Chandrapur,Government Scheme,2024-10-28
P04552,Rahul Patil,29,Female,Nashik,Self Pay,2025-01-26
P04553,Nisha Jain,29,Male,Amravati,Government Scheme,2024-08-14
P04554,Riya Verma,49,Male,Nagpur,Government Scheme,2024-07-03
P04555,Aditya Patil,76,Male,Amravati,Private Insurance,2024-05-12
P04556,Aditi Reddy,73,Male,Nashik,Government Scheme,2025-02-18
P04557,Nisha Deshmukh,49,Male,Pune,Private Insurance,2024-10-19
P04558,Ananya Joshi,51,Male,Pune,Self Pay,2025-10-25
P04559,Meera Sharma,57,Male,Jabalpur,Corporate Insurance,2024-11-13
P04560,Vikram Kulkarni,18,Male,Pune,Self Pay,2025-03-13
P04561,Rahul Mehta,54,Female,Jabalpur,Private Insurance,2025-11-29
P04562,Vivaan Mehta,28,Male,Chandrapur,Government Scheme,2025-11-17
P04563,Aarav Jain,48,Female,Nagpur,Government Scheme,2024-12-29
P04564,Neha Kulkarni,38,Female,Chandrapur,Self Pay,2024-06-01
P04565,Aarav Reddy,52,Male,Nagpur,Private Insurance,2024-10-15
P04566,Nisha Jain,44,Male,Nagpur,Government Scheme,2024-07-14
P04567,Aditi Reddy,1,Female,Nagpur,Corporate Insurance,2024-12-21
P04568,Kavya Joshi,45,Male,Amravati,Private Insurance,2024-04-18
P04569,Kavya Singh,54,Female,Akola,Self Pay,2024-10-21
P04570,Vivaan Sharma,50,Female,Amravati,Corporate Insurance,2024-02-27
P04571,Rahul Kulkarni,40,Male,Nagpur,Self Pay,2025-12-11
P04572,Aditi Reddy,73,Male,Mumbai,Corporate Insurance,2024-01-08
P04573,Aditi Jain,48,Male,Bhandara,Self Pay,2025-10-10
P04574,Aditya Jain,50,Female,Nagpur,Government Scheme,2025-11-08
P04575,Vikram Verma,62,Male,Nagpur,Government Scheme,2025-12-01
P04576,Isha Gupta,49,Female,Nagpur,Private Insurance,2024-11-25
P04577,Priya Rao,25,Male,Mumbai,Private Insurance,2025-07-18
P04578,Karan Verma,1,Female,Nagpur,Government Scheme,2025-11-16
P04579,Aditi Patil,33,Male,Jabalpur,Private Insurance,2025-09-03
P04580,Kavya Gupta,56,Female,Nagpur,Private Insurance,2025-09-22
P04581,Aditi Jain,35,Female,Pune,Self Pay,2024-12-23
P04582,Aditya Kulkarni,57,Female,Nagpur,Private Insurance,2025-06-27
P04583,Rahul Sharma,45,Male,Wardha,Private Insurance,2024-06-03
P04584,Priya Singh,66,Male,Amravati,Self Pay,2025-11-01
P04585,Kavya Jain,36,Male,Nagpur,Private Insurance,2024-12-12
P04586,Priya Singh,51,Female,Jabalpur,Government Scheme,2024-07-11
P04587,Priya Deshmukh,52,Female,Nashik,Private Insurance,2024-08-04
P04588,Priya Deshmukh,71,Male,Nagpur,Self Pay,2025-09-17
P04589,Meera Shah,10,Female,Nashik,Government Scheme,2024-05-19
P04590,Kavya Gupta,33,Male,Nagpur,Government Scheme,2025-05-11
P04591,Aarav Patil,58,Female,Mumbai,Private Insurance,2024-07-20
P04592,Rohan Mehta,71,Male,Amravati,Self Pay,2025-03-13
P04593,Pooja Reddy,47,Male,Nagpur,Private Insurance,2025-01-26
P04594,Sneha Deshmukh,36,Female,Nagpur,Government Scheme,2025-03-27
P04595,Aarav Pawar,56,Female,Nagpur,Private Insurance,2024-06-14
P04596,Isha Shah,59,Male,Mumbai,Private Insurance,2025-10-23
P04597,Meera Shah,35,Female,Nagpur,Private Insurance,2025-10-08
P04598,Rohan Pawar,48,Male,Nagpur,Private Insurance,2025-11-09
P04599,Vikram Shah,64,Male,Pune,Private Insurance,2024-12-28
P04600,Kavya Shah,78,Female,Nagpur,Private Insurance,2024-05-09
P04601,Nisha Deshmukh,56,Male,Nagpur,Corporate Insurance,2025-02-08
P04602,Neha Khan,43,Female,Akola,Government Scheme,2024-02-28
P04603,Vivaan Pawar,41,Male,Nagpur,Government Scheme,2025-05-30
P04604,Sneha Sharma,53,Female,Pune,Private Insurance,2024-07-18
P04605,Kavya Gupta,40,Male,Bhandara,Private Insurance,2024-05-24
P04606,Priya Joshi,46,Female,Nagpur,Corporate Insurance,2025-08-14
P04607,Aditya Gupta,22,Female,Wardha,Private Insurance,2025-04-26
P04608,Arjun Patil,67,Female,Nagpur,Self Pay,2024-03-11
P04609,Meera Singh,20,Female,Bhandara,Self Pay,2025-09-29
P04610,Nisha Pawar,34,Male,Bhandara,Government Scheme,2025-04-28
P04611,Isha Pawar,44,Female,Nashik,Self Pay,2024-07-15
P04612,Aditi Gupta,80,Female,Wardha,Self Pay,2024-10-18
P04613,Neha Khan,34,Female,Pune,Corporate Insurance,2024-11-30
P04614,Arjun Mehta,29,Female,Nagpur,Government Scheme,2025-10-27
P04615,Ananya Shah,32,Female,Mumbai,Private Insurance,2025-02-08
P04616,Rohan Shah,74,Female,Nagpur,Government Scheme,2025-08-21
P04617,Meera Reddy,1,Male,Pune,Private Insurance,2024-01-24
P04618,Karan Singh,23,Male,Wardha,Private Insurance,2025-01-05
P04619,Riya Kulkarni,90,Male,Nagpur,Government Scheme,2024-03-03
P04620,Arjun Jain,53,Female,Amravati,Private Insurance,2024-10-04
P04621,Meera Verma,21,Male,Mumbai,Corporate Insurance,2025-02-05
P04622,Riya Sharma,41,Male,Pune,Corporate Insurance,2025-09-01
P04623,Aditi Khan,43,Male,Nashik,Private Insurance,2024-07-21
P04624,Neha Singh,58,Female,Amravati,Private Insurance,2024-06-27
P04625,Aditi Shah,77,Female,Bhandara,Government Scheme,2025-09-13
P04626,Aditi Sharma,49,Female,Nagpur,Private Insurance,2025-01-31
P04627,Nisha Rao,32,Female,Chandrapur,Private Insurance,2025-06-14
P04628,Rahul Khan,57,Male,Nagpur,Corporate Insurance,2025-11-11
P04629,Vikram Gupta,29,Female,Pune,Private Insurance,2024-02-04
P04630,Isha Joshi,22,Female,Akola,Private Insurance,2025-03-16
P04631,Rohan Pawar,9,Female,Amravati,Government Scheme,2024-02-25
P04632,Aditi Sharma,12,Female,Chandrapur,Private Insurance,2025-11-09
P04633,Diya Shah,25,Female,Nagpur,Self Pay,2024-11-17
P04634,Sneha Rao,20,Female,Nagpur,Self Pay,2024-11-18
P04635,Meera Jain,48,Male,Nagpur,Private Insurance,2024-05-18
P04636,Aditya Rao,19,Female,Nagpur,Private Insurance,2025-04-04
P04637,Aditi Gupta,1,Male,Nagpur,Corporate Insurance,2025-01-31
P04638,Sneha Patil,22,Male,Akola,Self Pay,2025-11-17
P04639,Meera Rao,33,Male,Nashik,Government Scheme,2024-01-03
P04640,Arjun Mehta,30,Male,Wardha,Private Insurance,2025-06-22
P04641,Aditi Pawar,71,Female,Jabalpur,Government Scheme,2025-11-29
P04642,Pooja Joshi,30,Male,Mumbai,Private Insurance,2025-10-23
P04643,Ananya Jain,59,Male,Nagpur,Government Scheme,2025-04-01
P04644,Ananya Sharma,42,Female,Wardha,Self Pay,2025-08-30
P04645,Kavya Reddy,41,Female,Mumbai,Government Scheme,2024-01-31
P04646,Meera Khan,26,Male,Nagpur,Self Pay,2024-02-26
P04647,Arjun Deshmukh,41,Female,Amravati,Self Pay,2025-05-24
P04648,Nisha Deshmukh,27,Male,Jabalpur,Self Pay,2024-07-07
P04649,Nisha Sharma,45,Female,Nashik,Government Scheme,2025-06-01
P04650,Diya Jain,38,Female,Pune,Private Insurance,2025-06-25
P04651,Vivaan Patil,24,Male,Mumbai,Self Pay,2025-05-02
P04652,Sneha Kulkarni,61,Male,Nagpur,Self Pay,2025-10-11
P04653,Kavya Gupta,50,Male,Akola,Private Insurance,2024-06-07
P04654,Sneha Pawar,33,Male,Pune,Corporate Insurance,2025-08-08
P04655,Vivaan Khan,45,Male,Nagpur,Corporate Insurance,2025-08-07
P04656,Nisha Joshi,40,Female,Nagpur,Self Pay,2024-08-16
P04657,Pooja Joshi,26,Other,Nagpur,Private Insurance,2024-05-27
P04658,Nisha Gupta,43,Female,Nashik,Self Pay,2025-03-29
P04659,Priya Rao,30,Female,Akola,Private Insurance,2025-10-10
P04660,Meera Shah,24,Male,Mumbai,Private Insurance,2025-04-27
P04661,Diya Joshi,11,Female,Nagpur,Private Insurance,2024-03-27
P04662,Aarav Kulkarni,35,Male,Chandrapur,Self Pay,2024-11-15
P04663,Pooja Deshmukh,53,Female,Nagpur,Government Scheme,2024-10-15
P04664,Nisha Jain,29,Female,Mumbai,Government Scheme,2025-03-05
P04665,Neha Verma,90,Female,Bhandara,Private Insurance,2025-03-02
P04666,Sneha Rao,59,Male,Nashik,Government Scheme,2025-12-20
P04667,Rahul Singh,67,Male,Nagpur,Government Scheme,2025-09-06
P04668,Ananya Singh,57,Female,Nagpur,Government Scheme,2025-02-01
P04669,Rahul Verma,77,Female,Nagpur,Private Insurance,2024-04-13
P04670,Riya Deshmukh,27,Female,Pune,Private Insurance,2024-05-21
P04671,Kavya Patil,1,Female,Nagpur,Private Insurance,2024-05-05
P04672,Riya Mehta,34,Male,Pune,Self Pay,2025-01-02
P04673,Nisha Rao,53,Male,Nagpur,Government Scheme,2024-04-22
P04674,Aditi Joshi,45,Female,Bhandara,Self Pay,2024-05-08
P04675,Riya Rao,47,Female,Nagpur,Government Scheme,2024-04-19
P04676,Isha Singh,67,Male,Nagpur,Private Insurance,2025-05-17
P04677,Riya Jain,49,Female,Bhandara,Private Insurance,2024-07-24
P04678,Pooja Rao,57,Female,Amravati,Private Insurance,2025-10-20
P04679,Kavya Rao,24,Male,Amravati,Government Scheme,2024-12-26
P04680,Nisha Pawar,21,Female,Chandrapur,Self Pay,2025-05-08
P04681,Meera Kulkarni,73,Female,Nagpur,Private Insurance,2025-01-20
P04682,Karan Khan,44,Female,Bhandara,Government Scheme,2025-10-02
P04683,Priya Joshi,30,Male,Chandrapur,Private Insurance,2024-04-03
P04684,Riya Gupta,30,Female,Nagpur,Private Insurance,2025-06-15
P04685,Diya Mehta,30,Male,Amravati,Government Scheme,2025-02-26
P04686,Priya Patil,29,Female,Nagpur,Private Insurance,2024-11-15
P04687,Karan Shah,18,Female,Nagpur,Private Insurance,2025-05-24
P04688,Sneha Verma,13,Male,Nagpur,Self Pay,2025-01-27
P04689,Diya Pawar,38,Female,Chandrapur,Government Scheme,2025-04-02
P04690,Isha Deshmukh,31,Female,Nagpur,Private Insurance,2025-01-23
P04691,Isha Reddy,63,Female,Mumbai,Self Pay,2024-03-29
P04692,Neha Jain,48,Male,Nashik,Private Insurance,2024-10-13
P04693,Sneha Patil,47,Female,Nagpur,Corporate Insurance,2025-12-09
P04694,Diya Verma,28,Male,Bhandara,Self Pay,2024-03-08
P04695,Isha Sharma,40,Female,Nagpur,Private Insurance,2024-06-17
P04696,Rohan Patil,49,Female,Nagpur,Government Scheme,2025-05-27
P04697,Vivaan Shah,56,Female,Jabalpur,Private Insurance,2024-04-19
P04698,Pooja Verma,40,Female,Wardha,Self Pay,2024-02-04
P04699,Pooja Kulkarni,63,Male,Nagpur,Private Insurance,2025-07-12
P04700,Neha Verma,42,Female,Pune,Self Pay,2024-05-28
P04701,Ananya Verma,57,Male,Mumbai,Private Insurance,2024-06-09
P04702,Ananya Rao,33,Female,Bhandara,Self Pay,2024-11-27
P04703,Aditya Reddy,8,Male,Akola,Corporate Insurance,2025-09-08
P04704,Nisha Sharma,47,Female,Pune,Private Insurance,2025-12-21
P04705,Ananya Singh,56,Male,Nashik,Government Scheme,2024-07-10
P04706,Rahul Deshmukh,53,Female,Wardha,Government Scheme,2024-08-12
P04707,Vikram Jain,50,Male,Pune,Government Scheme,2025-01-12
P04708,Diya Mehta,35,Male,Bhandara,Private Insurance,2025-08-03
P04709,Vikram Singh,27,Male,Nagpur,Government Scheme,2024-02-19
P04710,Pooja Khan,52,Female,Nagpur,Self Pay,2024-11-02
P04711,Ananya Mehta,50,Male,Amravati,Corporate Insurance,2024-03-16
P04712,Arjun Patil,31,Female,Nagpur,Self Pay,2024-06-10
P04713,Aarav Khan,63,Female,Nagpur,Government Scheme,2025-04-03
P04714,Vikram Patil,25,Female,Wardha,Private Insurance,2024-01-20
P04715,Arjun Sharma,31,Male,Jabalpur,Private Insurance,2025-09-21
P04716,Ananya Singh,73,Female,Nagpur,Government Scheme,2024-03-05
P04717,Rahul Verma,59,Male,Nagpur,Government Scheme,2025-08-23
P04718,Aditi Sharma,35,Male,Pune,Self Pay,2024-10-31
P04719,Kavya Sharma,47,Female,Amravati,Government Scheme,2025-02-15
P04720,Pooja Rao,45,Female,Nashik,Private Insurance,2024-10-19
P04721,Karan Joshi,1,Male,Bhandara,Private Insurance,2024-09-25
P04722,Rohan Shah,25,Female,Chandrapur,Government Scheme,2025-04-02
P04723,Rahul Joshi,41,Female,Nagpur,Private Insurance,2024-08-19
P04724,Arjun Rao,35,Female,Amravati,Private Insurance,2024-02-15
P04725,Rahul Patil,47,Male,Chandrapur,Private Insurance,2024-01-09
P04726,Karan Pawar,63,Female,Nagpur,Government Scheme,2024-07-26
P04727,Aditya Kulkarni,36,Female,Nagpur,Private Insurance,2024-06-09
P04728,Aditi Khan,22,Female,Amravati,Corporate Insurance,2024-01-18
P04729,Karan Reddy,48,Female,Akola,Corporate Insurance,2024-03-13
P04730,Karan Sharma,36,Male,Wardha,Private Insurance,2025-09-28
P04731,Rohan Sharma,39,Male,Akola,Self Pay,2024-12-28
P04732,Diya Gupta,36,Male,Nashik,Government Scheme,2024-10-17
P04733,Vivaan Shah,85,Male,Nagpur,Corporate Insurance,2025-10-31
P04734,Arjun Reddy,1,Female,Mumbai,Government Scheme,2025-03-02
P04735,Priya Verma,35,Male,Pune,Private Insurance,2024-04-02
P04736,Pooja Mehta,42,Male,Nagpur,Private Insurance,2025-06-02
P04737,Pooja Patil,27,Male,Wardha,Corporate Insurance,2025-06-02
P04738,Isha Patil,59,Male,Nagpur,Corporate Insurance,2024-07-14
P04739,Priya Jain,57,Female,Mumbai,Government Scheme,2025-05-04
P04740,Aarav Jain,41,Male,Amravati,Government Scheme,2024-04-08
P04741,Rohan Patil,37,Female,Amravati,Government Scheme,2025-12-24
P04742,Rahul Rao,40,Male,Mumbai,Self Pay,2025-02-27
P04743,Rahul Patil,40,Female,Chandrapur,Government Scheme,2024-07-25
P04744,Vivaan Reddy,41,Male,Nagpur,Private Insurance,2025-10-21
P04745,Neha Deshmukh,38,Male,Chandrapur,Private Insurance,2025-01-04
P04746,Priya Sharma,47,Male,Pune,Government Scheme,2025-10-13
P04747,Neha Mehta,56,Female,Nagpur,Private Insurance,2024-03-09
P04748,Pooja Deshmukh,19,Male,Bhandara,Self Pay,2024-08-13
P04749,Vikram Kulkarni,22,Male,Chandrapur,Corporate Insurance,2024-11-10
P04750,Vivaan Mehta,9,Male,Wardha,Private Insurance,2024-07-13
P04751,Priya Deshmukh,58,Male,Jabalpur,Corporate Insurance,2025-01-13
P04752,Pooja Jain,47,Male,Wardha,Self Pay,2024-09-15
P04753,Arjun Kulkarni,52,Male,Chandrapur,Government Scheme,2025-10-07
P04754,Karan Joshi,15,Female,Pune,Private Insurance,2024-06-28
P04755,Kavya Sharma,76,Female,Nagpur,Government Scheme,2024-05-18
P04756,Ananya Joshi,30,Male,Nagpur,Corporate Insurance,2025-12-05
P04757,Karan Shah,45,Male,Jabalpur,Government Scheme,2025-06-04
P04758,Meera Gupta,58,Female,Nashik,Government Scheme,2024-01-26
P04759,Isha Khan,23,Female,Amravati,Private Insurance,2025-09-11
P04760,Arjun Shah,32,Female,Nagpur,Private Insurance,2024-05-19
P04761,Isha Gupta,45,Male,Nagpur,Government Scheme,2025-05-14
P04762,Meera Mehta,90,Male,Nagpur,Government Scheme,2024-01-21
P04763,Priya Shah,48,Male,Amravati,Corporate Insurance,2024-07-08
P04764,Neha Rao,73,Female,Bhandara,Government Scheme,2025-09-15
P04765,Aarav Pawar,65,Female,Nagpur,Private Insurance,2024-01-19
P04766,Aarav Rao,49,Male,Chandrapur,Private Insurance,2024-12-10
P04767,Sneha Reddy,23,Female,Jabalpur,Private Insurance,2024-10-17
P04768,Meera Shah,62,Female,Jabalpur,Private Insurance,2024-06-15
P04769,Aarav Singh,14,Female,Pune,Private Insurance,2024-03-27
P04770,Nisha Deshmukh,72,Male,Wardha,Self Pay,2024-10-15
P04771,Rohan Kulkarni,46,Male,Bhandara,Government Scheme,2024-09-24
P04772,Isha Shah,1,Female,Wardha,Corporate Insurance,2024-03-18
P04773,Aditya Kulkarni,36,Female,Nagpur,Corporate Insurance,2025-06-05
P04774,Isha Deshmukh,54,Male,Pune,Private Insurance,2024-03-19
P04775,Priya Mehta,37,Female,Akola,Self Pay,2024-10-05
P04776,Vivaan Patil,56,Female,Chandrapur,Private Insurance,2025-11-22
P04777,Meera Jain,26,Female,Nagpur,Private Insurance,2024-09-28
P04778,Aditya Rao,17,Female,Nagpur,Private Insurance,2025-05-23
P04779,Diya Patil,41,Male,Mumbai,Private Insurance,2024-12-03
P04780,Ananya Shah,43,Male,Nagpur,Self Pay,2025-04-11
P04781,Vikram Pawar,35,Female,Nagpur,Self Pay,2025-07-25
P04782,Rohan Rao,65,Male,Chandrapur,Government Scheme,2024-12-11
P04783,Rahul Mehta,26,Female,Akola,Government Scheme,2025-04-22
P04784,Kavya Shah,48,Male,Nagpur,Self Pay,2024-12-23
P04785,Arjun Rao,43,Female,Nagpur,Self Pay,2024-08-16
P04786,Meera Verma,12,Female,Pune,Corporate Insurance,2025-07-17
P04787,Arjun Gupta,17,Male,Mumbai,Self Pay,2024-10-11
P04788,Neha Kulkarni,42,Male,Wardha,Private Insurance,2024-02-08
P04789,Vivaan Jain,80,Male,Pune,Government Scheme,2024-07-16
P04790,Karan Deshmukh,53,Male,Nagpur,Government Scheme,2025-05-02
P04791,Neha Jain,9,Male,Akola,Private Insurance,2025-04-28
P04792,Kavya Sharma,1,Male,Bhandara,Self Pay,2025-02-05
P04793,Vikram Joshi,56,Female,Pune,Corporate Insurance,2024-11-23
P04794,Meera Rao,40,Female,Nashik,Corporate Insurance,2024-08-11
P04795,Aditya Singh,64,Male,Nagpur,Private Insurance,2024-02-04
P04796,Ananya Shah,25,Male,Nagpur,Private Insurance,2024-06-06
P04797,Nisha Khan,49,Male,Pune,Private Insurance,2025-12-27
P04798,Vivaan Shah,58,Female,Nagpur,Self Pay,2025-09-21
P04799,Sneha Patil,33,Female,Akola,Government Scheme,2024-02-27
P04800,Isha Kulkarni,34,Female,Wardha,Self Pay,2025-11-11
P04801,Vivaan Rao,42,Male,Nagpur,Corporate Insurance,2025-07-18
P04802,Vikram Verma,52,Female,Akola,Private Insurance,2024-03-10
P04803,Vivaan Sharma,42,Male,Wardha,Private Insurance,2024-10-31
P04804,Arjun Jain,61,Female,Mumbai,Self Pay,2024-05-03
P04805,Rahul Shah,33,Female,Nagpur,Private Insurance,2025-06-08
P04806,Neha Gupta,17,Male,Nagpur,Government Scheme,2025-05-01
P04807,Ananya Kulkarni,80,Female,Nagpur,Government Scheme,2024-06-08
P04808,Nisha Reddy,31,Male,Nagpur,Government Scheme,2025-07-19
P04809,Rahul Joshi,31,Female,Chandrapur,Corporate Insurance,2024-08-01
P04810,Ananya Joshi,41,Male,Amravati,Private Insurance,2024-12-24
P04811,Meera Pawar,43,Male,Nagpur,Government Scheme,2024-03-22
P04812,Diya Shah,35,Male,Jabalpur,Corporate Insurance,2025-11-07
P04813,Riya Deshmukh,42,Female,Nagpur,Private Insurance,2024-05-15
P04814,Pooja Pawar,41,Female,Amravati,Self Pay,2025-09-29
P04815,Pooja Pawar,45,Male,Mumbai,Corporate Insurance,2025-09-09
P04816,Pooja Singh,1,Male,Chandrapur,Private Insurance,2024-04-02
P04817,Sneha Shah,78,Male,Nagpur,Private Insurance,2024-03-22
P04818,Riya Verma,39,Male,Jabalpur,Private Insurance,2024-04-13
P04819,Sneha Verma,53,Male,Wardha,Private Insurance,2025-09-05
P04820,Pooja Mehta,16,Male,Nagpur,Private Insurance,2024-03-03
P04821,Arjun Singh,33,Male,Nagpur,Private Insurance,2025-03-21
P04822,Isha Gupta,29,Male,Jabalpur,Government Scheme,2025-10-01
P04823,Rahul Singh,70,Male,Nagpur,Self Pay,2024-08-02
P04824,Kavya Gupta,31,Male,Pune,Private Insurance,2025-02-11
P04825,Karan Mehta,56,Male,Nagpur,Government Scheme,2024-02-28
P04826,Pooja Khan,30,Female,Nagpur,Private Insurance,2025-11-18
P04827,Meera Patil,33,Female,Pune,Self Pay,2025-03-16
P04828,Arjun Sharma,37,Male,Jabalpur,Private Insurance,2025-06-16
P04829,Karan Sharma,66,Male,Nagpur,Private Insurance,2024-07-02
P04830,Diya Sharma,6,Female,Nagpur,Corporate Insurance,2025-06-18
P04831,Aditi Kulkarni,17,Male,Nashik,Self Pay,2025-04-02
P04832,Aarav Deshmukh,5,Male,Bhandara,Self Pay,2024-04-01
P04833,Arjun Khan,21,Male,Amravati,Self Pay,2025-02-20
P04834,Pooja Kulkarni,27,Male,Nagpur,Government Scheme,2024-03-20
P04835,Sneha Patil,11,Female,Jabalpur,Private Insurance,2025-05-04
P04836,Karan Sharma,28,Female,Nagpur,Government Scheme,2025-11-10
P04837,Ananya Sharma,4,Female,Nagpur,Self Pay,2025-09-20
P04838,Pooja Pawar,23,Male,Nagpur,Corporate Insurance,2024-12-18
P04839,Pooja Pawar,65,Female,Nagpur,Government Scheme,2025-10-08
P04840,Aarav Gupta,50,Male,Bhandara,Private Insurance,2025-12-26
P04841,Aarav Patil,46,Male,Amravati,Self Pay,2024-11-28
P04842,Nisha Rao,23,Male,Chandrapur,Self Pay,2024-08-23
P04843,Aditya Shah,13,Male,Amravati,Private Insurance,2024-05-16
P04844,Rahul Shah,20,Male,Nagpur,Government Scheme,2025-03-29
P04845,Priya Gupta,41,Male,Mumbai,Private Insurance,2024-10-06
P04846,Kavya Sharma,58,Female,Wardha,Government Scheme,2025-02-22
P04847,Meera Khan,59,Female,Nagpur,Self Pay,2025-11-24
P04848,Meera Singh,54,Male,Nagpur,Private Insurance,2024-02-19
P04849,Priya Deshmukh,28,Female,Chandrapur,Government Scheme,2024-08-01
P04850,Pooja Verma,42,Male,Pune,Private Insurance,2025-01-13
P04851,Arjun Pawar,36,Female,Chandrapur,Private Insurance,2025-06-11
P04852,Priya Gupta,38,Male,Pune,Self Pay,2025-11-05
P04853,Vivaan Rao,81,Female,Nagpur,Government Scheme,2025-09-28
P04854,Kavya Kulkarni,9,Male,Jabalpur,Self Pay,2024-11-27
P04855,Karan Reddy,38,Female,Nagpur,Self Pay,2025-02-07
P04856,Vikram Joshi,65,Male,Nagpur,Self Pay,2024-12-11
P04857,Rahul Pawar,14,Female,Wardha,Private Insurance,2024-03-17
P04858,Sneha Verma,30,Male,Nagpur,Government Scheme,2025-05-26
P04859,Arjun Rao,32,Female,Wardha,Private Insurance,2025-08-21
P04860,Vivaan Pawar,38,Male,Nagpur,Self Pay,2025-07-23
P04861,Arjun Singh,12,Male,Nashik,Government Scheme,2024-09-19
P04862,Vikram Patil,53,Male,Nashik,Private Insurance,2025-08-27
P04863,Arjun Kulkarni,55,Male,Chandrapur,Government Scheme,2024-06-08
P04864,Aditya Pawar,52,Male,Amravati,Self Pay,2024-11-25
P04865,Kavya Verma,25,Male,Nagpur,Private Insurance,2024-07-01
P04866,Nisha Jain,44,Female,Pune,Self Pay,2024-11-20
P04867,Vivaan Shah,25,Male,Wardha,Self Pay,2025-11-06
P04868,Meera Pawar,36,Female,Wardha,Private Insurance,2024-12-11
P04869,Diya Gupta,83,Male,Nagpur,Government Scheme,2025-07-05
P04870,Meera Khan,44,Female,Nagpur,Corporate Insurance,2025-12-08
P04871,Kavya Patil,19,Female,Amravati,Private Insurance,2024-04-22
P04872,Aditya Kulkarni,45,Male,Akola,Private Insurance,2025-11-09
P04873,Ananya Reddy,16,Female,Pune,Government Scheme,2024-03-24
P04874,Meera Joshi,19,Female,Jabalpur,Government Scheme,2025-03-30
P04875,Riya Reddy,22,Female,Amravati,Self Pay,2024-11-25
P04876,Aarav Reddy,34,Male,Wardha,Government Scheme,2024-07-26
P04877,Vikram Joshi,60,Female,Nashik,Government Scheme,2025-04-11
P04878,Aditya Patil,53,Female,Nagpur,Government Scheme,2025-10-19
P04879,Vivaan Jain,52,Other,Bhandara,Private Insurance,2024-02-20
P04880,Nisha Rao,21,Male,Akola,Government Scheme,2024-05-04
P04881,Isha Joshi,32,Female,Nagpur,Private Insurance,2025-01-05
P04882,Riya Reddy,47,Male,Nagpur,Corporate Insurance,2024-03-18
P04883,Ananya Joshi,30,Female,Amravati,Private Insurance,2024-08-19
P04884,Kavya Gupta,37,Male,Bhandara,Private Insurance,2024-10-29
P04885,Isha Reddy,50,Female,Nagpur,Self Pay,2024-11-11
P04886,Arjun Verma,35,Female,Nagpur,Private Insurance,2025-05-15
P04887,Rohan Jain,46,Female,Nagpur,Government Scheme,2024-12-03
P04888,Aditya Deshmukh,72,Male,Pune,Corporate Insurance,2024-02-08
P04889,Karan Gupta,39,Female,Mumbai,Self Pay,2025-04-16
P04890,Sneha Rao,64,Male,Mumbai,Private Insurance,2024-08-16
P04891,Meera Joshi,53,Male,Pune,Private Insurance,2024-01-07
P04892,Neha Khan,14,Male,Nagpur,Government Scheme,2025-07-26
P04893,Vivaan Reddy,21,Male,Nagpur,Government Scheme,2024-11-08
P04894,Isha Jain,26,Female,Wardha,Private Insurance,2025-04-26
P04895,Vivaan Rao,26,Female,Bhandara,Private Insurance,2025-04-22
P04896,Aditi Rao,40,Female,Nashik,Self Pay,2024-03-02
P04897,Isha Patil,54,Male,Nagpur,Private Insurance,2025-08-30
P04898,Diya Singh,66,Female,Mumbai,Self Pay,2024-05-27
P04899,Ananya Shah,48,Male,Nagpur,Private Insurance,2025-06-30
P04900,Karan Khan,34,Male,Bhandara,Government Scheme,2025-06-13
P04901,Meera Jain,2,Male,Mumbai,Government Scheme,2024-03-30
P04902,Vivaan Joshi,43,Male,Bhandara,Private Insurance,2024-03-26
P04903,Riya Jain,42,Female,Nashik,Government Scheme,2025-09-10
P04904,Neha Shah,45,Female,Nashik,Private Insurance,2024-01-08
P04905,Ananya Singh,82,Male,Pune,Corporate Insurance,2024-06-08
P04906,Pooja Shah,66,Female,Pune,Self Pay,2025-12-25
P04907,Riya Gupta,57,Male,Amravati,Private Insurance,2024-03-21
P04908,Karan Khan,24,Male,Amravati,Government Scheme,2025-03-24
P04909,Pooja Pawar,32,Female,Pune,Corporate Insurance,2024-09-25
P04910,Aditi Mehta,40,Female,Bhandara,Government Scheme,2024-11-09
P04911,Rohan Jain,27,Female,Chandrapur,Private Insurance,2024-04-03
P04912,Kavya Reddy,52,Female,Amravati,Self Pay,2025-03-11
P04913,Isha Jain,49,Male,Nagpur,Private Insurance,2024-08-31
P04914,Sneha Reddy,21,Male,Wardha,Self Pay,2025-05-04
P04915,Rahul Deshmukh,65,Female,Jabalpur,Private Insurance,2025-07-31
P04916,Pooja Singh,44,Male,Nagpur,Self Pay,2024-12-27
P04917,Aditi Patil,9,Female,Nagpur,Government Scheme,2024-01-15
P04918,Aarav Kulkarni,41,Other,Nagpur,Private Insurance,2025-04-25
P04919,Priya Mehta,47,Male,Wardha,Corporate Insurance,2024-12-29
P04920,Neha Khan,60,Female,Nagpur,Government Scheme,2025-06-01
P04921,Vikram Pawar,36,Male,Akola,Private Insurance,2025-07-30
P04922,Aditya Khan,58,Male,Nagpur,Self Pay,2024-05-11
P04923,Aditya Deshmukh,46,Female,Nagpur,Government Scheme,2024-03-21
P04924,Arjun Reddy,17,Female,Nagpur,Private Insurance,2024-11-05
P04925,Arjun Joshi,15,Male,Nagpur,Self Pay,2025-10-20
P04926,Aditi Deshmukh,63,Female,Pune,Corporate Insurance,2024-08-10
P04927,Isha Deshmukh,65,Female,Mumbai,Private Insurance,2024-11-11
P04928,Ananya Rao,48,Female,Nashik,Corporate Insurance,2025-08-05
P04929,Karan Shah,70,Male,Mumbai,Government Scheme,2025-08-13
P04930,Riya Kulkarni,62,Female,Nagpur,Private Insurance,2025-07-16
P04931,Nisha Gupta,55,Male,Mumbai,Self Pay,2025-11-16
P04932,Rohan Sharma,25,Female,Wardha,Government Scheme,2025-08-14
P04933,Vikram Sharma,75,Female,Nashik,Self Pay,2024-04-25
P04934,Meera Sharma,52,Male,Chandrapur,Government Scheme,2024-11-15
P04935,Aditya Pawar,35,Female,Amravati,Private Insurance,2025-07-22
P04936,Priya Deshmukh,29,Male,Nagpur,Private Insurance,2025-02-23
P04937,Sneha Shah,47,Female,Nagpur,Private Insurance,2024-04-16
P04938,Arjun Shah,10,Male,Amravati,Government Scheme,2025-05-30
P04939,Nisha Kulkarni,55,Female,Wardha,Corporate Insurance,2024-05-06
P04940,Riya Reddy,24,Male,Jabalpur,Self Pay,2024-08-23
P04941,Rohan Sharma,49,Female,Nagpur,Self Pay,2025-12-12
P04942,Neha Kulkarni,32,Male,Chandrapur,Government Scheme,2025-12-14
P04943,Vikram Patil,37,Female,Bhandara,Private Insurance,2024-01-17
P04944,Aditya Reddy,28,Female,Nagpur,Self Pay,2024-10-03
P04945,Aditya Reddy,39,Male,Nagpur,Private Insurance,2024-08-19
P04946,Rahul Deshmukh,78,Female,Amravati,Private Insurance,2025-01-27
P04947,Isha Patil,68,Female,Wardha,Private Insurance,2025-08-29
P04948,Rahul Patil,49,Male,Nagpur,Corporate Insurance,2025-08-26
P04949,Aarav Patil,42,Male,Nagpur,Self Pay,2024-04-09
P04950,Aditi Deshmukh,58,Male,Nagpur,Private Insurance,2025-06-29
P04951,Rohan Deshmukh,63,Male,Pune,Corporate Insurance,2024-01-23
P04952,Vivaan Deshmukh,26,Female,Pune,Self Pay,2025-01-01
P04953,Aditya Deshmukh,41,Female,Nagpur,Government Scheme,2025-02-18
P04954,Diya Gupta,7,Male,Chandrapur,Private Insurance,2024-10-25
P04955,Arjun Joshi,63,Female,Mumbai,Private Insurance,2025-10-03
P04956,Diya Shah,81,Female,Nagpur,Private Insurance,2025-04-10
P04957,Aditya Reddy,44,Female,Nagpur,Government Scheme,2025-12-13
P04958,Vikram Gupta,2,Female,Nagpur,Government Scheme,2024-11-14
P04959,Meera Verma,54,Female,Nagpur,Private Insurance,2024-10-22
P04960,Priya Reddy,25,Female,Pune,Private Insurance,2025-03-08
P04961,Kavya Verma,29,Male,Pune,Government Scheme,2024-06-24
P04962,Vivaan Patil,54,Male,Bhandara,Self Pay,2025-08-06
P04963,Rohan Singh,47,Male,Nagpur,Private Insurance,2024-08-09
P04964,Diya Verma,33,Female,Pune,Self Pay,2024-03-29
P04965,Arjun Kulkarni,30,Female,Nagpur,Corporate Insurance,2024-12-09
P04966,Aditi Jain,44,Male,Nagpur,Self Pay,2025-05-24
P04967,Rahul Pawar,34,Female,Nagpur,Government Scheme,2025-01-27
P04968,Isha Mehta,21,Female,Pune,Self Pay,2024-02-09
P04969,Karan Gupta,36,Male,Akola,Corporate Insurance,2024-01-13
P04970,Ananya Deshmukh,48,Male,Chandrapur,Self Pay,2025-06-19
P04971,Riya Gupta,39,Female,Nashik,Private Insurance,2025-12-29
P04972,Riya Shah,15,Male,Nagpur,Private Insurance,2024-06-01
P04973,Neha Khan,61,Male,Amravati,Private Insurance,2025-12-04
P04974,Pooja Khan,1,Male,Pune,Private Insurance,2024-12-26
P04975,Neha Verma,34,Female,Mumbai,Self Pay,2024-04-12
P04976,Vivaan Reddy,30,Male,Wardha,Private Insurance,2024-07-13
P04977,Kavya Verma,45,Male,Nagpur,Self Pay,2025-12-05
P04978,Aarav Rao,53,Female,Jabalpur,Self Pay,2024-08-22
P04979,Vivaan Sharma,63,Male,Amravati,Government Scheme,2025-09-04
P04980,Aditi Khan,28,Male,Nagpur,Private Insurance,2025-04-03
P04981,Priya Singh,53,Female,Nagpur,Private Insurance,2025-08-12
P04982,Sneha Pawar,46,Female,Nagpur,Private Insurance,2024-11-10
P04983,Sneha Jain,9,Female,Chandrapur,Corporate Insurance,2024-03-25
P04984,Rohan Pawar,78,Male,Chandrapur,Private Insurance,2024-12-21
P04985,Karan Singh,15,Female,Nagpur,Private Insurance,2025-11-21
P04986,Arjun Reddy,50,Male,Nagpur,Private Insurance,2025-12-30
P04987,Rahul Deshmukh,49,Female,Bhandara,Government Scheme,2024-10-26
P04988,Aditya Kulkarni,47,Male,Amravati,Government Scheme,2024-03-29
P04989,Vikram Khan,33,Male,Nagpur,Corporate Insurance,2024-06-05
P04990,Ananya Verma,58,Male,Nagpur,Private Insurance,2024-10-07
P04991,Karan Joshi,12,Male,Pune,Private Insurance,2025-12-15
P04992,Neha Patil,41,Female,Jabalpur,Self Pay,2025-01-22
P04993,Nisha Joshi,31,Female,Amravati,Private Insurance,2024-12-27
P04994,Aarav Singh,29,Male,Akola,Private Insurance,2025-08-17
P04995,Sneha Singh,50,Female,Mumbai,Corporate Insurance,2024-05-09
P04996,Vikram Deshmukh,62,Male,Nagpur,Government Scheme,2024-07-25
P04997,Riya Kulkarni,35,Male,Mumbai,Government Scheme,2025-06-30
P04998,Diya Joshi,57,Male,Wardha,Corporate Insurance,2024-10-14
P04999,Pooja Rao,43,Female,Bhandara,Private Insurance,2025-03-09
P05000,Priya Khan,25,Male,Bhandara,Private Insurance,2025-08-22
P05001,Sneha Deshmukh,37,Female,Nagpur,Private Insurance,2025-06-25
P05002,Diya Verma,36,Male,Pune,Private Insurance,2025-01-22
P05003,Ananya Mehta,29,Male,Nashik,Government Scheme,2024-02-18
P05004,Kavya Pawar,50,Male,Nagpur,Self Pay,2025-09-16
P05005,Aditya Gupta,46,Male,Bhandara,Corporate Insurance,2024-03-04
P05006,Sneha Pawar,12,Female,Jabalpur,Self Pay,2024-02-16
P05007,Meera Gupta,11,Male,Mumbai,Corporate Insurance,2024-06-06
P05008,Aditi Reddy,50,Male,Chandrapur,Government Scheme,2024-07-28
P05009,Priya Reddy,27,Female,Nagpur,Private Insurance,2025-08-02
P05010,Arjun Deshmukh,48,Male,Amravati,Private Insurance,2025-02-11
P05011,Sneha Khan,57,Male,Nagpur,Government Scheme,2025-11-05
P05012,Rohan Mehta,18,Male,Pune,Private Insurance,2024-03-30
P05013,Sneha Joshi,15,Male,Nashik,Private Insurance,2025-12-14
P05014,Priya Reddy,74,Female,Mumbai,Corporate Insurance,2024-12-17
P05015,Pooja Shah,49,Male,Nagpur,Private Insurance,2025-03-12
P05016,Kavya Verma,34,Female,Jabalpur,Self Pay,2024-01-13
P05017,Aditi Rao,24,Male,Jabalpur,Private Insurance,2025-06-15
P05018,Karan Khan,32,Female,Akola,Government Scheme,2025-01-03
P05019,Aditi Verma,19,Male,Mumbai,Self Pay,2025-06-30
P05020,Sneha Kulkarni,59,Female,Amravati,Private Insurance,2025-11-02
P05021,Ananya Singh,27,Female,Nagpur,Private Insurance,2024-06-08
P05022,Diya Khan,63,Female,Nagpur,Government Scheme,2025-11-23
P05023,Aditi Joshi,34,Male,Nagpur,Government Scheme,2024-12-18
P05024,Arjun Singh,22,Female,Nagpur,Private Insurance,2024-08-20
P05025,Aditi Mehta,34,Female,Akola,Private Insurance,2025-05-31
P05026,Ananya Mehta,1,Female,Nagpur,Private Insurance,2024-01-03
P05027,Nisha Verma,40,Female,Nagpur,Private Insurance,2025-05-13
P05028,Aditya Rao,39,Male,Nagpur,Corporate Insurance,2025-10-27
P05029,Arjun Sharma,58,Female,Akola,Private Insurance,2024-06-01
P05030,Karan Jain,6,Female,Mumbai,Government Scheme,2025-02-18
P05031,Sneha Verma,64,Female,Amravati,Self Pay,2025-07-26
P05032,Neha Rao,58,Female,Nashik,Self Pay,2025-02-27
P05033,Aarav Mehta,66,Female,Jabalpur,Private Insurance,2025-11-08
P05034,Priya Reddy,41,Female,Akola,Government Scheme,2025-08-17
P05035,Aarav Joshi,61,Female,Nashik,Government Scheme,2024-07-19
P05036,Vikram Jain,14,Female,Chandrapur,Private Insurance,2024-10-14
P05037,Neha Verma,56,Female,Jabalpur,Private Insurance,2025-05-04
P05038,Rohan Shah,27,Male,Nagpur,Self Pay,2024-11-02
P05039,Arjun Reddy,11,Female,Pune,Government Scheme,2024-10-13
P05040,Kavya Khan,21,Male,Amravati,Private Insurance,2025-09-13
P05041,Diya Singh,42,Male,Nagpur,Government Scheme,2024-03-22
P05042,Rahul Patil,26,Male,Nashik,Private Insurance,2024-12-24
P05043,Rohan Pawar,49,Female,Pune,Private Insurance,2024-10-03
P05044,Aditi Patil,8,Male,Mumbai,Private Insurance,2025-06-21
P05045,Karan Patil,2,Male,Mumbai,Private Insurance,2025-12-19
P05046,Ananya Rao,68,Male,Nashik,Government Scheme,2025-10-22
P05047,Vivaan Pawar,59,Male,Bhandara,Government Scheme,2024-09-14
P05048,Arjun Sharma,22,Female,Mumbai,Private Insurance,2024-10-14
P05049,Isha Kulkarni,42,Male,Nagpur,Government Scheme,2024-03-30
P05050,Nisha Verma,61,Male,Nagpur,Self Pay,2025-10-10
P05051,Priya Deshmukh,50,Female,Amravati,Government Scheme,2024-08-08
P05052,Meera Mehta,45,Female,Bhandara,Private Insurance,2024-08-27
P05053,Vikram Deshmukh,63,Male,Akola,Private Insurance,2024-10-02
P05054,Isha Deshmukh,28,Female,Pune,Corporate Insurance,2025-11-09
P05055,Priya Joshi,43,Male,Nagpur,Private Insurance,2025-12-25
P05056,Neha Khan,42,Female,Pune,Private Insurance,2024-08-10
P05057,Aditi Deshmukh,37,Male,Chandrapur,Self Pay,2025-04-17
P05058,Nisha Verma,35,Female,Jabalpur,Self Pay,2024-06-19
P05059,Arjun Reddy,43,Male,Amravati,Corporate Insurance,2024-12-01
P05060,Meera Pawar,43,Male,Chandrapur,Private Insurance,2025-06-10
P05061,Karan Deshmukh,22,Male,Nashik,Corporate Insurance,2025-01-02
P05062,Vivaan Mehta,57,Female,Wardha,Private Insurance,2025-11-04
P05063,Aarav Kulkarni,23,Female,Nagpur,Self Pay,2025-01-07
P05064,Rahul Mehta,38,Female,Nagpur,Private Insurance,2025-07-14
P05065,Sneha Patil,36,Female,Nagpur,Corporate Insurance,2024-12-03
P05066,Aditya Deshmukh,49,Other,Wardha,Corporate Insurance,2025-06-24
P05067,Sneha Patil,2,Female,Chandrapur,Self Pay,2025-08-23
P05068,Rohan Kulkarni,59,Female,Bhandara,Government Scheme,2025-12-11
P05069,Arjun Gupta,29,Male,Akola,Private Insurance,2024-09-03
P05070,Karan Shah,65,Female,Nagpur,Government Scheme,2025-02-10
P05071,Aarav Gupta,33,Female,Nagpur,Private Insurance,2025-06-01
P05072,Isha Shah,41,Male,Nashik,Self Pay,2025-10-09
P05073,Nisha Gupta,78,Female,Pune,Private Insurance,2024-03-14
P05074,Karan Deshmukh,37,Male,Akola,Private Insurance,2024-01-28
P05075,Priya Pawar,66,Male,Nashik,Private Insurance,2024-03-02
P05076,Vivaan Reddy,43,Female,Jabalpur,Self Pay,2024-04-06
P05077,Aditi Rao,50,Male,Jabalpur,Government Scheme,2024-07-19
P05078,Pooja Patil,43,Male,Chandrapur,Government Scheme,2024-07-17
P05079,Riya Shah,58,Female,Nagpur,Private Insurance,2024-03-16
P05080,Riya Joshi,29,Male,Nagpur,Private Insurance,2025-11-21
P05081,Neha Pawar,23,Female,Chandrapur,Government Scheme,2025-08-15
P05082,Diya Gupta,30,Male,Amravati,Private Insurance,2024-05-23
P05083,Vivaan Reddy,44,Male,Nagpur,Self Pay,2024-10-17
P05084,Sneha Rao,38,Female,Nagpur,Government Scheme,2024-10-06
P05085,Isha Verma,55,Female,Mumbai,Corporate Insurance,2025-09-10
P05086,Priya Gupta,67,Female,Nagpur,Private Insurance,2024-01-26
P05087,Nisha Pawar,23,Male,Pune,Private Insurance,2025-09-17
P05088,Neha Singh,28,Male,Mumbai,Corporate Insurance,2024-02-27
P05089,Vikram Jain,15,Female,Akola,Corporate Insurance,2025-01-19
P05090,Diya Patil,81,Female,Nagpur,Government Scheme,2025-03-01
P05091,Ananya Sharma,48,Male,Pune,Private Insurance,2024-06-02
P05092,Sneha Khan,51,Female,Chandrapur,Government Scheme,2024-03-12
P05093,Riya Kulkarni,17,Female,Nagpur,Government Scheme,2024-11-08
P05094,Aditi Khan,42,Female,Chandrapur,Private Insurance,2025-10-18
P05095,Vikram Verma,52,Male,Nagpur,Private Insurance,2025-02-16
P05096,Nisha Deshmukh,37,Female,Akola,Government Scheme,2025-10-08
P05097,Aarav Patil,62,Male,Mumbai,Private Insurance,2024-09-12
P05098,Neha Jain,86,Male,Bhandara,Corporate Insurance,2025-03-30
P05099,Isha Shah,24,Female,Jabalpur,Private Insurance,2025-09-28
P05100,Arjun Patil,23,Male,Amravati,Corporate Insurance,2024-10-16
P05101,Sneha Joshi,25,Female,Pune,Government Scheme,2025-12-19
P05102,Aditi Mehta,73,Female,Nashik,Corporate Insurance,2025-10-10
P05103,Pooja Kulkarni,62,Male,Nagpur,Self Pay,2025-03-11
P05104,Vikram Mehta,39,Female,Mumbai,Private Insurance,2024-12-22
P05105,Aarav Rao,43,Male,Mumbai,Private Insurance,2024-05-02
P05106,Kavya Patil,26,Male,Amravati,Private Insurance,2024-05-19
P05107,Rohan Rao,59,Female,Pune,Self Pay,2025-10-05
P05108,Neha Gupta,35,Male,Nagpur,Private Insurance,2024-09-09
P05109,Kavya Khan,37,Male,Nagpur,Self Pay,2025-11-05
P05110,Nisha Shah,54,Female,Nagpur,Corporate Insurance,2024-09-22
P05111,Meera Singh,38,Male,Wardha,Government Scheme,2024-07-05
P05112,Aarav Khan,38,Male,Nagpur,Self Pay,2025-02-27
P05113,Sneha Patil,42,Female,Nagpur,Corporate Insurance,2024-08-09
P05114,Kavya Shah,57,Female,Jabalpur,Self Pay,2024-10-19
P05115,Ananya Joshi,73,Female,Wardha,Private Insurance,2024-12-04
P05116,Riya Patil,53,Female,Pune,Private Insurance,2025-08-20
P05117,Aditi Pawar,57,Female,Nagpur,Government Scheme,2025-09-03
P05118,Rohan Khan,38,Male,Nagpur,Private Insurance,2025-04-02
P05119,Sneha Joshi,29,Male,Pune,Government Scheme,2025-11-18
P05120,Riya Sharma,54,Male,Amravati,Corporate Insurance,2024-07-03
P05121,Aditya Rao,45,Female,Wardha,Government Scheme,2025-04-22
P05122,Pooja Kulkarni,15,Female,Jabalpur,Private Insurance,2024-10-20
P05123,Karan Singh,36,Female,Nagpur,Private Insurance,2024-11-03
P05124,Neha Patil,40,Female,Wardha,Corporate Insurance,2025-06-11
P05125,Ananya Singh,32,Male,Chandrapur,Private Insurance,2024-08-31
P05126,Meera Jain,70,Female,Nagpur,Private Insurance,2024-06-25
P05127,Nisha Sharma,51,Male,Akola,Government Scheme,2024-12-15
P05128,Isha Kulkarni,68,Female,Wardha,Government Scheme,2024-03-07
P05129,Rohan Deshmukh,47,Male,Nagpur,Private Insurance,2025-02-15
P05130,Nisha Deshmukh,44,Male,Amravati,Government Scheme,2025-06-03
P05131,Ananya Singh,24,Male,Wardha,Government Scheme,2024-04-22
P05132,Diya Singh,42,Male,Chandrapur,Private Insurance,2024-10-23
P05133,Aarav Pawar,42,Male,Mumbai,Government Scheme,2024-07-21
P05134,Kavya Kulkarni,16,Male,Nashik,Self Pay,2024-03-31
P05135,Aditi Kulkarni,32,Female,Amravati,Private Insurance,2024-04-06
P05136,Karan Kulkarni,36,Female,Jabalpur,Corporate Insurance,2024-12-16
P05137,Karan Gupta,50,Male,Pune,Private Insurance,2025-02-03
P05138,Diya Joshi,51,Female,Nagpur,Government Scheme,2025-02-13
P05139,Aarav Joshi,31,Male,Nagpur,Self Pay,2024-02-17
P05140,Aarav Reddy,51,Female,Nagpur,Government Scheme,2024-01-19
P05141,Riya Verma,39,Male,Nagpur,Private Insurance,2024-03-28
P05142,Riya Gupta,1,Female,Wardha,Government Scheme,2025-07-31
P05143,Vikram Kulkarni,33,Male,Amravati,Corporate Insurance,2025-04-15
P05144,Nisha Jain,63,Female,Jabalpur,Government Scheme,2024-12-24
P05145,Priya Jain,10,Female,Wardha,Private Insurance,2024-01-23
P05146,Riya Khan,44,Male,Nagpur,Private Insurance,2024-01-19
P05147,Diya Verma,72,Female,Jabalpur,Government Scheme,2024-10-13
P05148,Diya Deshmukh,28,Female,Wardha,Private Insurance,2025-09-21
P05149,Priya Mehta,42,Male,Nagpur,Self Pay,2024-03-21
P05150,Aarav Reddy,17,Male,Nagpur,Corporate Insurance,2025-03-03
P05151,Priya Reddy,73,Female,Akola,Corporate Insurance,2025-02-21
P05152,Sneha Mehta,40,Male,Wardha,Private Insurance,2025-12-04
P05153,Pooja Gupta,43,Female,Chandrapur,Government Scheme,2024-08-05
P05154,Isha Deshmukh,68,Female,Pune,Private Insurance,2024-07-24
P05155,Kavya Khan,55,Male,Akola,Private Insurance,2025-03-16
P05156,Meera Singh,25,Female,Mumbai,Government Scheme,2024-10-28
P05157,Neha Joshi,30,Female,Nashik,Private Insurance,2024-05-05
P05158,Priya Singh,51,Female,Akola,Private Insurance,2025-04-28
P05159,Neha Rao,30,Male,Nagpur,Self Pay,2025-12-01
P05160,Karan Deshmukh,2,Male,Wardha,Self Pay,2025-10-29
P05161,Aditi Gupta,41,Female,Amravati,Corporate Insurance,2024-03-14
P05162,Rahul Gupta,14,Male,Bhandara,Private Insurance,2025-07-31
P05163,Pooja Joshi,73,Male,Amravati,Corporate Insurance,2025-05-26
P05164,Aarav Jain,45,Female,Chandrapur,Private Insurance,2025-04-14
P05165,Isha Khan,25,Male,Amravati,Private Insurance,2024-12-05
P05166,Rahul Joshi,29,Female,Bhandara,Government Scheme,2025-08-03
P05167,Diya Mehta,6,Female,Amravati,Government Scheme,2025-02-20
P05168,Sneha Shah,21,Female,Mumbai,Government Scheme,2024-03-10
P05169,Arjun Pawar,61,Female,Amravati,Self Pay,2024-04-04
P05170,Vivaan Khan,84,Male,Nashik,Private Insurance,2025-06-12
P05171,Ananya Reddy,56,Male,Chandrapur,Corporate Insurance,2024-10-23
P05172,Aditi Joshi,40,Male,Amravati,Private Insurance,2025-02-26
P05173,Aditya Pawar,34,Female,Pune,Self Pay,2025-08-11
P05174,Aarav Khan,24,Female,Mumbai,Corporate Insurance,2024-07-19
P05175,Riya Reddy,81,Female,Nashik,Government Scheme,2025-10-13
P05176,Pooja Jain,38,Female,Jabalpur,Corporate Insurance,2024-06-23
P05177,Rahul Reddy,82,Male,Amravati,Self Pay,2024-11-22
P05178,Pooja Patil,68,Male,Mumbai,Private Insurance,2024-07-29
P05179,Meera Shah,9,Male,Mumbai,Self Pay,2025-05-25
P05180,Arjun Verma,29,Male,Nashik,Self Pay,2024-03-30
P05181,Nisha Kulkarni,29,Female,Pune,Private Insurance,2024-08-31
P05182,Arjun Mehta,40,Female,Nashik,Government Scheme,2024-07-18
P05183,Rohan Kulkarni,41,Female,Wardha,Private Insurance,2025-06-10
P05184,Aditya Sharma,90,Male,Bhandara,Private Insurance,2024-02-22
P05185,Aditi Khan,22,Female,Amravati,Corporate Insurance,2025-04-15
P05186,Priya Sharma,46,Female,Akola,Corporate Insurance,2025-05-06
P05187,Priya Patil,54,Male,Nagpur,Self Pay,2025-06-14
P05188,Arjun Khan,42,Female,Nashik,Private Insurance,2025-01-08
P05189,Isha Mehta,44,Male,Wardha,Private Insurance,2025-04-17
P05190,Vikram Verma,22,Female,Amravati,Private Insurance,2024-04-03
P05191,Kavya Pawar,44,Male,Nagpur,Private Insurance,2025-02-07
P05192,Nisha Pawar,52,Female,Nagpur,Self Pay,2025-05-23
P05193,Arjun Sharma,48,Male,Chandrapur,Government Scheme,2024-06-29
P05194,Rohan Pawar,53,Male,Amravati,Government Scheme,2024-05-09
P05195,Neha Sharma,69,Female,Nagpur,Private Insurance,2024-08-06
P05196,Rahul Mehta,60,Male,Nagpur,Corporate Insurance,2024-12-27
P05197,Vikram Jain,43,Male,Amravati,Private Insurance,2024-02-04
P05198,Vikram Verma,20,Male,Nagpur,Private Insurance,2025-11-02
P05199,Neha Joshi,31,Male,Nagpur,Private Insurance,2025-04-21
P05200,Neha Deshmukh,38,Male,Akola,Private Insurance,2025-07-09
P05201,Pooja Rao,47,Female,Nashik,Government Scheme,2025-09-11
P05202,Nisha Mehta,33,Female,Jabalpur,Government Scheme,2025-03-02
P05203,Aarav Mehta,24,Female,Nagpur,Government Scheme,2025-07-16
P05204,Priya Shah,19,Male,Nagpur,Private Insurance,2025-03-02
P05205,Kavya Mehta,11,Male,Nagpur,Corporate Insurance,2025-07-16
P05206,Nisha Pawar,38,Male,Chandrapur,Self Pay,2024-02-16
P05207,Sneha Verma,14,Female,Nagpur,Corporate Insurance,2025-08-24
P05208,Neha Shah,23,Male,Nagpur,Private Insurance,2024-11-07
P05209,Priya Shah,35,Male,Bhandara,Corporate Insurance,2024-12-14
P05210,Arjun Gupta,17,Female,Amravati,Self Pay,2024-08-12
P05211,Karan Joshi,49,Male,Bhandara,Government Scheme,2024-10-19
P05212,Aditya Gupta,56,Female,Chandrapur,Private Insurance,2024-12-12
P05213,Isha Pawar,32,Male,Pune,Private Insurance,2024-09-27
P05214,Priya Deshmukh,34,Female,Amravati,Self Pay,2025-11-25
P05215,Aditya Deshmukh,52,Male,Nagpur,Private Insurance,2025-01-08
P05216,Neha Khan,28,Female,Bhandara,Self Pay,2025-07-28
P05217,Isha Kulkarni,27,Female,Nagpur,Self Pay,2025-11-29
P05218,Priya Gupta,65,Male,Nagpur,Self Pay,2025-03-21
P05219,Sneha Reddy,59,Male,Wardha,Private Insurance,2024-09-03
P05220,Rohan Shah,53,Female,Nagpur,Corporate Insurance,2025-05-29
P05221,Karan Verma,60,Female,Nagpur,Private Insurance,2024-01-09
P05222,Vikram Joshi,4,Male,Akola,Self Pay,2025-06-17
P05223,Karan Verma,68,Male,Pune,Government Scheme,2024-01-07
P05224,Kavya Verma,49,Female,Nagpur,Private Insurance,2024-11-29
P05225,Vivaan Reddy,61,Female,Bhandara,Private Insurance,2024-07-20
P05226,Nisha Reddy,49,Female,Jabalpur,Self Pay,2025-09-24
P05227,Arjun Shah,43,Male,Nagpur,Government Scheme,2025-04-15
P05228,Rahul Joshi,37,Male,Nashik,Private Insurance,2025-03-26
P05229,Nisha Patil,49,Male,Nagpur,Private Insurance,2025-04-23
P05230,Priya Khan,36,Female,Mumbai,Self Pay,2025-06-22
P05231,Vivaan Reddy,58,Male,Nagpur,Private Insurance,2024-04-26
P05232,Rohan Shah,12,Female,Nagpur,Private Insurance,2024-01-09
P05233,Isha Reddy,32,Male,Jabalpur,Self Pay,2025-11-11
P05234,Aditi Joshi,81,Female,Akola,Private Insurance,2025-01-27
P05235,Ananya Singh,30,Female,Nagpur,Private Insurance,2025-05-03
P05236,Ananya Patil,37,Female,Pune,Government Scheme,2024-09-22
P05237,Pooja Pawar,25,Female,Mumbai,Government Scheme,2025-09-11
P05238,Aditya Singh,48,Female,Wardha,Government Scheme,2024-02-10
P05239,Nisha Singh,28,Male,Nagpur,Private Insurance,2024-11-17
P05240,Diya Jain,38,Male,Nagpur,Government Scheme,2025-04-16
P05241,Rahul Patil,58,Male,Jabalpur,Private Insurance,2024-12-04
P05242,Diya Verma,29,Male,Nagpur,Government Scheme,2025-11-08
P05243,Diya Khan,57,Female,Nagpur,Private Insurance,2024-01-07
P05244,Kavya Pawar,58,Male,Nagpur,Private Insurance,2025-06-18
P05245,Priya Rao,62,Female,Nagpur,Government Scheme,2025-10-05
P05246,Nisha Jain,45,Female,Bhandara,Private Insurance,2024-02-28
P05247,Nisha Kulkarni,90,Female,Amravati,Corporate Insurance,2025-04-12
P05248,Pooja Pawar,62,Female,Nagpur,Corporate Insurance,2024-02-11
P05249,Priya Singh,48,Male,Nagpur,Private Insurance,2025-03-31
P05250,Vivaan Sharma,25,Female,Nagpur,Self Pay,2024-09-08
P05251,Aditi Gupta,40,Female,Nagpur,Government Scheme,2025-08-30
P05252,Vivaan Patil,69,Male,Nagpur,Private Insurance,2024-06-23
P05253,Aarav Joshi,74,Female,Nashik,Private Insurance,2024-09-29
P05254,Sneha Mehta,70,Male,Nagpur,Corporate Insurance,2024-01-21
P05255,Vivaan Pawar,57,Female,Nagpur,Private Insurance,2025-06-21
P05256,Neha Mehta,18,Male,Bhandara,Government Scheme,2024-01-30
P05257,Nisha Reddy,51,Male,Nashik,Government Scheme,2025-05-04
P05258,Sneha Mehta,18,Female,Akola,Private Insurance,2024-09-08
P05259,Sneha Jain,14,Male,Jabalpur,Government Scheme,2025-11-17
P05260,Nisha Deshmukh,47,Female,Nagpur,Corporate Insurance,2024-04-07
P05261,Vivaan Verma,52,Female,Nagpur,Private Insurance,2025-04-10
P05262,Aditi Khan,59,Male,Nagpur,Private Insurance,2024-05-22
P05263,Diya Verma,51,Male,Nagpur,Private Insurance,2024-02-02
P05264,Arjun Gupta,52,Female,Jabalpur,Self Pay,2025-09-26
P05265,Aditi Rao,23,Female,Bhandara,Government Scheme,2025-10-06
P05266,Aditi Khan,40,Female,Pune,Government Scheme,2025-12-26
P05267,Meera Patil,13,Male,Jabalpur,Self Pay,2024-05-16
P05268,Meera Khan,4,Male,Pune,Corporate Insurance,2025-08-10
P05269,Ananya Jain,56,Female,Amravati,Private Insurance,2024-12-23
P05270,Meera Reddy,28,Other,Mumbai,Self Pay,2024-06-18
P05271,Aditya Khan,59,Female,Amravati,Private Insurance,2024-10-14
P05272,Karan Patil,63,Male,Nagpur,Private Insurance,2024-05-08
P05273,Karan Jain,30,Male,Bhandara,Private Insurance,2025-03-25
P05274,Arjun Singh,53,Male,Mumbai,Private Insurance,2025-02-26
P05275,Rohan Shah,29,Female,Pune,Corporate Insurance,2024-05-05
P05276,Aditya Jain,7,Female,Amravati,Government Scheme,2025-07-26
P05277,Riya Kulkarni,44,Female,Pune,Government Scheme,2025-02-16
P05278,Vikram Reddy,33,Male,Wardha,Private Insurance,2025-04-24
P05279,Nisha Reddy,34,Other,Akola,Private Insurance,2024-04-08
P05280,Pooja Joshi,80,Female,Nagpur,Corporate Insurance,2025-08-09
P05281,Arjun Shah,13,Female,Nagpur,Self Pay,2024-09-23
P05282,Meera Deshmukh,49,Female,Nagpur,Government Scheme,2024-12-21
P05283,Aditya Verma,23,Male,Mumbai,Private Insurance,2024-04-24
P05284,Vikram Joshi,59,Male,Jabalpur,Private Insurance,2025-12-22
P05285,Diya Kulkarni,48,Female,Nagpur,Corporate Insurance,2025-01-12
P05286,Vivaan Sharma,49,Male,Nagpur,Private Insurance,2025-07-28
P05287,Aarav Jain,24,Female,Nagpur,Private Insurance,2025-03-22
P05288,Kavya Deshmukh,27,Male,Nashik,Self Pay,2024-02-07
P05289,Nisha Verma,60,Female,Bhandara,Corporate Insurance,2025-05-23
P05290,Riya Deshmukh,76,Female,Bhandara,Private Insurance,2024-09-22
P05291,Kavya Gupta,51,Male,Nagpur,Self Pay,2025-03-13
P05292,Pooja Patil,25,Male,Nagpur,Private Insurance,2025-02-12
P05293,Meera Mehta,48,Female,Mumbai,Self Pay,2025-07-26
P05294,Aditya Shah,88,Male,Bhandara,Private Insurance,2024-06-12
P05295,Riya Reddy,44,Male,Nagpur,Corporate Insurance,2025-12-08
P05296,Isha Sharma,70,Female,Nagpur,Self Pay,2024-10-21
P05297,Nisha Deshmukh,28,Male,Nagpur,Corporate Insurance,2025-06-08
P05298,Ananya Mehta,41,Male,Nagpur,Government Scheme,2025-04-04
P05299,Aditya Shah,54,Female,Nagpur,Corporate Insurance,2025-02-16
P05300,Priya Sharma,50,Male,Akola,Government Scheme,2025-02-07
P05301,Diya Sharma,27,Male,Nagpur,Government Scheme,2025-03-22
P05302,Priya Reddy,27,Female,Amravati,Private Insurance,2025-09-20
P05303,Rohan Joshi,61,Male,Bhandara,Self Pay,2024-07-20
P05304,Aditya Shah,65,Female,Nagpur,Government Scheme,2024-07-10
P05305,Aarav Reddy,71,Male,Wardha,Government Scheme,2025-12-22
P05306,Vivaan Khan,76,Male,Mumbai,Self Pay,2025-11-03
P05307,Karan Jain,45,Female,Nagpur,Self Pay,2024-10-15
P05308,Vivaan Kulkarni,36,Male,Pune,Government Scheme,2024-08-23
P05309,Vivaan Khan,68,Female,Nagpur,Government Scheme,2025-06-29
P05310,Arjun Pawar,56,Male,Nagpur,Government Scheme,2025-11-02
P05311,Ananya Deshmukh,23,Male,Nagpur,Government Scheme,2025-11-23
P05312,Arjun Pawar,22,Female,Akola,Government Scheme,2024-06-30
P05313,Rohan Reddy,51,Male,Amravati,Self Pay,2024-06-05
P05314,Pooja Gupta,39,Female,Nashik,Self Pay,2025-01-05
P05315,Vikram Kulkarni,41,Male,Nagpur,Government Scheme,2024-05-10
P05316,Kavya Shah,62,Male,Chandrapur,Private Insurance,2025-11-11
P05317,Ananya Khan,56,Male,Nagpur,Private Insurance,2024-09-14
P05318,Rahul Singh,67,Female,Nagpur,Self Pay,2024-07-21
P05319,Vikram Kulkarni,5,Male,Chandrapur,Corporate Insurance,2025-12-10
P05320,Pooja Sharma,47,Male,Nagpur,Private Insurance,2025-09-11
P05321,Neha Joshi,55,Male,Amravati,Corporate Insurance,2025-11-18
P05322,Aarav Verma,13,Male,Bhandara,Private Insurance,2024-12-31
P05323,Pooja Khan,30,Male,Nashik,Corporate Insurance,2025-08-01
P05324,Rahul Gupta,26,Female,Akola,Corporate Insurance,2024-11-02
P05325,Riya Gupta,42,Female,Nagpur,Government Scheme,2024-02-21
P05326,Rahul Shah,73,Male,Nagpur,Corporate Insurance,2025-04-29
P05327,Pooja Shah,80,Female,Amravati,Government Scheme,2024-02-28
P05328,Isha Khan,27,Male,Nagpur,Private Insurance,2024-05-24
P05329,Riya Khan,52,Male,Nagpur,Self Pay,2024-08-04
P05330,Ananya Jain,53,Male,Amravati,Private Insurance,2025-04-25
P05331,Pooja Joshi,49,Male,Amravati,Private Insurance,2025-07-21
P05332,Neha Jain,50,Male,Wardha,Private Insurance,2024-05-08
P05333,Karan Verma,48,Male,Nagpur,Government Scheme,2025-06-20
P05334,Neha Sharma,74,Male,Nagpur,Self Pay,2025-06-02
P05335,Rahul Singh,63,Female,Nagpur,Self Pay,2025-03-11
P05336,Diya Sharma,22,Female,Nagpur,Corporate Insurance,2025-03-21
P05337,Aditya Patil,57,Female,Pune,Corporate Insurance,2024-10-20
P05338,Isha Sharma,59,Male,Nagpur,Self Pay,2024-04-12
P05339,Pooja Singh,48,Female,Nagpur,Corporate Insurance,2024-04-07
P05340,Isha Joshi,63,Male,Pune,Private Insurance,2024-03-14
P05341,Arjun Mehta,46,Male,Amravati,Self Pay,2024-12-15
P05342,Priya Gupta,46,Female,Nagpur,Private Insurance,2025-03-19
P05343,Rohan Gupta,44,Other,Nashik,Private Insurance,2024-04-14
P05344,Karan Kulkarni,4,Female,Chandrapur,Private Insurance,2024-03-29
P05345,Rahul Jain,40,Male,Jabalpur,Private Insurance,2025-05-22
P05346,Vivaan Khan,29,Female,Mumbai,Corporate Insurance,2025-04-01
P05347,Aarav Joshi,19,Female,Akola,Government Scheme,2025-11-11
P05348,Nisha Jain,69,Female,Nagpur,Corporate Insurance,2025-12-30
P05349,Aditi Kulkarni,52,Male,Wardha,Government Scheme,2025-12-22
P05350,Aditya Rao,41,Female,Nagpur,Self Pay,2024-03-30
P05351,Pooja Kulkarni,31,Male,Bhandara,Private Insurance,2024-09-23
P05352,Pooja Verma,48,Male,Mumbai,Corporate Insurance,2024-12-11
P05353,Pooja Jain,61,Female,Nagpur,Private Insurance,2025-06-23
P05354,Aditya Sharma,26,Female,Mumbai,Self Pay,2025-11-05
P05355,Kavya Khan,42,Female,Bhandara,Corporate Insurance,2025-08-30
P05356,Rahul Pawar,58,Male,Nagpur,Self Pay,2025-11-15
P05357,Aarav Deshmukh,5,Male,Pune,Self Pay,2024-01-14
P05358,Vivaan Sharma,41,Female,Bhandara,Private Insurance,2024-01-22
P05359,Aditya Sharma,34,Male,Wardha,Government Scheme,2024-10-27
P05360,Nisha Patil,39,Female,Wardha,Private Insurance,2025-08-12
P05361,Aditya Kulkarni,32,Male,Nagpur,Private Insurance,2024-08-26
P05362,Priya Khan,45,Female,Nagpur,Private Insurance,2024-06-23
P05363,Vivaan Deshmukh,79,Female,Akola,Self Pay,2024-06-23
P05364,Aarav Deshmukh,36,Female,Mumbai,Corporate Insurance,2025-06-28
P05365,Arjun Mehta,48,Male,Akola,Self Pay,2025-07-28
P05366,Meera Joshi,80,Male,Pune,Self Pay,2024-09-16
P05367,Aditya Mehta,32,Female,Pune,Government Scheme,2024-02-11
P05368,Sneha Patil,76,Female,Nagpur,Private Insurance,2024-06-13
P05369,Meera Mehta,42,Male,Nashik,Self Pay,2024-07-30
P05370,Rahul Khan,76,Female,Nashik,Private Insurance,2024-12-09
P05371,Vikram Deshmukh,56,Male,Amravati,Government Scheme,2024-10-07
P05372,Rahul Gupta,48,Female,Amravati,Corporate Insurance,2024-05-08
P05373,Aarav Verma,41,Female,Nashik,Private Insurance,2025-12-21
P05374,Aditi Deshmukh,30,Male,Jabalpur,Private Insurance,2024-11-05
P05375,Aarav Gupta,43,Female,Jabalpur,Private Insurance,2024-06-10
P05376,Aditi Khan,59,Male,Wardha,Self Pay,2024-10-15
P05377,Isha Khan,42,Female,Pune,Private Insurance,2025-06-27
P05378,Aarav Joshi,36,Female,Wardha,Government Scheme,2025-12-03
P05379,Kavya Khan,37,Male,Mumbai,Private Insurance,2024-11-20
P05380,Diya Joshi,61,Female,Chandrapur,Self Pay,2025-01-30
P05381,Rohan Sharma,65,Male,Mumbai,Corporate Insurance,2024-08-07
P05382,Riya Deshmukh,29,Male,Jabalpur,Private Insurance,2025-05-23
P05383,Kavya Gupta,29,Male,Nagpur,Self Pay,2025-05-16
P05384,Nisha Sharma,49,Female,Jabalpur,Private Insurance,2024-05-07
P05385,Isha Patil,71,Female,Akola,Private Insurance,2025-02-04
P05386,Aarav Gupta,64,Female,Nagpur,Government Scheme,2025-12-29
P05387,Priya Reddy,18,Male,Nagpur,Private Insurance,2024-06-19
P05388,Arjun Singh,37,Female,Akola,Corporate Insurance,2024-12-29
P05389,Kavya Rao,24,Female,Nagpur,Self Pay,2025-05-05
P05390,Rahul Sharma,37,Male,Nagpur,Corporate Insurance,2024-02-24
P05391,Aditi Reddy,72,Female,Bhandara,Private Insurance,2025-01-15
P05392,Rahul Deshmukh,15,Male,Nagpur,Self Pay,2025-03-20
P05393,Isha Joshi,11,Female,Amravati,Government Scheme,2025-02-01
P05394,Meera Patil,26,Male,Pune,Private Insurance,2024-08-20
P05395,Nisha Shah,47,Male,Nagpur,Self Pay,2025-08-10
P05396,Aditya Joshi,54,Female,Chandrapur,Corporate Insurance,2024-08-02
P05397,Neha Jain,50,Male,Nagpur,Corporate Insurance,2025-01-07
P05398,Aditya Jain,64,Male,Mumbai,Corporate Insurance,2024-08-19
P05399,Nisha Verma,9,Female,Amravati,Private Insurance,2025-09-14
P05400,Priya Jain,65,Male,Pune,Corporate Insurance,2024-11-24
P05401,Nisha Deshmukh,36,Male,Nashik,Corporate Insurance,2024-10-08
P05402,Riya Sharma,56,Male,Mumbai,Self Pay,2024-07-28
P05403,Meera Deshmukh,17,Male,Wardha,Private Insurance,2025-01-26
P05404,Aditya Joshi,42,Female,Wardha,Government Scheme,2025-07-22
P05405,Arjun Sharma,46,Female,Nagpur,Private Insurance,2025-03-31
P05406,Karan Patil,64,Female,Bhandara,Private Insurance,2024-05-10
P05407,Vikram Verma,12,Female,Bhandara,Corporate Insurance,2024-01-15
P05408,Isha Mehta,43,Female,Chandrapur,Corporate Insurance,2024-04-13
P05409,Aditya Mehta,21,Female,Nagpur,Corporate Insurance,2025-10-12
P05410,Isha Rao,52,Female,Bhandara,Private Insurance,2024-03-17
P05411,Ananya Patil,57,Male,Wardha,Government Scheme,2024-05-09
P05412,Rohan Sharma,66,Female,Chandrapur,Government Scheme,2024-10-26
P05413,Riya Pawar,32,Male,Akola,Government Scheme,2024-05-16
P05414,Riya Singh,60,Male,Amravati,Government Scheme,2024-03-23
P05415,Nisha Joshi,68,Male,Wardha,Corporate Insurance,2024-05-16
P05416,Karan Jain,11,Female,Amravati,Self Pay,2024-01-19
P05417,Kavya Rao,54,Male,Nashik,Self Pay,2025-01-11
P05418,Riya Verma,60,Male,Pune,Private Insurance,2024-08-02
P05419,Neha Rao,37,Male,Nagpur,Government Scheme,2024-07-29
P05420,Rahul Patil,19,Female,Nagpur,Government Scheme,2025-12-16
P05421,Isha Kulkarni,60,Female,Akola,Self Pay,2025-10-31
P05422,Neha Deshmukh,19,Male,Nashik,Corporate Insurance,2024-01-08
P05423,Ananya Pawar,39,Female,Nagpur,Private Insurance,2025-10-24
P05424,Meera Patil,41,Male,Amravati,Private Insurance,2024-02-16
P05425,Aditya Kulkarni,56,Male,Nagpur,Corporate Insurance,2025-03-04
P05426,Vikram Deshmukh,30,Male,Nashik,Government Scheme,2025-03-01
P05427,Kavya Shah,29,Male,Nagpur,Government Scheme,2025-03-27
P05428,Meera Khan,44,Male,Nashik,Corporate Insurance,2024-12-29
P05429,Sneha Gupta,61,Male,Akola,Self Pay,2025-05-01
P05430,Aarav Pawar,85,Male,Pune,Self Pay,2024-03-17
P05431,Rohan Rao,13,Female,Jabalpur,Private Insurance,2024-11-24
P05432,Riya Reddy,48,Male,Wardha,Government Scheme,2025-10-15
P05433,Pooja Rao,21,Male,Akola,Government Scheme,2025-02-13
P05434,Aditi Deshmukh,61,Male,Akola,Government Scheme,2025-05-07
P05435,Priya Kulkarni,24,Female,Pune,Government Scheme,2024-02-18
P05436,Aarav Jain,29,Female,Wardha,Private Insurance,2024-12-27
P05437,Aditya Reddy,31,Male,Nagpur,Private Insurance,2024-03-13
P05438,Neha Joshi,41,Female,Jabalpur,Government Scheme,2025-01-31
P05439,Aarav Rao,48,Male,Nagpur,Government Scheme,2024-09-07
P05440,Kavya Shah,51,Male,Jabalpur,Private Insurance,2025-08-04
P05441,Kavya Jain,42,Female,Nagpur,Corporate Insurance,2025-07-27
P05442,Priya Kulkarni,17,Female,Wardha,Private Insurance,2024-03-12
P05443,Aarav Verma,56,Male,Jabalpur,Government Scheme,2024-09-28
P05444,Karan Patil,41,Female,Akola,Self Pay,2025-11-12
P05445,Sneha Deshmukh,64,Male,Bhandara,Self Pay,2024-01-11
P05446,Rahul Singh,29,Male,Nagpur,Private Insurance,2024-03-23
P05447,Isha Pawar,12,Male,Nagpur,Private Insurance,2025-11-13
P05448,Riya Shah,41,Female,Nagpur,Private Insurance,2024-11-30
P05449,Priya Singh,67,Female,Bhandara,Private Insurance,2025-03-27
P05450,Aditya Kulkarni,45,Male,Amravati,Private Insurance,2024-06-29
P05451,Isha Deshmukh,38,Female,Nagpur,Government Scheme,2024-10-30
P05452,Aditya Joshi,25,Female,Amravati,Government Scheme,2025-04-30
P05453,Ananya Shah,75,Male,Jabalpur,Private Insurance,2024-08-14
P05454,Rohan Gupta,22,Female,Pune,Self Pay,2025-09-05
P05455,Rahul Reddy,28,Female,Amravati,Private Insurance,2025-11-06
P05456,Neha Rao,53,Male,Jabalpur,Corporate Insurance,2025-03-26
P05457,Priya Pawar,7,Female,Wardha,Government Scheme,2024-07-10
P05458,Diya Joshi,66,Female,Amravati,Government Scheme,2024-06-12
P05459,Arjun Jain,54,Female,Amravati,Private Insurance,2024-01-18
P05460,Vikram Deshmukh,59,Male,Mumbai,Government Scheme,2025-07-22
P05461,Ananya Kulkarni,53,Male,Nagpur,Government Scheme,2025-10-17
P05462,Neha Rao,39,Male,Nagpur,Corporate Insurance,2025-11-19
P05463,Aditi Reddy,22,Male,Jabalpur,Private Insurance,2025-12-14
P05464,Kavya Reddy,39,Female,Nashik,Government Scheme,2024-04-27
P05465,Sneha Patil,23,Male,Nashik,Self Pay,2025-05-24
P05466,Rohan Shah,51,Female,Nashik,Government Scheme,2024-07-04
P05467,Pooja Jain,57,Male,Akola,Government Scheme,2024-05-07
P05468,Riya Deshmukh,70,Male,Nagpur,Corporate Insurance,2025-01-21
P05469,Meera Jain,49,Female,Nashik,Private Insurance,2025-05-08
P05470,Vikram Gupta,60,Male,Nagpur,Private Insurance,2025-06-24
P05471,Neha Reddy,36,Male,Nagpur,Corporate Insurance,2024-12-24
P05472,Diya Shah,33,Female,Jabalpur,Private Insurance,2024-04-02
P05473,Vivaan Joshi,51,Male,Nagpur,Self Pay,2024-02-19
P05474,Vivaan Reddy,35,Male,Nagpur,Private Insurance,2024-02-06
P05475,Kavya Khan,47,Female,Nagpur,Private Insurance,2025-07-13
P05476,Rohan Shah,22,Female,Pune,Private Insurance,2025-02-17
P05477,Aarav Rao,25,Male,Jabalpur,Corporate Insurance,2024-09-06
P05478,Vivaan Singh,54,Female,Nagpur,Private Insurance,2025-08-04
P05479,Diya Pawar,59,Female,Amravati,Private Insurance,2024-09-17
P05480,Vivaan Gupta,23,Male,Nashik,Private Insurance,2024-08-05
P05481,Kavya Mehta,55,Male,Chandrapur,Private Insurance,2025-08-12
P05482,Ananya Pawar,32,Female,Nagpur,Private Insurance,2025-03-01
P05483,Kavya Singh,42,Female,Nagpur,Corporate Insurance,2025-05-09
P05484,Ananya Rao,69,Male,Chandrapur,Self Pay,2025-08-09
P05485,Aditi Verma,57,Female,Nagpur,Private Insurance,2024-08-16
P05486,Aarav Jain,57,Male,Nashik,Private Insurance,2024-01-22
P05487,Aditya Mehta,78,Male,Nagpur,Private Insurance,2025-04-29
P05488,Pooja Sharma,29,Female,Pune,Private Insurance,2024-09-02
P05489,Isha Khan,23,Male,Akola,Private Insurance,2025-12-09
P05490,Vivaan Mehta,28,Male,Chandrapur,Corporate Insurance,2024-08-09
P05491,Aditya Pawar,37,Male,Nashik,Private Insurance,2025-08-05
P05492,Aarav Patil,1,Female,Nagpur,Government Scheme,2025-06-11
P05493,Sneha Patil,38,Female,Nagpur,Self Pay,2025-05-31
P05494,Riya Sharma,32,Male,Bhandara,Private Insurance,2025-05-01
P05495,Priya Gupta,57,Male,Nashik,Self Pay,2024-02-24
P05496,Priya Singh,49,Other,Pune,Self Pay,2025-08-26
P05497,Priya Pawar,31,Female,Amravati,Private Insurance,2024-07-15
P05498,Aditi Kulkarni,53,Male,Pune,Corporate Insurance,2025-02-04
P05499,Riya Shah,56,Female,Nagpur,Private Insurance,2024-07-06
P05500,Priya Khan,27,Male,Nagpur,Private Insurance,2024-06-15
P05501,Vikram Reddy,33,Male,Nagpur,Self Pay,2024-10-04
P05502,Rahul Mehta,1,Male,Mumbai,Self Pay,2024-11-12
P05503,Arjun Khan,21,Female,Bhandara,Private Insurance,2025-10-25
P05504,Kavya Verma,28,Male,Wardha,Private Insurance,2024-10-16
P05505,Rahul Rao,43,Female,Nashik,Corporate Insurance,2025-11-22
P05506,Priya Mehta,24,Male,Nagpur,Self Pay,2025-05-02
P05507,Nisha Rao,32,Male,Nagpur,Government Scheme,2025-04-09
P05508,Kavya Singh,19,Male,Nagpur,Government Scheme,2025-11-27
P05509,Nisha Verma,45,Male,Nagpur,Government Scheme,2025-12-25
P05510,Isha Shah,50,Male,Wardha,Self Pay,2024-11-30
P05511,Karan Verma,50,Female,Nagpur,Private Insurance,2024-10-16
P05512,Aditi Gupta,42,Female,Pune,Private Insurance,2025-04-11
P05513,Aditya Shah,13,Male,Pune,Government Scheme,2024-05-29
P05514,Vikram Rao,30,Male,Mumbai,Self Pay,2024-05-09
P05515,Pooja Kulkarni,34,Male,Nagpur,Self Pay,2024-08-16
P05516,Kavya Shah,34,Female,Wardha,Government Scheme,2025-02-23
P05517,Rohan Singh,43,Female,Nagpur,Government Scheme,2025-12-29
P05518,Priya Verma,69,Male,Nagpur,Private Insurance,2025-06-15
P05519,Arjun Sharma,57,Male,Chandrapur,Self Pay,2024-08-12
P05520,Vikram Khan,23,Male,Amravati,Corporate Insurance,2025-07-11
P05521,Kavya Verma,55,Female,Akola,Self Pay,2025-01-11
P05522,Neha Joshi,54,Female,Pune,Corporate Insurance,2025-12-11
P05523,Arjun Pawar,27,Female,Nagpur,Corporate Insurance,2025-03-23
P05524,Karan Deshmukh,58,Female,Mumbai,Private Insurance,2025-12-21
P05525,Rohan Verma,39,Male,Nagpur,Government Scheme,2025-07-21
P05526,Karan Kulkarni,15,Female,Jabalpur,Government Scheme,2025-01-11
P05527,Riya Rao,51,Female,Chandrapur,Government Scheme,2025-07-25
P05528,Meera Joshi,46,Other,Nagpur,Self Pay,2025-09-20
P05529,Arjun Kulkarni,38,Female,Amravati,Private Insurance,2024-05-31
P05530,Neha Kulkarni,41,Male,Nagpur,Private Insurance,2025-06-22
P05531,Aditya Khan,28,Female,Pune,Private Insurance,2025-12-24
P05532,Karan Kulkarni,54,Female,Nagpur,Private Insurance,2025-01-17
P05533,Riya Jain,41,Female,Pune,Government Scheme,2024-11-27
P05534,Isha Mehta,45,Male,Nagpur,Private Insurance,2024-01-22
P05535,Rohan Verma,49,Female,Jabalpur,Private Insurance,2025-06-23
P05536,Rahul Mehta,20,Male,Nagpur,Government Scheme,2025-12-14
P05537,Kavya Joshi,25,Male,Akola,Government Scheme,2025-03-25
P05538,Arjun Mehta,1,Female,Pune,Government Scheme,2025-12-05
P05539,Diya Singh,53,Male,Nagpur,Private Insurance,2024-04-09
P05540,Arjun Pawar,19,Female,Nagpur,Corporate Insurance,2025-01-13
P05541,Neha Shah,45,Female,Bhandara,Private Insurance,2025-07-20
P05542,Kavya Pawar,49,Male,Akola,Self Pay,2024-09-08
P05543,Isha Joshi,53,Female,Pune,Corporate Insurance,2025-09-02
P05544,Neha Kulkarni,19,Other,Nagpur,Corporate Insurance,2024-03-22
P05545,Priya Singh,41,Male,Mumbai,Government Scheme,2025-09-20
P05546,Vikram Gupta,74,Female,Mumbai,Private Insurance,2024-02-10
P05547,Karan Gupta,75,Female,Nashik,Self Pay,2024-03-07
P05548,Kavya Gupta,61,Male,Nagpur,Government Scheme,2025-08-09
P05549,Aditya Mehta,48,Male,Nagpur,Self Pay,2025-12-08
P05550,Rohan Gupta,23,Female,Jabalpur,Private Insurance,2024-10-25
P05551,Rohan Pawar,56,Male,Nashik,Corporate Insurance,2024-06-09
P05552,Rahul Rao,39,Female,Chandrapur,Corporate Insurance,2025-02-14
P05553,Ananya Sharma,53,Other,Mumbai,Self Pay,2024-07-26
P05554,Meera Joshi,30,Female,Nagpur,Corporate Insurance,2024-08-08
P05555,Vikram Reddy,39,Female,Nashik,Government Scheme,2024-01-02
P05556,Arjun Khan,45,Male,Chandrapur,Private Insurance,2025-03-24
P05557,Neha Gupta,47,Male,Pune,Self Pay,2024-04-25
P05558,Ananya Patil,51,Male,Nashik,Self Pay,2025-07-07
P05559,Diya Kulkarni,31,Male,Wardha,Government Scheme,2024-05-31
P05560,Meera Jain,16,Female,Nagpur,Private Insurance,2025-10-13
P05561,Nisha Shah,73,Female,Mumbai,Government Scheme,2025-05-14
P05562,Riya Mehta,89,Male,Nashik,Private Insurance,2024-12-28
P05563,Karan Verma,51,Female,Amravati,Self Pay,2024-11-04
P05564,Isha Kulkarni,17,Male,Jabalpur,Corporate Insurance,2024-08-07
P05565,Vikram Patil,27,Female,Nagpur,Private Insurance,2024-02-20
P05566,Pooja Kulkarni,52,Male,Amravati,Self Pay,2024-02-26
P05567,Arjun Mehta,67,Male,Jabalpur,Private Insurance,2025-02-18
P05568,Nisha Deshmukh,19,Male,Akola,Government Scheme,2025-09-15
P05569,Isha Singh,40,Female,Mumbai,Corporate Insurance,2025-05-21
P05570,Rohan Verma,46,Other,Mumbai,Private Insurance,2025-09-15
P05571,Vikram Gupta,58,Male,Bhandara,Private Insurance,2025-06-23
P05572,Neha Sharma,35,Male,Nagpur,Corporate Insurance,2024-09-14
P05573,Neha Kulkarni,12,Male,Pune,Private Insurance,2025-11-13
P05574,Pooja Rao,54,Female,Wardha,Private Insurance,2024-05-31
P05575,Ananya Deshmukh,63,Female,Bhandara,Government Scheme,2024-07-18
P05576,Ananya Joshi,40,Female,Bhandara,Private Insurance,2025-05-06
P05577,Isha Joshi,50,Male,Nagpur,Private Insurance,2024-01-28
P05578,Aarav Pawar,33,Male,Nagpur,Self Pay,2025-07-06
P05579,Karan Deshmukh,26,Female,Chandrapur,Government Scheme,2024-08-08
P05580,Aarav Rao,62,Male,Pune,Private Insurance,2025-06-10
P05581,Kavya Khan,49,Female,Wardha,Self Pay,2025-06-23
P05582,Vikram Singh,51,Male,Nagpur,Private Insurance,2024-02-22
P05583,Isha Sharma,71,Female,Amravati,Government Scheme,2024-08-27
P05584,Nisha Kulkarni,22,Female,Nashik,Corporate Insurance,2025-12-19
P05585,Diya Mehta,32,Female,Nagpur,Self Pay,2025-11-10
P05586,Sneha Kulkarni,45,Male,Bhandara,Government Scheme,2025-02-01
P05587,Riya Jain,31,Male,Akola,Government Scheme,2024-11-07
P05588,Meera Khan,57,Female,Amravati,Self Pay,2025-03-20
P05589,Arjun Reddy,38,Male,Chandrapur,Government Scheme,2025-06-16
P05590,Riya Gupta,23,Male,Mumbai,Private Insurance,2024-02-03
P05591,Aarav Mehta,43,Female,Nagpur,Government Scheme,2024-08-19
P05592,Isha Joshi,45,Male,Nagpur,Private Insurance,2024-01-09
P05593,Aditi Pawar,60,Female,Nagpur,Corporate Insurance,2025-01-04
P05594,Rohan Singh,49,Male,Nashik,Self Pay,2024-04-02
P05595,Pooja Shah,51,Male,Mumbai,Private Insurance,2025-10-16
P05596,Neha Patil,48,Female,Akola,Private Insurance,2024-10-12
P05597,Rahul Shah,38,Male,Jabalpur,Corporate Insurance,2025-10-07
P05598,Aditya Deshmukh,28,Female,Akola,Private Insurance,2025-11-20
P05599,Isha Kulkarni,47,Male,Nagpur,Self Pay,2024-07-17
P05600,Vikram Sharma,36,Male,Nagpur,Self Pay,2025-06-15
P05601,Vikram Kulkarni,74,Female,Akola,Corporate Insurance,2024-02-05
P05602,Aditi Gupta,68,Male,Akola,Private Insurance,2025-12-30
P05603,Isha Sharma,54,Female,Bhandara,Self Pay,2025-07-05
P05604,Arjun Singh,49,Male,Bhandara,Private Insurance,2025-05-11
P05605,Diya Verma,40,Male,Amravati,Corporate Insurance,2025-02-27
P05606,Vikram Pawar,18,Male,Amravati,Private Insurance,2024-03-13
P05607,Ananya Reddy,38,Male,Chandrapur,Government Scheme,2024-07-09
P05608,Rohan Mehta,44,Male,Nashik,Government Scheme,2025-05-21
P05609,Nisha Kulkarni,46,Female,Pune,Corporate Insurance,2024-06-04
P05610,Arjun Kulkarni,51,Female,Nagpur,Private Insurance,2025-04-13
P05611,Nisha Kulkarni,60,Male,Pune,Private Insurance,2025-08-29
P05612,Priya Gupta,29,Female,Nagpur,Self Pay,2025-10-09
P05613,Meera Verma,29,Female,Nagpur,Private Insurance,2024-02-18
P05614,Rahul Deshmukh,70,Female,Pune,Private Insurance,2025-02-01
P05615,Neha Reddy,57,Other,Jabalpur,Private Insurance,2024-04-05
P05616,Vikram Sharma,35,Male,Mumbai,Corporate Insurance,2024-06-28
P05617,Ananya Gupta,40,Female,Nagpur,Government Scheme,2025-10-04
P05618,Priya Deshmukh,40,Female,Nagpur,Self Pay,2025-06-18
P05619,Pooja Sharma,43,Male,Nashik,Corporate Insurance,2025-05-08
P05620,Vikram Deshmukh,51,Female,Pune,Self Pay,2025-07-03
P05621,Riya Shah,90,Male,Wardha,Government Scheme,2024-03-27
P05622,Nisha Pawar,46,Male,Nagpur,Private Insurance,2025-01-10
P05623,Pooja Reddy,55,Male,Wardha,Self Pay,2024-06-16
P05624,Kavya Khan,10,Female,Nagpur,Self Pay,2024-03-10
P05625,Pooja Mehta,33,Male,Nagpur,Private Insurance,2025-10-29
P05626,Neha Pawar,65,Other,Chandrapur,Corporate Insurance,2024-10-29
P05627,Isha Joshi,50,Female,Nagpur,Private Insurance,2024-05-27
P05628,Meera Mehta,1,Male,Akola,Government Scheme,2025-09-05
P05629,Riya Kulkarni,55,Female,Chandrapur,Government Scheme,2025-05-30
P05630,Diya Jain,78,Male,Amravati,Corporate Insurance,2024-08-09
P05631,Aditi Sharma,4,Male,Amravati,Private Insurance,2025-08-19
P05632,Sneha Shah,71,Female,Mumbai,Private Insurance,2025-06-18
P05633,Rohan Gupta,1,Female,Bhandara,Government Scheme,2024-07-14
P05634,Aditi Verma,60,Female,Mumbai,Corporate Insurance,2024-07-04
P05635,Isha Khan,42,Female,Amravati,Government Scheme,2024-05-05
P05636,Rahul Mehta,1,Male,Chandrapur,Private Insurance,2024-08-27
P05637,Vivaan Mehta,50,Female,Jabalpur,Corporate Insurance,2024-07-28
P05638,Neha Mehta,64,Male,Nagpur,Self Pay,2024-09-03
P05639,Vivaan Mehta,49,Female,Nagpur,Private Insurance,2024-05-26
P05640,Rahul Mehta,53,Male,Mumbai,Private Insurance,2024-04-08
P05641,Vikram Khan,34,Male,Amravati,Government Scheme,2025-06-02
P05642,Aditi Jain,7,Male,Nagpur,Government Scheme,2024-09-13
P05643,Vivaan Joshi,55,Male,Jabalpur,Private Insurance,2024-03-14
P05644,Aditya Rao,75,Other,Nagpur,Government Scheme,2025-06-12
P05645,Karan Kulkarni,63,Male,Chandrapur,Corporate Insurance,2024-06-16
P05646,Meera Joshi,4,Male,Pune,Self Pay,2024-10-19
P05647,Vikram Shah,13,Female,Pune,Government Scheme,2025-09-06
P05648,Aarav Mehta,26,Female,Wardha,Private Insurance,2024-08-06
P05649,Nisha Khan,12,Female,Nagpur,Private Insurance,2024-05-14
P05650,Ananya Deshmukh,43,Male,Pune,Corporate Insurance,2025-05-26
P05651,Karan Shah,49,Male,Pune,Self Pay,2024-02-28
P05652,Arjun Jain,15,Male,Nagpur,Private Insurance,2025-01-11
P05653,Diya Khan,57,Male,Amravati,Self Pay,2025-08-20
P05654,Isha Deshmukh,53,Female,Wardha,Private Insurance,2024-11-14
P05655,Neha Jain,32,Male,Nagpur,Private Insurance,2024-04-25
P05656,Ananya Khan,39,Female,Pune,Private Insurance,2025-08-04
P05657,Aditi Joshi,5,Female,Mumbai,Corporate Insurance,2025-06-15
P05658,Riya Verma,36,Male,Nagpur,Self Pay,2024-10-05
P05659,Aarav Shah,42,Female,Mumbai,Government Scheme,2024-04-20
P05660,Kavya Khan,45,Male,Pune,Government Scheme,2025-02-01
P05661,Karan Rao,49,Male,Nashik,Corporate Insurance,2025-07-22
P05662,Aditi Rao,47,Male,Jabalpur,Private Insurance,2024-01-24
P05663,Meera Khan,37,Female,Nagpur,Private Insurance,2024-12-22
P05664,Isha Shah,47,Female,Mumbai,Corporate Insurance,2024-09-04
P05665,Isha Patil,61,Female,Nagpur,Corporate Insurance,2024-09-20
P05666,Arjun Pawar,40,Male,Wardha,Private Insurance,2024-06-21
P05667,Ananya Kulkarni,48,Female,Bhandara,Private Insurance,2025-04-19
P05668,Nisha Khan,38,Female,Nagpur,Self Pay,2025-10-08
P05669,Vivaan Rao,30,Male,Nashik,Private Insurance,2024-03-09
P05670,Riya Deshmukh,52,Male,Wardha,Government Scheme,2024-01-16
P05671,Riya Gupta,31,Male,Wardha,Self Pay,2024-10-14
P05672,Vikram Pawar,49,Female,Bhandara,Government Scheme,2025-05-26
P05673,Nisha Gupta,43,Male,Nagpur,Government Scheme,2024-02-26
P05674,Meera Deshmukh,36,Female,Nagpur,Self Pay,2025-07-06
P05675,Vivaan Pawar,36,Female,Nagpur,Corporate Insurance,2025-06-11
P05676,Rohan Sharma,32,Female,Jabalpur,Self Pay,2024-08-30
P05677,Aarav Gupta,11,Male,Nashik,Government Scheme,2024-08-29
P05678,Rohan Rao,49,Male,Bhandara,Corporate Insurance,2024-07-06
P05679,Diya Kulkarni,46,Female,Chandrapur,Government Scheme,2025-06-02
P05680,Arjun Patil,58,Male,Chandrapur,Private Insurance,2024-04-30
P05681,Rahul Mehta,32,Male,Nagpur,Private Insurance,2024-08-31
P05682,Priya Deshmukh,78,Female,Nagpur,Private Insurance,2024-07-21
P05683,Aarav Joshi,35,Male,Bhandara,Private Insurance,2024-09-30
P05684,Rahul Rao,25,Female,Nagpur,Self Pay,2025-10-29
P05685,Arjun Jain,23,Female,Mumbai,Private Insurance,2024-01-19
P05686,Vikram Verma,9,Male,Nagpur,Government Scheme,2024-02-01
P05687,Rohan Singh,71,Female,Bhandara,Corporate Insurance,2024-10-25
P05688,Neha Kulkarni,68,Male,Amravati,Private Insurance,2024-11-29
P05689,Nisha Reddy,53,Female,Nashik,Government Scheme,2025-12-27
P05690,Pooja Pawar,25,Male,Jabalpur,Corporate Insurance,2024-07-11
P05691,Isha Singh,76,Male,Amravati,Private Insurance,2025-02-12
P05692,Meera Deshmukh,35,Male,Nagpur,Private Insurance,2025-05-22
P05693,Neha Joshi,37,Male,Akola,Private Insurance,2025-05-24
P05694,Sneha Sharma,69,Male,Nagpur,Self Pay,2024-08-31
P05695,Aarav Pawar,55,Female,Nagpur,Government Scheme,2025-09-12
P05696,Pooja Pawar,84,Female,Akola,Corporate Insurance,2024-09-09
P05697,Arjun Verma,47,Male,Nagpur,Self Pay,2024-11-11
P05698,Ananya Joshi,34,Male,Nagpur,Government Scheme,2024-02-12
P05699,Aditi Shah,30,Female,Amravati,Corporate Insurance,2025-12-28
P05700,Riya Patil,7,Male,Wardha,Private Insurance,2025-10-26
P05701,Diya Mehta,37,Female,Mumbai,Self Pay,2024-06-28
P05702,Rahul Mehta,64,Female,Nagpur,Self Pay,2025-01-15
P05703,Pooja Pawar,53,Male,Amravati,Self Pay,2025-09-02
P05704,Aarav Reddy,42,Male,Akola,Government Scheme,2024-02-20
P05705,Diya Singh,23,Male,Pune,Private Insurance,2025-05-07
P05706,Neha Kulkarni,46,Female,Amravati,Self Pay,2025-07-02
P05707,Arjun Pawar,61,Female,Chandrapur,Government Scheme,2025-04-13
P05708,Meera Patil,50,Male,Chandrapur,Self Pay,2025-07-23
P05709,Arjun Joshi,45,Female,Nagpur,Corporate Insurance,2024-06-12
P05710,Vikram Pawar,27,Male,Nagpur,Government Scheme,2024-12-02
P05711,Priya Patil,58,Female,Akola,Corporate Insurance,2025-04-07
P05712,Riya Mehta,1,Female,Nagpur,Private Insurance,2025-12-15
P05713,Vivaan Deshmukh,49,Female,Nagpur,Private Insurance,2024-02-12
P05714,Kavya Shah,90,Female,Bhandara,Private Insurance,2024-06-13
P05715,Ananya Kulkarni,13,Female,Nagpur,Private Insurance,2024-08-26
P05716,Aditi Deshmukh,37,Male,Nagpur,Government Scheme,2025-09-08
P05717,Nisha Joshi,42,Male,Wardha,Private Insurance,2025-07-12
P05718,Riya Kulkarni,33,Female,Mumbai,Self Pay,2025-09-09
P05719,Pooja Patil,62,Male,Nashik,Corporate Insurance,2025-04-15
P05720,Vikram Deshmukh,51,Female,Nagpur,Self Pay,2025-01-15
P05721,Meera Sharma,45,Female,Nagpur,Government Scheme,2024-10-19
P05722,Vikram Kulkarni,57,Male,Jabalpur,Corporate Insurance,2025-01-29
P05723,Diya Mehta,42,Male,Chandrapur,Self Pay,2024-03-15
P05724,Priya Mehta,90,Male,Akola,Self Pay,2024-03-22
P05725,Isha Gupta,45,Female,Nagpur,Private Insurance,2024-02-21
P05726,Rahul Khan,46,Female,Nagpur,Self Pay,2024-04-07
P05727,Nisha Rao,10,Male,Nagpur,Private Insurance,2024-08-28
P05728,Rohan Shah,32,Male,Pune,Private Insurance,2024-11-04
P05729,Priya Reddy,64,Male,Mumbai,Private Insurance,2025-12-23
P05730,Karan Jain,17,Male,Nagpur,Self Pay,2025-11-01
P05731,Kavya Deshmukh,1,Female,Akola,Private Insurance,2025-07-16
P05732,Karan Shah,43,Male,Mumbai,Government Scheme,2024-06-05
P05733,Kavya Reddy,68,Male,Mumbai,Government Scheme,2025-01-20
P05734,Arjun Deshmukh,43,Female,Wardha,Private Insurance,2024-12-12
P05735,Vikram Sharma,36,Female,Nagpur,Private Insurance,2025-04-01
P05736,Isha Verma,7,Male,Jabalpur,Corporate Insurance,2024-02-16
P05737,Vikram Sharma,51,Female,Nagpur,Corporate Insurance,2024-02-15
P05738,Rohan Patil,55,Male,Nagpur,Corporate Insurance,2024-08-06
P05739,Rohan Shah,8,Male,Nagpur,Self Pay,2024-02-28
P05740,Rohan Jain,64,Female,Bhandara,Private Insurance,2024-09-28
P05741,Diya Joshi,57,Male,Nagpur,Private Insurance,2024-10-10
P05742,Priya Mehta,64,Male,Bhandara,Government Scheme,2025-12-03
P05743,Diya Rao,53,Female,Jabalpur,Corporate Insurance,2025-05-08
P05744,Vikram Shah,54,Male,Wardha,Private Insurance,2024-05-20
P05745,Ananya Rao,52,Female,Jabalpur,Private Insurance,2025-03-05
P05746,Sneha Pawar,59,Male,Mumbai,Self Pay,2024-03-14
P05747,Vikram Sharma,7,Female,Pune,Government Scheme,2025-12-11
P05748,Nisha Patil,13,Female,Chandrapur,Government Scheme,2024-02-09
P05749,Sneha Kulkarni,28,Male,Mumbai,Corporate Insurance,2024-06-13
P05750,Neha Reddy,40,Female,Bhandara,Government Scheme,2025-01-16
P05751,Arjun Patil,49,Female,Nagpur,Corporate Insurance,2025-05-15
P05752,Vikram Pawar,48,Female,Mumbai,Private Insurance,2025-01-14
P05753,Vivaan Mehta,63,Male,Wardha,Government Scheme,2025-11-15
P05754,Priya Rao,64,Male,Mumbai,Private Insurance,2024-05-22
P05755,Rahul Reddy,25,Female,Amravati,Private Insurance,2025-12-30
P05756,Vikram Patil,47,Female,Nagpur,Private Insurance,2024-06-29
P05757,Kavya Patil,26,Female,Nashik,Private Insurance,2025-06-17
P05758,Sneha Joshi,38,Male,Chandrapur,Private Insurance,2024-08-20
P05759,Neha Verma,48,Female,Amravati,Government Scheme,2025-05-13
P05760,Vivaan Mehta,1,Male,Mumbai,Private Insurance,2024-01-07
P05761,Vikram Singh,88,Female,Wardha,Private Insurance,2025-06-09
P05762,Aarav Rao,53,Male,Nagpur,Government Scheme,2025-08-19
P05763,Priya Shah,31,Male,Akola,Private Insurance,2024-09-05
P05764,Nisha Shah,79,Female,Nagpur,Private Insurance,2025-07-18
P05765,Karan Verma,35,Male,Wardha,Corporate Insurance,2025-01-23
P05766,Neha Shah,45,Female,Nagpur,Government Scheme,2024-08-21
P05767,Meera Jain,33,Male,Nagpur,Self Pay,2025-03-01
P05768,Neha Khan,73,Female,Jabalpur,Private Insurance,2025-02-23
P05769,Priya Jain,40,Female,Nagpur,Government Scheme,2024-09-06
P05770,Sneha Mehta,45,Female,Nashik,Private Insurance,2024-08-27
P05771,Priya Sharma,65,Female,Chandrapur,Government Scheme,2024-11-21
P05772,Nisha Joshi,53,Male,Nagpur,Self Pay,2024-01-20
P05773,Sneha Singh,41,Male,Mumbai,Corporate Insurance,2025-02-23
P05774,Neha Shah,63,Female,Nagpur,Government Scheme,2025-03-06
P05775,Diya Patil,90,Male,Wardha,Private Insurance,2025-01-28
P05776,Rohan Sharma,48,Male,Pune,Self Pay,2025-06-10
P05777,Nisha Rao,44,Female,Nashik,Government Scheme,2024-12-26
P05778,Aditya Mehta,45,Female,Nagpur,Government Scheme,2024-08-31
P05779,Neha Verma,67,Male,Pune,Government Scheme,2025-08-09
P05780,Arjun Singh,31,Female,Jabalpur,Government Scheme,2024-06-25
P05781,Aarav Deshmukh,37,Male,Wardha,Private Insurance,2024-01-07
P05782,Aditya Deshmukh,13,Female,Chandrapur,Government Scheme,2024-07-11
P05783,Aarav Gupta,20,Female,Amravati,Private Insurance,2025-06-06
P05784,Kavya Verma,32,Male,Amravati,Government Scheme,2024-09-11
P05785,Rohan Rao,41,Male,Wardha,Government Scheme,2024-05-02
P05786,Diya Sharma,76,Other,Nagpur,Government Scheme,2024-12-07
P05787,Meera Pawar,52,Female,Akola,Private Insurance,2024-05-19
P05788,Ananya Mehta,25,Male,Nagpur,Government Scheme,2025-07-05
P05789,Neha Sharma,28,Male,Nagpur,Government Scheme,2024-03-16
P05790,Vikram Pawar,68,Male,Amravati,Private Insurance,2024-05-25
P05791,Neha Gupta,63,Male,Nagpur,Private Insurance,2025-07-24
P05792,Ananya Joshi,43,Other,Bhandara,Private Insurance,2025-05-30
P05793,Priya Joshi,34,Male,Bhandara,Private Insurance,2024-06-27
P05794,Diya Mehta,63,Other,Nagpur,Government Scheme,2025-12-05
P05795,Nisha Shah,23,Male,Nagpur,Private Insurance,2024-02-16
P05796,Rohan Sharma,49,Male,Nagpur,Private Insurance,2024-05-11
P05797,Kavya Shah,85,Male,Chandrapur,Private Insurance,2024-06-15
P05798,Arjun Mehta,46,Male,Nagpur,Private Insurance,2025-01-05
P05799,Diya Khan,27,Female,Akola,Private Insurance,2025-01-08
P05800,Vivaan Rao,50,Female,Chandrapur,Corporate Insurance,2024-09-20
P05801,Karan Jain,33,Female,Amravati,Government Scheme,2024-06-19
P05802,Rahul Deshmukh,16,Male,Nagpur,Government Scheme,2025-03-14
P05803,Ananya Patil,55,Female,Nagpur,Private Insurance,2024-10-20
P05804,Isha Shah,63,Female,Nagpur,Corporate Insurance,2025-10-05
P05805,Vivaan Shah,36,Male,Nagpur,Government Scheme,2024-02-25
P05806,Meera Pawar,35,Female,Jabalpur,Government Scheme,2025-10-09
P05807,Vivaan Khan,24,Male,Nagpur,Self Pay,2025-08-20
P05808,Karan Joshi,39,Male,Nagpur,Private Insurance,2024-11-19
P05809,Riya Rao,31,Female,Pune,Corporate Insurance,2025-05-25
P05810,Aditya Kulkarni,23,Female,Mumbai,Private Insurance,2025-07-06
P05811,Rahul Khan,78,Male,Wardha,Self Pay,2025-10-07
P05812,Priya Shah,51,Male,Bhandara,Corporate Insurance,2025-01-08
P05813,Sneha Khan,53,Female,Nagpur,Government Scheme,2024-02-29
P05814,Nisha Rao,59,Female,Pune,Corporate Insurance,2025-07-17
P05815,Ananya Deshmukh,57,Male,Chandrapur,Private Insurance,2024-04-22
P05816,Nisha Shah,34,Male,Wardha,Government Scheme,2025-10-07
P05817,Riya Khan,47,Male,Nagpur,Private Insurance,2025-08-21
P05818,Isha Mehta,37,Female,Wardha,Private Insurance,2025-06-03
P05819,Pooja Singh,50,Other,Nashik,Government Scheme,2024-09-11
P05820,Isha Joshi,48,Male,Nagpur,Government Scheme,2024-02-14
P05821,Rohan Singh,35,Female,Wardha,Government Scheme,2024-11-10
P05822,Vikram Singh,17,Male,Nagpur,Private Insurance,2024-06-28
P05823,Sneha Sharma,45,Male,Nashik,Private Insurance,2025-12-11
P05824,Vivaan Singh,38,Male,Nagpur,Private Insurance,2025-07-27
P05825,Aditi Kulkarni,6,Male,Mumbai,Government Scheme,2024-05-16
P05826,Neha Verma,52,Female,Wardha,Private Insurance,2024-01-15
P05827,Rohan Joshi,60,Male,Wardha,Government Scheme,2025-11-02
P05828,Nisha Jain,90,Female,Amravati,Corporate Insurance,2025-01-13
P05829,Vikram Sharma,35,Male,Wardha,Corporate Insurance,2025-06-13
P05830,Riya Verma,32,Female,Nagpur,Government Scheme,2025-03-21
P05831,Rohan Khan,21,Female,Amravati,Private Insurance,2024-08-15
P05832,Aditya Joshi,46,Male,Nagpur,Government Scheme,2025-08-21
P05833,Isha Patil,46,Female,Amravati,Government Scheme,2024-06-09
P05834,Nisha Rao,27,Male,Pune,Private Insurance,2025-08-11
P05835,Kavya Pawar,39,Female,Nagpur,Corporate Insurance,2025-12-08
P05836,Isha Verma,4,Female,Pune,Private Insurance,2024-02-23
P05837,Aditya Deshmukh,60,Female,Mumbai,Private Insurance,2025-07-25
P05838,Aditya Sharma,27,Female,Akola,Government Scheme,2025-05-11
P05839,Sneha Jain,41,Female,Nagpur,Corporate Insurance,2025-07-13
P05840,Sneha Gupta,15,Female,Bhandara,Self Pay,2025-07-30
P05841,Aditya Deshmukh,31,Male,Pune,Private Insurance,2025-11-14
P05842,Kavya Reddy,37,Female,Amravati,Self Pay,2024-03-17
P05843,Vivaan Khan,42,Female,Nagpur,Corporate Insurance,2024-08-07
P05844,Riya Mehta,51,Female,Nagpur,Self Pay,2024-12-20
P05845,Rohan Singh,69,Female,Amravati,Private Insurance,2025-10-09
P05846,Kavya Reddy,56,Female,Nagpur,Government Scheme,2025-04-19
P05847,Neha Gupta,60,Female,Nagpur,Self Pay,2025-03-18
P05848,Neha Deshmukh,69,Male,Chandrapur,Private Insurance,2024-09-06
P05849,Vivaan Sharma,53,Male,Wardha,Government Scheme,2024-03-31
P05850,Isha Sharma,41,Male,Nagpur,Self Pay,2024-09-27
P05851,Aditya Mehta,61,Male,Mumbai,Government Scheme,2024-12-14
P05852,Ananya Singh,62,Male,Nagpur,Private Insurance,2024-03-16
P05853,Ananya Sharma,54,Female,Nagpur,Private Insurance,2024-04-27
P05854,Meera Patil,14,Female,Nagpur,Government Scheme,2025-07-19
P05855,Neha Khan,26,Male,Nagpur,Private Insurance,2024-06-27
P05856,Sneha Gupta,37,Female,Bhandara,Private Insurance,2024-06-22
P05857,Diya Jain,57,Female,Nagpur,Government Scheme,2024-03-15
P05858,Ananya Rao,42,Male,Pune,Private Insurance,2024-11-13
P05859,Neha Jain,64,Female,Mumbai,Government Scheme,2024-02-02
P05860,Neha Deshmukh,67,Female,Nagpur,Corporate Insurance,2025-01-11
P05861,Diya Singh,65,Male,Nashik,Government Scheme,2024-02-22
P05862,Isha Pawar,65,Female,Chandrapur,Private Insurance,2024-03-04
P05863,Nisha Mehta,22,Female,Pune,Private Insurance,2025-12-13
P05864,Rohan Joshi,51,Female,Nagpur,Government Scheme,2024-11-10
P05865,Aditya Khan,30,Female,Chandrapur,Government Scheme,2024-08-01
P05866,Diya Pawar,11,Male,Nagpur,Corporate Insurance,2024-04-21
P05867,Riya Kulkarni,37,Male,Nagpur,Government Scheme,2024-11-23
P05868,Priya Verma,67,Female,Mumbai,Private Insurance,2024-06-18
P05869,Kavya Sharma,51,Female,Nagpur,Private Insurance,2024-06-12
P05870,Meera Mehta,80,Female,Wardha,Government Scheme,2024-09-17
P05871,Sneha Patil,45,Male,Nagpur,Private Insurance,2024-04-07
P05872,Riya Gupta,89,Female,Mumbai,Government Scheme,2024-12-23
P05873,Isha Kulkarni,45,Female,Amravati,Private Insurance,2024-10-25
P05874,Karan Verma,42,Male,Nagpur,Government Scheme,2024-11-12
P05875,Nisha Singh,18,Male,Chandrapur,Government Scheme,2025-07-24
P05876,Aditi Verma,63,Male,Nagpur,Self Pay,2024-02-22
P05877,Rahul Kulkarni,32,Male,Nagpur,Private Insurance,2024-07-15
P05878,Priya Patil,30,Male,Akola,Corporate Insurance,2024-09-12
P05879,Vikram Shah,66,Male,Jabalpur,Government Scheme,2024-10-07
P05880,Vivaan Pawar,64,Male,Nashik,Self Pay,2024-01-29
P05881,Aditya Mehta,64,Female,Nagpur,Government Scheme,2024-07-04
P05882,Isha Deshmukh,35,Female,Nagpur,Self Pay,2024-07-02
P05883,Isha Gupta,41,Female,Pune,Self Pay,2025-10-29
P05884,Ananya Joshi,41,Other,Nagpur,Private Insurance,2024-03-03
P05885,Ananya Deshmukh,57,Male,Nashik,Private Insurance,2024-12-29
P05886,Rahul Gupta,72,Male,Wardha,Corporate Insurance,2024-05-02
P05887,Pooja Reddy,49,Female,Mumbai,Government Scheme,2025-12-12
P05888,Riya Gupta,80,Male,Amravati,Self Pay,2025-01-01
P05889,Vikram Verma,59,Female,Mumbai,Corporate Insurance,2024-08-25
P05890,Isha Rao,38,Female,Amravati,Private Insurance,2025-11-07
P05891,Rohan Khan,58,Male,Nashik,Corporate Insurance,2025-04-15
P05892,Rahul Gupta,74,Male,Nagpur,Private Insurance,2024-05-22
P05893,Isha Jain,80,Male,Bhandara,Private Insurance,2025-06-03
P05894,Kavya Singh,65,Female,Nagpur,Self Pay,2025-06-17
P05895,Priya Mehta,42,Female,Nagpur,Self Pay,2025-01-05
P05896,Priya Patil,38,Female,Amravati,Government Scheme,2024-02-01
P05897,Vivaan Pawar,53,Female,Nagpur,Private Insurance,2025-06-23
P05898,Aarav Khan,74,Male,Jabalpur,Government Scheme,2024-09-02
P05899,Pooja Rao,50,Female,Pune,Self Pay,2024-03-17
P05900,Aarav Singh,51,Female,Nashik,Self Pay,2024-10-20
P05901,Nisha Deshmukh,43,Female,Wardha,Private Insurance,2024-12-26
P05902,Pooja Rao,36,Male,Nagpur,Private Insurance,2024-03-20
P05903,Vivaan Shah,39,Male,Nagpur,Government Scheme,2024-06-07
P05904,Vivaan Kulkarni,45,Female,Nagpur,Private Insurance,2025-04-09
P05905,Riya Joshi,75,Female,Bhandara,Self Pay,2025-05-04
P05906,Pooja Mehta,37,Male,Pune,Private Insurance,2024-04-16
P05907,Aarav Kulkarni,43,Male,Nagpur,Government Scheme,2024-06-26
P05908,Rahul Rao,26,Female,Nagpur,Corporate Insurance,2025-08-07
P05909,Neha Kulkarni,56,Female,Nagpur,Government Scheme,2024-03-06
P05910,Neha Deshmukh,68,Other,Wardha,Self Pay,2025-03-07
P05911,Isha Jain,73,Male,Nagpur,Private Insurance,2024-10-31
P05912,Nisha Deshmukh,46,Female,Amravati,Government Scheme,2025-06-25
P05913,Nisha Verma,53,Female,Nagpur,Self Pay,2024-01-27
P05914,Riya Rao,39,Female,Nagpur,Corporate Insurance,2024-04-29
P05915,Pooja Rao,52,Female,Akola,Government Scheme,2025-08-22
P05916,Meera Jain,48,Female,Jabalpur,Private Insurance,2024-08-19
P05917,Nisha Joshi,43,Female,Nagpur,Private Insurance,2024-10-02
P05918,Sneha Jain,45,Female,Nagpur,Self Pay,2025-05-29
P05919,Diya Pawar,51,Female,Nagpur,Government Scheme,2024-12-08
P05920,Neha Shah,36,Female,Pune,Private Insurance,2024-11-26
P05921,Meera Shah,37,Female,Wardha,Government Scheme,2024-02-12
P05922,Diya Shah,74,Male,Bhandara,Private Insurance,2025-04-06
P05923,Diya Verma,90,Female,Bhandara,Private Insurance,2024-04-11
P05924,Aditya Pawar,19,Male,Mumbai,Corporate Insurance,2024-10-28
P05925,Ananya Sharma,18,Male,Nagpur,Government Scheme,2024-09-12
P05926,Isha Mehta,24,Male,Nagpur,Private Insurance,2025-05-05
P05927,Rahul Reddy,40,Female,Amravati,Corporate Insurance,2025-05-08
P05928,Isha Gupta,59,Female,Wardha,Corporate Insurance,2025-04-13
P05929,Riya Rao,53,Male,Nagpur,Corporate Insurance,2025-03-25
P05930,Nisha Jain,45,Female,Mumbai,Self Pay,2024-08-06
P05931,Priya Mehta,52,Female,Akola,Corporate Insurance,2024-09-10
P05932,Riya Reddy,29,Female,Mumbai,Private Insurance,2025-10-05
P05933,Kavya Gupta,37,Male,Jabalpur,Corporate Insurance,2025-06-02
P05934,Aditi Mehta,42,Male,Wardha,Private Insurance,2025-06-18
P05935,Riya Deshmukh,12,Female,Pune,Private Insurance,2025-09-27
P05936,Aarav Rao,20,Male,Nashik,Private Insurance,2024-02-19
P05937,Priya Pawar,21,Male,Amravati,Private Insurance,2024-01-02
P05938,Sneha Khan,57,Female,Chandrapur,Self Pay,2024-01-28
P05939,Aarav Verma,47,Female,Jabalpur,Corporate Insurance,2024-12-30
P05940,Isha Sharma,54,Female,Nashik,Private Insurance,2025-06-06
P05941,Riya Deshmukh,7,Male,Akola,Self Pay,2025-11-24
P05942,Ananya Deshmukh,14,Male,Nagpur,Self Pay,2025-04-06
P05943,Vivaan Shah,55,Male,Pune,Private Insurance,2025-06-19
P05944,Pooja Verma,1,Male,Amravati,Self Pay,2025-11-05
P05945,Diya Rao,65,Female,Chandrapur,Private Insurance,2024-05-04
P05946,Vikram Mehta,7,Male,Akola,Private Insurance,2025-05-08
P05947,Aditi Pawar,58,Male,Wardha,Government Scheme,2025-04-30
P05948,Priya Mehta,25,Male,Nagpur,Corporate Insurance,2024-05-31
P05949,Neha Pawar,62,Female,Akola,Private Insurance,2024-12-07
P05950,Riya Reddy,90,Female,Nagpur,Private Insurance,2024-01-31
P05951,Karan Jain,1,Female,Nagpur,Government Scheme,2024-12-16
P05952,Rahul Jain,55,Female,Nagpur,Self Pay,2025-01-23
P05953,Vivaan Verma,8,Male,Chandrapur,Corporate Insurance,2024-10-02
P05954,Pooja Jain,50,Male,Nagpur,Government Scheme,2024-12-28
P05955,Diya Jain,38,Male,Amravati,Self Pay,2025-04-07
P05956,Diya Patil,44,Female,Mumbai,Government Scheme,2025-11-15
P05957,Kavya Sharma,25,Female,Wardha,Private Insurance,2024-10-15
P05958,Kavya Reddy,57,Female,Mumbai,Government Scheme,2025-06-01
P05959,Aarav Rao,14,Other,Wardha,Private Insurance,2024-11-15
P05960,Priya Singh,66,Male,Nagpur,Self Pay,2025-10-19
P05961,Karan Deshmukh,34,Female,Nashik,Private Insurance,2025-02-14
P05962,Aarav Shah,15,Male,Amravati,Private Insurance,2025-07-06
P05963,Pooja Sharma,72,Male,Jabalpur,Corporate Insurance,2024-07-30
P05964,Rohan Mehta,41,Female,Nagpur,Corporate Insurance,2025-04-27
P05965,Ananya Patil,78,Female,Pune,Government Scheme,2024-07-04
P05966,Aditi Gupta,65,Female,Wardha,Self Pay,2025-02-15
P05967,Arjun Pawar,27,Female,Pune,Corporate Insurance,2024-05-21
P05968,Vivaan Khan,40,Male,Nagpur,Private Insurance,2025-02-27
P05969,Priya Reddy,44,Female,Chandrapur,Government Scheme,2024-05-10
P05970,Rahul Shah,71,Male,Nagpur,Private Insurance,2025-01-05
P05971,Neha Deshmukh,50,Male,Pune,Self Pay,2024-12-19
P05972,Vikram Patil,45,Male,Nagpur,Private Insurance,2025-09-04
P05973,Sneha Singh,38,Male,Amravati,Self Pay,2024-03-17
P05974,Vivaan Patil,41,Female,Chandrapur,Private Insurance,2024-06-20
P05975,Ananya Singh,67,Male,Wardha,Government Scheme,2025-06-02
P05976,Pooja Shah,42,Female,Nashik,Self Pay,2025-10-30
P05977,Kavya Shah,34,Male,Akola,Private Insurance,2025-08-12
P05978,Meera Joshi,31,Male,Nagpur,Corporate Insurance,2025-02-12
P05979,Priya Reddy,31,Female,Nashik,Private Insurance,2024-07-14
P05980,Rahul Khan,15,Female,Amravati,Government Scheme,2024-11-15
P05981,Diya Kulkarni,28,Male,Chandrapur,Self Pay,2025-09-17
P05982,Meera Shah,70,Male,Nagpur,Private Insurance,2024-06-03
P05983,Neha Gupta,38,Male,Amravati,Government Scheme,2025-12-20
P05984,Arjun Gupta,55,Female,Pune,Government Scheme,2024-07-20
P05985,Ananya Mehta,1,Male,Mumbai,Government Scheme,2024-12-18
P05986,Priya Shah,53,Male,Mumbai,Self Pay,2025-03-02
P05987,Riya Sharma,39,Female,Akola,Government Scheme,2024-08-03
P05988,Neha Reddy,33,Male,Nagpur,Private Insurance,2024-04-20
P05989,Neha Pawar,45,Male,Wardha,Private Insurance,2024-08-14
P05990,Isha Deshmukh,33,Male,Nagpur,Corporate Insurance,2024-01-03
P05991,Arjun Patil,2,Female,Akola,Government Scheme,2025-04-10
P05992,Nisha Gupta,60,Female,Nagpur,Private Insurance,2024-07-08
P05993,Aditi Singh,47,Other,Jabalpur,Private Insurance,2024-11-19
P05994,Pooja Rao,36,Male,Nagpur,Self Pay,2024-08-09
P05995,Isha Sharma,24,Female,Nagpur,Government Scheme,2024-05-26
P05996,Kavya Gupta,14,Male,Pune,Private Insurance,2025-11-18
P05997,Arjun Joshi,46,Female,Nagpur,Corporate Insurance,2024-09-06
P05998,Aditi Shah,73,Male,Nagpur,Corporate Insurance,2025-02-28
P05999,Meera Jain,46,Female,Bhandara,Corporate Insurance,2024-09-04
P06000,Meera Deshmukh,16,Female,Jabalpur,Government Scheme,2024-10-23
P06001,Vivaan Rao,46,Other,Nagpur,Private Insurance,2024-06-30
P06002,Rohan Joshi,41,Female,Amravati,Private Insurance,2025-12-18
P06003,Aarav Jain,58,Male,Nagpur,Private Insurance,2025-03-15
P06004,Isha Singh,54,Male,Bhandara,Government Scheme,2024-09-25
P06005,Arjun Pawar,1,Female,Nagpur,Private Insurance,2025-02-08
P06006,Meera Mehta,52,Male,Chandrapur,Government Scheme,2025-11-30
P06007,Sneha Singh,23,Male,Wardha,Government Scheme,2025-03-29
P06008,Neha Jain,15,Male,Mumbai,Self Pay,2025-11-18
P06009,Rohan Pawar,38,Male,Akola,Private Insurance,2025-04-29
P06010,Nisha Khan,50,Female,Akola,Corporate Insurance,2025-05-18
P06011,Kavya Sharma,11,Female,Wardha,Government Scheme,2024-09-29
P06012,Kavya Singh,55,Female,Nagpur,Government Scheme,2025-01-18
P06013,Arjun Reddy,57,Male,Nagpur,Corporate Insurance,2025-03-17
P06014,Riya Singh,43,Female,Wardha,Private Insurance,2025-08-22
P06015,Aditi Mehta,26,Female,Nagpur,Corporate Insurance,2025-06-25
P06016,Ananya Rao,23,Male,Nagpur,Self Pay,2024-08-24
P06017,Diya Deshmukh,61,Female,Amravati,Corporate Insurance,2024-11-09
P06018,Aditya Khan,13,Male,Nagpur,Private Insurance,2024-09-25
P06019,Aditya Reddy,62,Female,Nagpur,Private Insurance,2025-12-20
P06020,Nisha Sharma,39,Female,Bhandara,Private Insurance,2024-05-31
P06021,Arjun Deshmukh,40,Female,Pune,Self Pay,2025-02-27
P06022,Sneha Joshi,10,Female,Nagpur,Private Insurance,2024-07-05
P06023,Neha Reddy,39,Male,Pune,Private Insurance,2024-04-06
P06024,Neha Rao,54,Female,Nagpur,Corporate Insurance,2024-04-09
P06025,Diya Reddy,17,Male,Jabalpur,Government Scheme,2024-01-15
P06026,Pooja Kulkarni,51,Male,Wardha,Private Insurance,2025-09-12
P06027,Rahul Khan,44,Female,Wardha,Self Pay,2025-08-31
P06028,Pooja Patil,30,Male,Chandrapur,Private Insurance,2024-01-01
P06029,Karan Rao,58,Male,Wardha,Government Scheme,2024-07-14
P06030,Aditya Rao,1,Female,Amravati,Private Insurance,2024-11-05
P06031,Aditya Pawar,49,Male,Amravati,Government Scheme,2024-04-22
P06032,Karan Deshmukh,73,Female,Jabalpur,Private Insurance,2024-09-22
P06033,Rohan Rao,69,Male,Mumbai,Self Pay,2025-11-05
P06034,Rahul Reddy,49,Female,Wardha,Private Insurance,2024-10-10
P06035,Priya Rao,36,Male,Pune,Private Insurance,2025-01-06
P06036,Diya Kulkarni,30,Male,Nagpur,Corporate Insurance,2025-09-07
P06037,Vivaan Gupta,36,Male,Bhandara,Self Pay,2024-01-02
P06038,Meera Gupta,52,Other,Wardha,Government Scheme,2025-08-22
P06039,Arjun Kulkarni,27,Female,Nagpur,Corporate Insurance,2024-11-28
P06040,Aditi Reddy,56,Male,Mumbai,Private Insurance,2025-04-29
P06041,Vikram Patil,83,Female,Pune,Government Scheme,2025-11-30
P06042,Aarav Singh,41,Female,Mumbai,Corporate Insurance,2025-05-18
P06043,Neha Reddy,16,Female,Chandrapur,Government Scheme,2024-08-08
P06044,Meera Verma,16,Male,Amravati,Private Insurance,2025-08-09
P06045,Aarav Kulkarni,57,Male,Nashik,Self Pay,2024-06-23
P06046,Rahul Jain,41,Female,Nagpur,Private Insurance,2024-10-08
P06047,Priya Kulkarni,59,Other,Pune,Private Insurance,2025-04-17
P06048,Sneha Kulkarni,32,Male,Nagpur,Self Pay,2024-11-24
P06049,Priya Jain,58,Female,Pune,Private Insurance,2025-09-14
P06050,Vivaan Deshmukh,39,Female,Akola,Private Insurance,2024-06-27
P06051,Diya Khan,28,Male,Nagpur,Private Insurance,2025-04-12
P06052,Ananya Reddy,34,Male,Nagpur,Private Insurance,2024-06-22
P06053,Aditi Patil,19,Female,Wardha,Government Scheme,2025-03-08
P06054,Neha Sharma,80,Male,Nagpur,Self Pay,2025-11-13
P06055,Pooja Patil,40,Female,Mumbai,Government Scheme,2025-12-10
P06056,Aditya Jain,54,Male,Nagpur,Self Pay,2025-07-09
P06057,Vikram Gupta,32,Female,Amravati,Private Insurance,2025-04-08
P06058,Ananya Shah,22,Female,Nagpur,Private Insurance,2024-11-26
P06059,Neha Khan,38,Female,Nagpur,Corporate Insurance,2024-08-17
P06060,Aditi Kulkarni,63,Male,Nagpur,Government Scheme,2024-01-29
P06061,Kavya Singh,32,Female,Pune,Private Insurance,2025-01-05
P06062,Vivaan Mehta,25,Female,Akola,Corporate Insurance,2025-06-26
P06063,Ananya Shah,45,Female,Mumbai,Government Scheme,2025-09-01
P06064,Kavya Reddy,51,Male,Amravati,Government Scheme,2025-11-23
P06065,Aditi Kulkarni,73,Female,Nagpur,Private Insurance,2024-05-13
P06066,Ananya Shah,49,Female,Nagpur,Self Pay,2025-11-07
P06067,Karan Joshi,54,Female,Wardha,Private Insurance,2024-07-21
P06068,Karan Khan,56,Male,Nagpur,Government Scheme,2025-06-05
P06069,Rahul Singh,20,Female,Nagpur,Self Pay,2025-06-28
P06070,Rohan Mehta,24,Female,Chandrapur,Self Pay,2025-04-17
P06071,Ananya Pawar,21,Male,Nagpur,Private Insurance,2024-11-02
P06072,Aditi Reddy,17,Male,Bhandara,Private Insurance,2024-03-29
P06073,Karan Verma,57,Male,Bhandara,Self Pay,2024-12-31
P06074,Isha Khan,48,Female,Nashik,Corporate Insurance,2024-03-03
P06075,Aditi Gupta,44,Male,Amravati,Private Insurance,2025-04-02
P06076,Meera Patil,1,Male,Akola,Private Insurance,2024-07-12
P06077,Sneha Kulkarni,81,Male,Amravati,Self Pay,2024-05-21
P06078,Priya Joshi,25,Male,Nagpur,Self Pay,2025-02-15
P06079,Ananya Sharma,81,Male,Nagpur,Corporate Insurance,2024-06-30
P06080,Vikram Gupta,14,Male,Nagpur,Self Pay,2025-10-28
P06081,Diya Rao,27,Female,Wardha,Private Insurance,2024-03-13
P06082,Priya Reddy,1,Other,Nashik,Self Pay,2025-09-27
P06083,Rohan Rao,49,Male,Pune,Corporate Insurance,2025-07-18
P06084,Priya Sharma,21,Male,Nagpur,Private Insurance,2024-08-11
P06085,Riya Deshmukh,22,Female,Nagpur,Government Scheme,2025-02-19
P06086,Kavya Joshi,16,Female,Nagpur,Private Insurance,2024-09-24
P06087,Neha Jain,57,Male,Jabalpur,Private Insurance,2024-06-23
P06088,Aditya Rao,56,Male,Nagpur,Corporate Insurance,2024-08-14
P06089,Riya Shah,76,Female,Amravati,Private Insurance,2024-09-06
P06090,Rohan Pawar,29,Male,Nagpur,Self Pay,2025-01-22
P06091,Pooja Patil,46,Female,Pune,Private Insurance,2025-02-27
P06092,Arjun Singh,18,Male,Wardha,Private Insurance,2025-08-13
P06093,Rahul Reddy,36,Male,Nagpur,Government Scheme,2025-02-20
P06094,Isha Singh,32,Male,Wardha,Private Insurance,2025-07-25
P06095,Karan Singh,51,Female,Akola,Self Pay,2025-11-02
P06096,Rahul Kulkarni,61,Female,Wardha,Private Insurance,2025-10-09
P06097,Aarav Shah,61,Female,Jabalpur,Self Pay,2024-10-25
P06098,Pooja Gupta,26,Male,Mumbai,Corporate Insurance,2025-01-15
P06099,Vivaan Mehta,61,Male,Wardha,Government Scheme,2025-08-11
P06100,Rahul Singh,41,Male,Jabalpur,Private Insurance,2025-04-25
P06101,Sneha Verma,36,Male,Pune,Self Pay,2024-04-05
P06102,Rahul Kulkarni,29,Female,Amravati,Private Insurance,2025-11-27
P06103,Diya Patil,31,Female,Nashik,Private Insurance,2025-07-13
P06104,Vivaan Sharma,75,Male,Wardha,Corporate Insurance,2025-05-08
P06105,Karan Deshmukh,48,Male,Bhandara,Private Insurance,2025-12-23
P06106,Pooja Reddy,45,Female,Bhandara,Government Scheme,2024-05-01
P06107,Pooja Joshi,37,Male,Pune,Private Insurance,2025-10-08
P06108,Karan Rao,88,Male,Mumbai,Self Pay,2024-08-26
P06109,Aditya Gupta,67,Female,Nagpur,Government Scheme,2025-08-16
P06110,Ananya Shah,28,Female,Chandrapur,Government Scheme,2024-02-25
P06111,Nisha Mehta,37,Male,Chandrapur,Government Scheme,2025-02-09
P06112,Aditi Joshi,38,Female,Mumbai,Private Insurance,2024-03-21
P06113,Vivaan Reddy,45,Female,Wardha,Private Insurance,2025-11-23
P06114,Aditya Singh,29,Male,Nagpur,Self Pay,2024-12-25
P06115,Riya Sharma,50,Other,Nagpur,Corporate Insurance,2025-09-16
P06116,Priya Rao,70,Female,Nagpur,Self Pay,2025-06-23
P06117,Aditi Verma,17,Female,Nagpur,Self Pay,2024-12-18
P06118,Rahul Joshi,21,Male,Nagpur,Government Scheme,2024-05-17
P06119,Meera Reddy,33,Female,Nagpur,Government Scheme,2024-12-07
P06120,Nisha Verma,34,Male,Mumbai,Self Pay,2024-08-21
P06121,Isha Khan,80,Male,Amravati,Private Insurance,2024-07-04
P06122,Neha Sharma,61,Female,Amravati,Government Scheme,2024-09-02
P06123,Riya Reddy,60,Male,Nashik,Private Insurance,2024-06-16
P06124,Priya Shah,37,Female,Nagpur,Private Insurance,2025-09-05
P06125,Pooja Deshmukh,37,Male,Akola,Self Pay,2025-10-25
P06126,Rohan Rao,14,Male,Pune,Private Insurance,2024-05-14
P06127,Karan Jain,57,Female,Amravati,Self Pay,2024-06-03
P06128,Ananya Jain,51,Female,Wardha,Corporate Insurance,2024-01-25
P06129,Kavya Kulkarni,66,Male,Nagpur,Corporate Insurance,2024-11-01
P06130,Vikram Khan,38,Female,Amravati,Self Pay,2025-03-31
P06131,Rohan Verma,39,Female,Bhandara,Corporate Insurance,2024-07-11
P06132,Aarav Kulkarni,45,Female,Amravati,Private Insurance,2025-01-19
P06133,Priya Gupta,59,Female,Wardha,Self Pay,2024-09-02
P06134,Sneha Shah,14,Male,Wardha,Self Pay,2024-01-02
P06135,Rohan Sharma,56,Female,Nagpur,Corporate Insurance,2024-06-22
P06136,Riya Mehta,42,Female,Nagpur,Government Scheme,2025-07-12
P06137,Ananya Joshi,22,Female,Bhandara,Government Scheme,2025-10-06
P06138,Meera Kulkarni,2,Male,Nagpur,Self Pay,2024-11-05
P06139,Vikram Singh,39,Male,Akola,Self Pay,2025-02-27
P06140,Rohan Sharma,70,Male,Mumbai,Private Insurance,2025-02-03
P06141,Arjun Gupta,74,Male,Nashik,Government Scheme,2024-08-09
P06142,Kavya Joshi,49,Male,Nagpur,Government Scheme,2025-05-04
P06143,Aditi Patil,79,Female,Wardha,Government Scheme,2024-10-24
P06144,Aditi Mehta,41,Female,Chandrapur,Corporate Insurance,2024-02-07
P06145,Vivaan Pawar,60,Female,Akola,Government Scheme,2024-10-08
P06146,Neha Shah,33,Female,Jabalpur,Corporate Insurance,2024-05-05
P06147,Aditi Patil,32,Other,Wardha,Private Insurance,2024-12-14
P06148,Isha Kulkarni,29,Female,Nagpur,Private Insurance,2024-12-04
P06149,Priya Verma,3,Male,Amravati,Private Insurance,2024-12-07
P06150,Diya Patil,66,Female,Mumbai,Government Scheme,2024-05-05
P06151,Aditya Kulkarni,30,Female,Chandrapur,Self Pay,2025-11-22
P06152,Sneha Khan,27,Female,Mumbai,Government Scheme,2024-03-26
P06153,Aditi Sharma,20,Female,Nashik,Government Scheme,2024-08-01
P06154,Ananya Sharma,38,Female,Jabalpur,Government Scheme,2024-08-25
P06155,Vikram Jain,76,Male,Wardha,Corporate Insurance,2024-11-28
P06156,Meera Joshi,82,Male,Jabalpur,Private Insurance,2024-11-07
P06157,Vivaan Deshmukh,10,Male,Mumbai,Private Insurance,2025-12-21
P06158,Ananya Rao,35,Male,Pune,Government Scheme,2025-09-12
P06159,Vikram Deshmukh,22,Female,Mumbai,Self Pay,2024-02-10
P06160,Rahul Khan,61,Other,Bhandara,Private Insurance,2025-03-10
P06161,Rahul Mehta,47,Female,Nashik,Private Insurance,2025-01-11
P06162,Aarav Verma,30,Female,Bhandara,Government Scheme,2025-11-09
P06163,Rahul Shah,43,Female,Nashik,Private Insurance,2024-09-06
P06164,Vikram Pawar,33,Male,Nashik,Private Insurance,2024-11-29
P06165,Karan Joshi,73,Male,Nashik,Private Insurance,2025-11-08
P06166,Priya Verma,52,Male,Amravati,Private Insurance,2024-12-10
P06167,Riya Rao,55,Male,Pune,Government Scheme,2025-03-18
P06168,Rohan Verma,1,Female,Mumbai,Self Pay,2024-08-15
P06169,Aditi Mehta,41,Male,Chandrapur,Private Insurance,2025-07-25
P06170,Ananya Pawar,82,Male,Wardha,Government Scheme,2024-02-29
P06171,Rohan Singh,67,Male,Pune,Government Scheme,2025-12-13
P06172,Nisha Shah,7,Female,Nashik,Private Insurance,2024-05-05
P06173,Ananya Pawar,36,Female,Wardha,Self Pay,2025-02-24
P06174,Kavya Pawar,19,Female,Bhandara,Private Insurance,2024-02-19
P06175,Ananya Kulkarni,75,Male,Akola,Corporate Insurance,2024-03-11
P06176,Aarav Mehta,47,Female,Akola,Government Scheme,2025-05-28
P06177,Vikram Reddy,27,Female,Nagpur,Private Insurance,2025-07-28
P06178,Vikram Joshi,43,Male,Nagpur,Corporate Insurance,2024-09-11
P06179,Riya Deshmukh,1,Male,Mumbai,Government Scheme,2024-02-11
P06180,Pooja Mehta,21,Male,Mumbai,Private Insurance,2024-01-24
P06181,Rohan Joshi,43,Male,Amravati,Private Insurance,2025-11-13
P06182,Karan Mehta,58,Male,Mumbai,Government Scheme,2025-07-03
P06183,Karan Patil,5,Female,Wardha,Self Pay,2024-10-08
P06184,Ananya Patil,35,Male,Nagpur,Self Pay,2024-07-05
P06185,Isha Deshmukh,61,Female,Nashik,Corporate Insurance,2025-05-27
P06186,Rahul Sharma,14,Female,Nagpur,Corporate Insurance,2025-10-14
P06187,Aarav Jain,46,Other,Nagpur,Private Insurance,2025-04-25
P06188,Nisha Gupta,43,Male,Jabalpur,Corporate Insurance,2025-08-23
P06189,Aarav Rao,75,Male,Wardha,Private Insurance,2025-09-12
P06190,Ananya Gupta,38,Female,Nagpur,Corporate Insurance,2024-08-09
P06191,Pooja Khan,39,Male,Wardha,Private Insurance,2025-06-18
P06192,Sneha Khan,58,Female,Bhandara,Private Insurance,2024-06-21
P06193,Aarav Verma,17,Female,Chandrapur,Government Scheme,2024-06-11
P06194,Neha Reddy,38,Female,Amravati,Private Insurance,2025-12-25
P06195,Priya Gupta,33,Female,Amravati,Self Pay,2024-08-26
P06196,Riya Pawar,39,Female,Bhandara,Private Insurance,2025-08-21
P06197,Aditya Gupta,58,Male,Chandrapur,Government Scheme,2024-09-09
P06198,Kavya Shah,53,Female,Mumbai,Corporate Insurance,2025-11-07
P06199,Meera Sharma,28,Male,Amravati,Government Scheme,2024-07-22
P06200,Neha Verma,45,Male,Mumbai,Government Scheme,2024-01-13
P06201,Vivaan Rao,70,Female,Jabalpur,Corporate Insurance,2024-12-04
P06202,Ananya Mehta,26,Male,Nagpur,Private Insurance,2025-03-12
P06203,Sneha Reddy,45,Female,Nagpur,Private Insurance,2024-10-07
P06204,Ananya Khan,38,Male,Chandrapur,Private Insurance,2024-07-13
P06205,Nisha Singh,41,Female,Mumbai,Private Insurance,2025-08-27
P06206,Neha Reddy,11,Female,Nagpur,Private Insurance,2024-09-30
P06207,Vikram Pawar,69,Female,Nagpur,Government Scheme,2025-05-26
P06208,Sneha Reddy,27,Male,Akola,Private Insurance,2024-03-07
P06209,Pooja Shah,61,Female,Pune,Self Pay,2025-09-29
P06210,Pooja Pawar,30,Male,Nagpur,Self Pay,2025-06-30
P06211,Diya Kulkarni,30,Female,Amravati,Government Scheme,2024-05-02
P06212,Pooja Sharma,65,Male,Nagpur,Government Scheme,2025-01-18
P06213,Nisha Deshmukh,61,Female,Jabalpur,Private Insurance,2025-07-01
P06214,Neha Reddy,46,Female,Akola,Self Pay,2025-08-01
P06215,Rohan Pawar,56,Female,Wardha,Government Scheme,2024-11-03
P06216,Isha Sharma,37,Female,Mumbai,Self Pay,2024-03-26
P06217,Priya Rao,42,Male,Bhandara,Government Scheme,2024-02-13
P06218,Riya Reddy,29,Male,Mumbai,Self Pay,2025-12-29
P06219,Diya Khan,59,Female,Nagpur,Private Insurance,2024-03-20
P06220,Rohan Verma,29,Female,Nagpur,Private Insurance,2024-09-11
P06221,Nisha Verma,70,Female,Amravati,Government Scheme,2025-09-17
P06222,Sneha Mehta,36,Male,Nagpur,Government Scheme,2025-11-25
P06223,Priya Sharma,42,Male,Pune,Government Scheme,2024-12-10
P06224,Aditi Joshi,56,Male,Bhandara,Self Pay,2025-05-08
P06225,Aditi Deshmukh,42,Male,Nagpur,Private Insurance,2025-01-08
P06226,Karan Khan,36,Female,Nashik,Corporate Insurance,2024-03-20
P06227,Vivaan Gupta,41,Female,Bhandara,Corporate Insurance,2024-12-24
P06228,Nisha Reddy,59,Male,Wardha,Private Insurance,2025-07-24
P06229,Isha Mehta,29,Female,Nagpur,Private Insurance,2025-04-01
P06230,Pooja Rao,40,Female,Jabalpur,Government Scheme,2025-02-13
P06231,Ananya Verma,42,Female,Chandrapur,Private Insurance,2025-08-30
P06232,Riya Kulkarni,58,Male,Pune,Private Insurance,2024-05-17
P06233,Meera Singh,40,Male,Nashik,Government Scheme,2025-02-18
P06234,Kavya Rao,76,Other,Wardha,Government Scheme,2024-05-16
P06235,Vikram Gupta,39,Female,Nagpur,Private Insurance,2024-02-15
P06236,Riya Verma,37,Female,Akola,Corporate Insurance,2025-11-26
P06237,Priya Singh,39,Female,Nagpur,Private Insurance,2025-07-22
P06238,Ananya Singh,17,Male,Jabalpur,Private Insurance,2025-12-29
P06239,Sneha Deshmukh,22,Female,Nagpur,Private Insurance,2024-11-30
P06240,Arjun Shah,32,Male,Amravati,Corporate Insurance,2025-02-24
P06241,Riya Gupta,64,Male,Bhandara,Corporate Insurance,2024-02-14
P06242,Diya Shah,41,Male,Wardha,Private Insurance,2024-05-16
P06243,Pooja Deshmukh,33,Male,Chandrapur,Self Pay,2024-03-02
P06244,Priya Singh,65,Female,Pune,Private Insurance,2024-09-05
P06245,Rohan Deshmukh,71,Male,Nashik,Private Insurance,2024-10-24
P06246,Sneha Sharma,66,Female,Mumbai,Private Insurance,2024-06-03
P06247,Rohan Kulkarni,26,Male,Wardha,Self Pay,2025-07-21
P06248,Aarav Sharma,33,Male,Bhandara,Government Scheme,2025-03-19
P06249,Priya Singh,76,Male,Mumbai,Government Scheme,2024-11-13
P06250,Aditi Pawar,47,Female,Nagpur,Private Insurance,2024-10-19
P06251,Aditya Pawar,37,Male,Nagpur,Corporate Insurance,2025-02-17
P06252,Aarav Patil,56,Male,Nagpur,Corporate Insurance,2024-10-02
P06253,Rohan Patil,61,Male,Nashik,Private Insurance,2025-07-18
P06254,Aditi Singh,31,Other,Akola,Self Pay,2025-08-08
P06255,Meera Sharma,46,Male,Nagpur,Self Pay,2024-05-14
P06256,Aditya Patil,60,Female,Nagpur,Corporate Insurance,2025-12-04
P06257,Priya Jain,20,Female,Nagpur,Government Scheme,2024-11-29
P06258,Priya Deshmukh,42,Female,Wardha,Private Insurance,2024-05-23
P06259,Rahul Kulkarni,21,Male,Nagpur,Private Insurance,2025-09-12
P06260,Ananya Patil,23,Male,Pune,Government Scheme,2024-10-29
P06261,Ananya Joshi,31,Female,Jabalpur,Government Scheme,2024-04-18
P06262,Arjun Reddy,51,Female,Nashik,Private Insurance,2025-01-26
P06263,Aditya Jain,36,Male,Pune,Self Pay,2024-10-26
P06264,Vivaan Deshmukh,30,Male,Jabalpur,Corporate Insurance,2024-06-28
P06265,Riya Joshi,43,Other,Nashik,Government Scheme,2025-06-14
P06266,Vivaan Kulkarni,20,Female,Bhandara,Government Scheme,2024-10-20
P06267,Rohan Singh,50,Male,Pune,Government Scheme,2025-01-20
P06268,Meera Pawar,63,Female,Bhandara,Government Scheme,2024-02-10
P06269,Aarav Verma,40,Female,Amravati,Private Insurance,2024-09-26
P06270,Aarav Rao,38,Male,Nagpur,Government Scheme,2024-01-31
P06271,Vivaan Mehta,49,Female,Chandrapur,Government Scheme,2024-07-24
P06272,Riya Singh,3,Male,Mumbai,Corporate Insurance,2025-07-28
P06273,Kavya Reddy,52,Female,Akola,Private Insurance,2025-11-06
P06274,Riya Verma,90,Female,Amravati,Private Insurance,2024-09-04
P06275,Pooja Verma,40,Male,Chandrapur,Government Scheme,2025-05-25
P06276,Aditya Verma,40,Female,Pune,Self Pay,2025-05-31
P06277,Nisha Deshmukh,56,Female,Nashik,Government Scheme,2025-07-24
P06278,Meera Deshmukh,73,Female,Wardha,Private Insurance,2024-03-01
P06279,Diya Reddy,61,Female,Amravati,Government Scheme,2024-08-05
P06280,Aditi Mehta,1,Male,Amravati,Private Insurance,2025-05-04
P06281,Kavya Pawar,53,Female,Mumbai,Government Scheme,2024-08-03
P06282,Aarav Singh,90,Male,Nagpur,Self Pay,2025-04-21
P06283,Ananya Joshi,54,Male,Mumbai,Government Scheme,2025-10-17
P06284,Sneha Sharma,20,Male,Nagpur,Government Scheme,2025-08-22
P06285,Arjun Shah,47,Female,Jabalpur,Private Insurance,2024-12-23
P06286,Arjun Khan,18,Male,Wardha,Self Pay,2024-05-29
P06287,Pooja Khan,65,Male,Nashik,Corporate Insurance,2024-08-21
P06288,Aditya Singh,24,Female,Nashik,Government Scheme,2025-02-06
P06289,Nisha Reddy,43,Male,Nashik,Self Pay,2025-06-27
P06290,Arjun Joshi,26,Female,Pune,Government Scheme,2025-10-19
P06291,Arjun Joshi,32,Female,Nagpur,Self Pay,2025-09-08
P06292,Nisha Patil,70,Male,Nagpur,Private Insurance,2024-06-09
P06293,Meera Rao,44,Female,Nagpur,Corporate Insurance,2024-03-21
P06294,Kavya Shah,31,Female,Akola,Private Insurance,2024-04-01
P06295,Isha Shah,20,Female,Akola,Private Insurance,2024-06-09
P06296,Neha Rao,6,Female,Nagpur,Private Insurance,2024-09-08
P06297,Meera Shah,18,Male,Pune,Government Scheme,2024-01-30
P06298,Nisha Gupta,44,Female,Nagpur,Government Scheme,2025-12-05
P06299,Vivaan Joshi,61,Male,Amravati,Government Scheme,2024-09-10
P06300,Neha Shah,31,Male,Amravati,Private Insurance,2024-04-24
P06301,Riya Khan,72,Female,Nashik,Self Pay,2025-01-23
P06302,Meera Reddy,28,Female,Nagpur,Private Insurance,2024-03-28
P06303,Sneha Deshmukh,37,Female,Mumbai,Self Pay,2025-09-14
P06304,Sneha Khan,21,Male,Akola,Private Insurance,2025-12-29
P06305,Nisha Sharma,61,Female,Bhandara,Government Scheme,2025-10-29
P06306,Arjun Mehta,82,Female,Nagpur,Private Insurance,2024-10-14
P06307,Aditi Verma,9,Other,Pune,Private Insurance,2025-04-09
P06308,Aditi Sharma,35,Male,Mumbai,Self Pay,2024-04-18
P06309,Sneha Gupta,66,Female,Wardha,Corporate Insurance,2024-02-03
P06310,Priya Reddy,15,Male,Nagpur,Government Scheme,2025-02-11
P06311,Meera Joshi,53,Male,Amravati,Government Scheme,2025-06-28
P06312,Aditi Verma,65,Male,Amravati,Private Insurance,2024-01-11
P06313,Isha Deshmukh,43,Female,Nagpur,Government Scheme,2025-12-26
P06314,Riya Rao,52,Female,Akola,Government Scheme,2024-11-06
P06315,Vikram Shah,75,Female,Amravati,Self Pay,2025-03-27
P06316,Diya Rao,79,Female,Pune,Government Scheme,2024-01-27
P06317,Priya Patil,41,Female,Wardha,Government Scheme,2025-10-08
P06318,Pooja Shah,32,Male,Chandrapur,Corporate Insurance,2025-02-16
P06319,Vivaan Kulkarni,25,Male,Jabalpur,Private Insurance,2024-12-16
P06320,Vivaan Joshi,61,Male,Wardha,Self Pay,2025-04-01
P06321,Sneha Kulkarni,16,Male,Nagpur,Government Scheme,2025-08-30
P06322,Ananya Gupta,37,Female,Bhandara,Private Insurance,2024-01-03
P06323,Riya Joshi,44,Female,Wardha,Private Insurance,2024-02-06
P06324,Nisha Gupta,32,Male,Pune,Government Scheme,2025-01-09
P06325,Vikram Singh,47,Female,Mumbai,Private Insurance,2025-07-23
P06326,Pooja Kulkarni,90,Female,Akola,Corporate Insurance,2025-11-20
P06327,Priya Shah,40,Male,Jabalpur,Private Insurance,2024-03-08
P06328,Pooja Mehta,34,Female,Nagpur,Private Insurance,2024-10-17
P06329,Riya Singh,61,Female,Nagpur,Self Pay,2025-07-23
P06330,Rahul Singh,47,Male,Nagpur,Private Insurance,2025-11-27
P06331,Priya Joshi,69,Male,Akola,Private Insurance,2024-07-05
P06332,Riya Jain,45,Male,Nagpur,Government Scheme,2025-12-04
P06333,Ananya Sharma,37,Female,Nagpur,Government Scheme,2025-08-11
P06334,Sneha Joshi,8,Male,Jabalpur,Government Scheme,2024-06-24
P06335,Sneha Shah,11,Male,Nagpur,Government Scheme,2025-08-18
P06336,Sneha Reddy,7,Female,Nagpur,Self Pay,2025-02-25
P06337,Vivaan Sharma,49,Male,Amravati,Self Pay,2025-09-08
P06338,Neha Shah,16,Male,Nagpur,Private Insurance,2025-08-29
P06339,Neha Patil,66,Male,Nagpur,Self Pay,2024-05-27
P06340,Riya Joshi,43,Female,Nagpur,Private Insurance,2025-06-01
P06341,Aditya Shah,37,Male,Nagpur,Government Scheme,2024-11-30
P06342,Kavya Patil,26,Female,Pune,Private Insurance,2025-07-08
P06343,Isha Mehta,54,Female,Amravati,Government Scheme,2024-04-10
P06344,Isha Patil,27,Female,Nashik,Private Insurance,2024-07-09
P06345,Rohan Pawar,23,Female,Nashik,Private Insurance,2024-06-16
P06346,Priya Deshmukh,65,Female,Pune,Private Insurance,2025-11-01
P06347,Vikram Patil,49,Male,Mumbai,Private Insurance,2024-09-24
P06348,Meera Shah,38,Male,Wardha,Private Insurance,2024-06-21
P06349,Neha Gupta,54,Female,Nagpur,Government Scheme,2025-06-20
P06350,Aditi Sharma,42,Male,Nagpur,Private Insurance,2025-04-15
P06351,Rohan Sharma,49,Other,Nagpur,Government Scheme,2025-04-09
P06352,Riya Verma,26,Female,Pune,Private Insurance,2025-10-07
P06353,Aarav Jain,81,Male,Bhandara,Private Insurance,2025-10-22
P06354,Riya Mehta,31,Other,Nagpur,Private Insurance,2024-09-19
P06355,Rohan Sharma,72,Male,Nagpur,Government Scheme,2025-12-02
P06356,Rahul Deshmukh,38,Male,Mumbai,Government Scheme,2025-02-07
P06357,Pooja Gupta,57,Male,Bhandara,Self Pay,2025-10-10
P06358,Ananya Singh,56,Male,Nagpur,Private Insurance,2025-05-19
P06359,Ananya Verma,64,Female,Mumbai,Government Scheme,2024-02-28
P06360,Rohan Joshi,26,Female,Nashik,Government Scheme,2025-11-08
P06361,Aditya Pawar,62,Male,Wardha,Self Pay,2025-02-25
P06362,Rohan Khan,77,Female,Wardha,Self Pay,2024-11-23
P06363,Vikram Kulkarni,37,Female,Akola,Private Insurance,2024-09-05
P06364,Kavya Khan,43,Female,Nagpur,Corporate Insurance,2025-03-16
P06365,Rahul Sharma,32,Male,Jabalpur,Private Insurance,2025-11-03
P06366,Sneha Verma,35,Male,Pune,Corporate Insurance,2024-04-13
P06367,Vivaan Singh,75,Female,Chandrapur,Private Insurance,2024-06-12
P06368,Kavya Singh,23,Female,Akola,Government Scheme,2024-02-17
P06369,Kavya Deshmukh,24,Female,Jabalpur,Government Scheme,2024-05-23
P06370,Riya Verma,73,Female,Nagpur,Private Insurance,2024-01-16
P06371,Isha Joshi,54,Male,Nagpur,Self Pay,2024-06-02
P06372,Priya Reddy,82,Female,Pune,Private Insurance,2024-12-13
P06373,Aditi Verma,33,Male,Nagpur,Private Insurance,2025-08-27
P06374,Ananya Reddy,44,Female,Akola,Private Insurance,2025-02-02
P06375,Karan Reddy,29,Female,Wardha,Corporate Insurance,2024-06-13
P06376,Isha Kulkarni,45,Male,Nagpur,Corporate Insurance,2024-03-04
P06377,Nisha Reddy,8,Female,Nagpur,Government Scheme,2025-10-09
P06378,Nisha Patil,55,Female,Nashik,Government Scheme,2024-05-12
P06379,Aditya Patil,48,Female,Nagpur,Private Insurance,2025-07-14
P06380,Isha Shah,41,Male,Nagpur,Government Scheme,2024-07-13
P06381,Rohan Khan,35,Female,Wardha,Corporate Insurance,2025-04-05
P06382,Rohan Rao,25,Male,Nagpur,Self Pay,2025-10-12
P06383,Vikram Kulkarni,56,Male,Chandrapur,Self Pay,2025-10-27
P06384,Vivaan Sharma,20,Male,Jabalpur,Private Insurance,2024-03-13
P06385,Arjun Deshmukh,52,Male,Nashik,Self Pay,2025-01-08
P06386,Vivaan Shah,81,Male,Chandrapur,Corporate Insurance,2024-12-23
P06387,Sneha Khan,70,Male,Amravati,Corporate Insurance,2025-10-04
P06388,Kavya Pawar,13,Female,Jabalpur,Government Scheme,2025-07-30
P06389,Aditya Reddy,32,Male,Mumbai,Private Insurance,2024-04-15
P06390,Kavya Joshi,50,Male,Pune,Corporate Insurance,2025-09-27
P06391,Riya Pawar,41,Female,Nagpur,Government Scheme,2024-09-22
P06392,Vikram Deshmukh,15,Male,Nagpur,Private Insurance,2025-05-20
P06393,Nisha Singh,49,Female,Nagpur,Private Insurance,2024-05-10
P06394,Ananya Jain,42,Male,Nagpur,Government Scheme,2024-07-12
P06395,Pooja Kulkarni,78,Female,Nagpur,Self Pay,2024-02-22
P06396,Rohan Shah,37,Female,Mumbai,Corporate Insurance,2024-03-29
P06397,Priya Deshmukh,64,Female,Nagpur,Corporate Insurance,2025-11-11
P06398,Aditya Rao,18,Female,Nagpur,Government Scheme,2024-04-25
P06399,Meera Singh,22,Female,Mumbai,Corporate Insurance,2025-03-31
P06400,Ananya Mehta,56,Female,Jabalpur,Private Insurance,2025-07-16
P06401,Vikram Sharma,63,Male,Nagpur,Private Insurance,2024-02-26
P06402,Pooja Joshi,24,Female,Nagpur,Private Insurance,2024-08-04
P06403,Pooja Kulkarni,42,Other,Pune,Self Pay,2024-12-16
P06404,Vikram Pawar,16,Male,Jabalpur,Corporate Insurance,2024-09-03
P06405,Ananya Shah,39,Female,Chandrapur,Self Pay,2025-10-04
P06406,Rahul Gupta,58,Female,Wardha,Corporate Insurance,2024-05-08
P06407,Karan Shah,34,Female,Akola,Government Scheme,2025-06-13
P06408,Aditi Gupta,37,Female,Pune,Self Pay,2024-11-13
P06409,Priya Sharma,21,Male,Nagpur,Private Insurance,2024-10-10
P06410,Aarav Khan,30,Male,Amravati,Self Pay,2024-09-01
P06411,Neha Jain,75,Male,Pune,Self Pay,2025-05-08
P06412,Meera Verma,43,Female,Akola,Government Scheme,2024-09-17
P06413,Vivaan Rao,23,Male,Nagpur,Private Insurance,2025-04-03
P06414,Arjun Rao,36,Female,Nashik,Private Insurance,2024-01-25
P06415,Rahul Pawar,12,Male,Akola,Corporate Insurance,2024-07-19
P06416,Vivaan Jain,23,Male,Nagpur,Government Scheme,2024-12-03
P06417,Ananya Pawar,68,Female,Amravati,Government Scheme,2024-06-09
P06418,Aditya Joshi,39,Male,Nagpur,Corporate Insurance,2024-03-22
P06419,Ananya Patil,78,Male,Jabalpur,Private Insurance,2024-06-09
P06420,Sneha Gupta,40,Male,Nagpur,Private Insurance,2025-01-26
P06421,Sneha Deshmukh,41,Female,Pune,Self Pay,2025-11-29
P06422,Aarav Reddy,54,Male,Bhandara,Private Insurance,2025-05-03
P06423,Rohan Rao,1,Female,Mumbai,Government Scheme,2025-10-22
P06424,Neha Kulkarni,46,Female,Jabalpur,Self Pay,2025-02-02
P06425,Priya Pawar,41,Male,Jabalpur,Government Scheme,2024-01-23
P06426,Vikram Reddy,70,Female,Pune,Private Insurance,2024-04-16
P06427,Vivaan Jain,60,Female,Amravati,Private Insurance,2025-07-08
P06428,Priya Deshmukh,20,Other,Nagpur,Corporate Insurance,2025-03-26
P06429,Neha Rao,66,Female,Nagpur,Government Scheme,2025-09-06
P06430,Rahul Pawar,37,Male,Chandrapur,Corporate Insurance,2024-10-28
P06431,Vikram Sharma,25,Male,Amravati,Government Scheme,2025-11-12
P06432,Vivaan Deshmukh,46,Female,Amravati,Private Insurance,2024-09-19
P06433,Priya Jain,38,Male,Nagpur,Private Insurance,2025-09-05
P06434,Vivaan Patil,71,Male,Nashik,Government Scheme,2024-04-18
P06435,Riya Mehta,48,Male,Nagpur,Self Pay,2024-11-25
P06436,Isha Jain,46,Male,Nagpur,Government Scheme,2025-12-26
P06437,Rohan Sharma,59,Male,Chandrapur,Government Scheme,2025-08-03
P06438,Nisha Verma,63,Male,Bhandara,Self Pay,2024-10-13
P06439,Vikram Kulkarni,57,Female,Mumbai,Private Insurance,2025-10-17
P06440,Priya Patil,69,Female,Chandrapur,Corporate Insurance,2024-11-29
P06441,Meera Pawar,54,Male,Pune,Government Scheme,2025-11-19
P06442,Sneha Rao,45,Male,Nagpur,Self Pay,2024-03-09
P06443,Sneha Singh,66,Male,Nagpur,Private Insurance,2025-08-26
P06444,Riya Kulkarni,40,Female,Nashik,Private Insurance,2025-05-08
P06445,Vivaan Reddy,43,Male,Nagpur,Self Pay,2024-05-09
P06446,Aditi Rao,75,Female,Pune,Private Insurance,2024-07-25
P06447,Nisha Reddy,73,Female,Jabalpur,Corporate Insurance,2025-08-19
P06448,Neha Sharma,42,Male,Nagpur,Self Pay,2025-06-24
P06449,Sneha Patil,33,Female,Nashik,Self Pay,2024-05-18
P06450,Aditya Singh,70,Male,Amravati,Private Insurance,2024-02-19
P06451,Nisha Joshi,57,Female,Nagpur,Corporate Insurance,2024-08-19
P06452,Arjun Kulkarni,48,Male,Amravati,Corporate Insurance,2024-08-04
P06453,Vikram Mehta,36,Male,Chandrapur,Private Insurance,2025-04-01
P06454,Arjun Rao,48,Female,Jabalpur,Government Scheme,2025-06-28
P06455,Rahul Gupta,42,Male,Nagpur,Corporate Insurance,2024-07-20
P06456,Neha Mehta,29,Male,Akola,Private Insurance,2024-10-16
P06457,Diya Kulkarni,44,Female,Nagpur,Private Insurance,2024-05-16
P06458,Priya Singh,47,Male,Nagpur,Corporate Insurance,2024-01-26
P06459,Pooja Patil,35,Male,Chandrapur,Government Scheme,2025-10-28
P06460,Aditi Sharma,59,Female,Nashik,Corporate Insurance,2025-07-30
P06461,Rohan Jain,66,Male,Akola,Private Insurance,2025-07-30
P06462,Rahul Pawar,60,Female,Jabalpur,Government Scheme,2025-12-05
P06463,Arjun Mehta,37,Female,Nagpur,Government Scheme,2024-01-30
P06464,Karan Patil,56,Female,Bhandara,Government Scheme,2024-10-01
P06465,Aditya Deshmukh,43,Male,Nagpur,Corporate Insurance,2025-06-26
P06466,Sneha Sharma,19,Male,Pune,Self Pay,2025-03-29
P06467,Meera Singh,55,Female,Nagpur,Corporate Insurance,2025-07-27
P06468,Karan Singh,45,Female,Nagpur,Private Insurance,2024-09-29
P06469,Rahul Shah,90,Female,Nashik,Corporate Insurance,2024-03-08
P06470,Aarav Deshmukh,70,Male,Amravati,Self Pay,2025-02-09
P06471,Aditya Sharma,56,Female,Akola,Private Insurance,2025-06-24
P06472,Karan Joshi,47,Female,Jabalpur,Government Scheme,2025-06-23
P06473,Rahul Sharma,45,Female,Wardha,Private Insurance,2024-05-07
P06474,Pooja Rao,23,Female,Bhandara,Private Insurance,2025-04-07
P06475,Sneha Deshmukh,9,Male,Jabalpur,Corporate Insurance,2025-04-06
P06476,Pooja Joshi,25,Male,Nashik,Corporate Insurance,2024-08-17
P06477,Karan Jain,41,Female,Nagpur,Private Insurance,2024-07-08
P06478,Rohan Rao,2,Male,Pune,Private Insurance,2024-05-22
P06479,Riya Singh,32,Female,Wardha,Private Insurance,2024-03-21
P06480,Isha Joshi,37,Male,Pune,Self Pay,2025-02-01
P06481,Neha Shah,38,Female,Chandrapur,Government Scheme,2024-08-17
P06482,Priya Sharma,29,Female,Nagpur,Government Scheme,2025-04-26
P06483,Vikram Patil,36,Male,Pune,Government Scheme,2025-03-05
P06484,Ananya Khan,75,Female,Nagpur,Corporate Insurance,2025-02-23
P06485,Aditya Mehta,55,Male,Mumbai,Private Insurance,2025-12-04
P06486,Kavya Verma,31,Female,Pune,Private Insurance,2024-04-03
P06487,Arjun Jain,41,Female,Jabalpur,Government Scheme,2024-01-28
P06488,Pooja Singh,41,Male,Nagpur,Corporate Insurance,2024-09-16
P06489,Aditya Kulkarni,27,Female,Amravati,Self Pay,2024-01-18
P06490,Rahul Verma,27,Female,Nagpur,Corporate Insurance,2025-06-27
P06491,Meera Rao,61,Male,Amravati,Corporate Insurance,2024-09-27
P06492,Arjun Joshi,34,Female,Amravati,Private Insurance,2024-04-17
P06493,Rohan Joshi,21,Male,Chandrapur,Self Pay,2024-03-01
P06494,Nisha Patil,41,Female,Amravati,Corporate Insurance,2025-10-06
P06495,Arjun Singh,44,Male,Jabalpur,Private Insurance,2024-10-01
P06496,Vikram Reddy,5,Male,Nagpur,Self Pay,2024-12-06
P06497,Meera Deshmukh,41,Female,Amravati,Private Insurance,2024-05-03
P06498,Diya Patil,58,Male,Akola,Self Pay,2025-07-31
P06499,Ananya Reddy,51,Male,Nagpur,Private Insurance,2025-06-22
P06500,Diya Singh,84,Male,Nashik,Private Insurance,2024-09-05
P06501,Vikram Rao,66,Female,Akola,Self Pay,2025-09-13
P06502,Meera Khan,70,Male,Akola,Government Scheme,2024-09-19
P06503,Pooja Jain,90,Male,Akola,Private Insurance,2025-10-21
P06504,Nisha Shah,56,Male,Pune,Private Insurance,2025-12-06
P06505,Arjun Joshi,45,Male,Jabalpur,Corporate Insurance,2024-12-03
P06506,Rohan Pawar,61,Male,Nagpur,Corporate Insurance,2025-02-18
P06507,Vivaan Gupta,31,Male,Wardha,Self Pay,2025-09-03
P06508,Sneha Kulkarni,44,Male,Pune,Private Insurance,2024-03-15
P06509,Karan Kulkarni,30,Male,Nagpur,Self Pay,2024-12-14
P06510,Aditya Sharma,50,Male,Bhandara,Government Scheme,2025-11-30
P06511,Sneha Singh,30,Female,Chandrapur,Government Scheme,2024-05-26
P06512,Neha Gupta,29,Male,Nagpur,Private Insurance,2024-09-30
P06513,Rohan Mehta,50,Female,Amravati,Private Insurance,2025-09-13
P06514,Sneha Sharma,39,Male,Pune,Private Insurance,2025-06-02
P06515,Aditi Pawar,5,Male,Nagpur,Government Scheme,2024-12-23
P06516,Rahul Gupta,14,Male,Nagpur,Private Insurance,2024-04-03
P06517,Isha Patil,20,Female,Pune,Government Scheme,2024-05-12
P06518,Vivaan Shah,25,Male,Pune,Government Scheme,2025-09-16
P06519,Aditi Shah,50,Female,Chandrapur,Government Scheme,2025-01-07
P06520,Riya Jain,46,Male,Amravati,Government Scheme,2025-12-01
P06521,Kavya Deshmukh,62,Male,Nagpur,Government Scheme,2024-03-15
P06522,Aditi Mehta,56,Male,Pune,Private Insurance,2024-10-06
P06523,Riya Sharma,62,Female,Nagpur,Private Insurance,2024-03-09
P06524,Rahul Kulkarni,54,Male,Mumbai,Government Scheme,2024-04-15
P06525,Priya Singh,46,Female,Nashik,Government Scheme,2024-01-08
P06526,Aditi Sharma,63,Male,Nagpur,Government Scheme,2025-02-11
P06527,Rahul Patil,59,Male,Chandrapur,Government Scheme,2024-06-21
P06528,Isha Verma,49,Male,Mumbai,Private Insurance,2024-04-28
P06529,Priya Gupta,66,Female,Mumbai,Private Insurance,2025-10-04
P06530,Rahul Gupta,1,Female,Chandrapur,Self Pay,2024-11-18
P06531,Priya Rao,36,Male,Nagpur,Government Scheme,2025-01-29
P06532,Arjun Deshmukh,36,Other,Akola,Government Scheme,2025-03-30
P06533,Aditi Reddy,64,Female,Akola,Private Insurance,2024-11-12
P06534,Riya Rao,72,Male,Bhandara,Self Pay,2024-04-11
P06535,Rohan Deshmukh,14,Female,Nagpur,Private Insurance,2024-12-23
P06536,Neha Jain,69,Female,Mumbai,Government Scheme,2025-11-23
P06537,Kavya Rao,20,Other,Wardha,Government Scheme,2025-05-15
P06538,Riya Joshi,20,Male,Nagpur,Government Scheme,2025-05-30
P06539,Rahul Kulkarni,38,Other,Nagpur,Self Pay,2025-02-19
P06540,Rahul Jain,36,Female,Nagpur,Private Insurance,2024-09-20
P06541,Kavya Jain,12,Male,Wardha,Private Insurance,2024-12-07
P06542,Aarav Mehta,54,Male,Nagpur,Private Insurance,2024-10-30
P06543,Rahul Gupta,55,Male,Wardha,Corporate Insurance,2025-03-01
P06544,Meera Patil,62,Female,Nagpur,Corporate Insurance,2025-09-11
P06545,Sneha Khan,34,Male,Nagpur,Self Pay,2024-01-11
P06546,Ananya Gupta,41,Female,Nagpur,Government Scheme,2024-12-13
P06547,Rahul Singh,41,Male,Amravati,Private Insurance,2024-07-13
P06548,Aditi Kulkarni,74,Male,Amravati,Self Pay,2025-12-21
P06549,Aditi Shah,1,Female,Amravati,Private Insurance,2024-04-16
P06550,Aarav Reddy,24,Female,Nashik,Private Insurance,2024-02-15
P06551,Vikram Singh,42,Male,Wardha,Self Pay,2025-05-28
P06552,Diya Singh,21,Male,Akola,Private Insurance,2024-07-17
P06553,Pooja Rao,37,Female,Nagpur,Self Pay,2024-06-08
P06554,Aditi Verma,40,Female,Amravati,Self Pay,2025-01-13
P06555,Aarav Khan,30,Male,Nagpur,Self Pay,2025-11-09
P06556,Rohan Gupta,43,Female,Wardha,Self Pay,2024-04-09
P06557,Pooja Pawar,54,Male,Chandrapur,Private Insurance,2025-01-28
P06558,Meera Mehta,38,Male,Pune,Self Pay,2024-09-17
P06559,Priya Reddy,33,Female,Bhandara,Self Pay,2024-05-16
P06560,Arjun Shah,39,Male,Amravati,Self Pay,2025-01-14
P06561,Ananya Mehta,42,Male,Nagpur,Corporate Insurance,2025-12-03
P06562,Kavya Gupta,9,Male,Jabalpur,Corporate Insurance,2024-07-09
P06563,Nisha Singh,51,Male,Nagpur,Self Pay,2024-06-08
P06564,Rohan Reddy,33,Female,Nagpur,Corporate Insurance,2024-04-30
P06565,Arjun Khan,66,Female,Nagpur,Private Insurance,2025-03-27
P06566,Nisha Khan,53,Male,Jabalpur,Corporate Insurance,2024-07-14
P06567,Isha Mehta,64,Female,Mumbai,Corporate Insurance,2025-03-08
P06568,Arjun Joshi,23,Female,Nagpur,Private Insurance,2024-03-01
P06569,Priya Jain,35,Female,Nagpur,Government Scheme,2025-05-28
P06570,Rahul Singh,18,Male,Nashik,Government Scheme,2024-05-23
P06571,Pooja Pawar,29,Female,Nagpur,Self Pay,2024-03-04
P06572,Arjun Rao,66,Male,Nagpur,Private Insurance,2024-02-14
P06573,Vikram Shah,70,Male,Wardha,Government Scheme,2025-08-01
P06574,Meera Joshi,20,Female,Amravati,Government Scheme,2025-11-26
P06575,Vivaan Mehta,33,Male,Amravati,Private Insurance,2024-10-31
P06576,Pooja Deshmukh,41,Female,Chandrapur,Corporate Insurance,2024-04-27
P06577,Isha Jain,53,Male,Nashik,Government Scheme,2025-08-24
P06578,Aditi Reddy,9,Male,Bhandara,Government Scheme,2024-01-01
P06579,Vivaan Mehta,12,Male,Nagpur,Corporate Insurance,2024-08-21
P06580,Aditya Singh,51,Male,Nagpur,Private Insurance,2025-11-29
P06581,Meera Reddy,5,Male,Mumbai,Private Insurance,2024-10-12
P06582,Meera Kulkarni,34,Male,Nagpur,Private Insurance,2025-07-07
P06583,Priya Patil,45,Male,Amravati,Corporate Insurance,2024-09-20
P06584,Aarav Jain,50,Female,Nagpur,Corporate Insurance,2024-07-13
P06585,Diya Khan,39,Male,Nagpur,Government Scheme,2024-08-20
P06586,Diya Mehta,35,Male,Wardha,Private Insurance,2025-10-03
P06587,Karan Shah,58,Female,Nagpur,Government Scheme,2024-11-23
P06588,Rahul Deshmukh,47,Other,Chandrapur,Government Scheme,2025-09-28
P06589,Aditya Patil,30,Male,Amravati,Government Scheme,2025-12-24
P06590,Vivaan Gupta,43,Male,Pune,Private Insurance,2025-06-24
P06591,Ananya Jain,49,Female,Chandrapur,Private Insurance,2024-08-04
P06592,Kavya Kulkarni,75,Male,Nagpur,Corporate Insurance,2025-03-08
P06593,Meera Deshmukh,57,Male,Pune,Government Scheme,2024-09-28
P06594,Rahul Joshi,65,Female,Mumbai,Private Insurance,2025-03-02
P06595,Diya Gupta,30,Male,Nagpur,Corporate Insurance,2025-05-29
P06596,Rohan Kulkarni,32,Male,Akola,Government Scheme,2025-12-08
P06597,Aditya Mehta,38,Female,Chandrapur,Self Pay,2025-07-25
P06598,Pooja Rao,39,Male,Akola,Private Insurance,2024-12-05
P06599,Rahul Pawar,23,Female,Nagpur,Corporate Insurance,2025-09-25
P06600,Kavya Gupta,66,Male,Nagpur,Private Insurance,2025-08-13
P06601,Nisha Deshmukh,59,Male,Nagpur,Corporate Insurance,2024-07-30
P06602,Arjun Kulkarni,36,Female,Nagpur,Self Pay,2024-03-23
P06603,Vikram Singh,54,Male,Amravati,Private Insurance,2024-11-01
P06604,Riya Verma,46,Female,Mumbai,Private Insurance,2025-05-26
P06605,Sneha Verma,56,Female,Amravati,Self Pay,2024-06-26
P06606,Aarav Mehta,16,Male,Amravati,Private Insurance,2025-12-23
P06607,Isha Singh,39,Female,Nagpur,Private Insurance,2025-12-09
P06608,Vikram Shah,41,Female,Amravati,Self Pay,2024-01-08
P06609,Kavya Pawar,54,Female,Pune,Private Insurance,2024-10-18
P06610,Aditya Kulkarni,30,Male,Pune,Government Scheme,2024-07-07
P06611,Aditya Deshmukh,1,Male,Amravati,Government Scheme,2025-09-27
P06612,Aditi Reddy,21,Female,Amravati,Private Insurance,2025-07-27
P06613,Riya Patil,41,Female,Nagpur,Private Insurance,2025-05-04
P06614,Aditi Joshi,43,Female,Jabalpur,Private Insurance,2025-06-19
P06615,Arjun Pawar,74,Female,Nagpur,Corporate Insurance,2025-08-05
P06616,Vikram Shah,53,Female,Amravati,Private Insurance,2025-06-19
P06617,Riya Pawar,44,Male,Amravati,Self Pay,2025-05-03
P06618,Rahul Reddy,41,Male,Nagpur,Self Pay,2025-12-18
P06619,Sneha Verma,63,Female,Nagpur,Self Pay,2025-02-04
P06620,Vivaan Deshmukh,31,Male,Mumbai,Private Insurance,2024-03-10
P06621,Rohan Patil,39,Male,Nagpur,Private Insurance,2024-11-06
P06622,Nisha Sharma,21,Female,Nagpur,Government Scheme,2025-05-07
P06623,Nisha Jain,69,Female,Nagpur,Self Pay,2025-09-30
P06624,Vivaan Shah,49,Male,Nagpur,Self Pay,2025-04-13
P06625,Aarav Joshi,29,Female,Jabalpur,Private Insurance,2024-07-23
P06626,Rahul Khan,40,Male,Akola,Self Pay,2024-05-30
P06627,Arjun Jain,52,Male,Mumbai,Private Insurance,2025-09-04
P06628,Sneha Rao,37,Male,Pune,Government Scheme,2024-06-04
P06629,Meera Gupta,32,Female,Chandrapur,Government Scheme,2024-01-20
P06630,Sneha Khan,30,Female,Bhandara,Private Insurance,2025-04-19
P06631,Rohan Verma,48,Male,Wardha,Corporate Insurance,2025-01-15
P06632,Priya Mehta,35,Female,Akola,Government Scheme,2025-04-22
P06633,Isha Reddy,33,Female,Akola,Private Insurance,2024-12-02
P06634,Isha Singh,17,Male,Chandrapur,Private Insurance,2025-03-14
P06635,Vikram Singh,43,Female,Wardha,Self Pay,2024-09-12
P06636,Vivaan Singh,39,Male,Akola,Self Pay,2024-12-03
P06637,Ananya Pawar,36,Male,Nagpur,Private Insurance,2024-05-03
P06638,Aditi Shah,46,Male,Bhandara,Private Insurance,2025-05-16
P06639,Neha Jain,56,Female,Wardha,Government Scheme,2025-03-08
P06640,Arjun Rao,55,Male,Bhandara,Government Scheme,2024-08-22
P06641,Meera Jain,53,Male,Wardha,Private Insurance,2025-02-21
P06642,Aditya Verma,37,Female,Nashik,Government Scheme,2024-06-21
P06643,Nisha Kulkarni,31,Male,Nashik,Government Scheme,2025-06-20
P06644,Aarav Pawar,22,Female,Nagpur,Private Insurance,2025-03-10
P06645,Riya Patil,31,Female,Amravati,Private Insurance,2025-04-22
P06646,Arjun Kulkarni,42,Male,Nagpur,Private Insurance,2025-03-26
P06647,Ananya Patil,27,Female,Nagpur,Private Insurance,2025-09-05
P06648,Arjun Kulkarni,44,Female,Nagpur,Corporate Insurance,2025-08-15
P06649,Meera Patil,24,Male,Nashik,Private Insurance,2024-07-18
P06650,Sneha Gupta,10,Female,Pune,Private Insurance,2024-10-30
P06651,Aditi Rao,58,Male,Nagpur,Corporate Insurance,2025-02-02
P06652,Priya Sharma,33,Female,Mumbai,Corporate Insurance,2025-07-11
P06653,Aditya Verma,26,Male,Amravati,Self Pay,2024-01-30
P06654,Ananya Gupta,21,Male,Pune,Private Insurance,2025-10-31
P06655,Pooja Pawar,50,Female,Wardha,Government Scheme,2024-08-18
P06656,Rahul Rao,68,Male,Akola,Self Pay,2024-11-06
P06657,Riya Singh,34,Female,Amravati,Self Pay,2024-07-11
P06658,Rohan Reddy,38,Female,Nagpur,Private Insurance,2025-01-31
P06659,Sneha Deshmukh,62,Female,Nagpur,Private Insurance,2024-07-17
P06660,Arjun Verma,8,Female,Akola,Private Insurance,2025-10-26
P06661,Priya Reddy,79,Female,Mumbai,Self Pay,2024-08-20
P06662,Aditya Sharma,88,Male,Chandrapur,Private Insurance,2024-08-07
P06663,Neha Shah,1,Male,Nashik,Government Scheme,2024-01-15
P06664,Vivaan Shah,40,Other,Nagpur,Government Scheme,2025-06-11
P06665,Aarav Rao,28,Male,Nashik,Corporate Insurance,2025-10-31
P06666,Riya Shah,37,Female,Pune,Corporate Insurance,2025-02-25
P06667,Kavya Reddy,34,Female,Amravati,Self Pay,2025-10-25
P06668,Aarav Pawar,57,Female,Wardha,Private Insurance,2024-10-29
P06669,Rohan Verma,40,Male,Nagpur,Corporate Insurance,2025-05-21
P06670,Priya Deshmukh,25,Male,Nagpur,Private Insurance,2025-09-22
P06671,Nisha Kulkarni,39,Female,Nagpur,Private Insurance,2025-06-24
P06672,Riya Sharma,52,Female,Nashik,Government Scheme,2024-04-24
P06673,Pooja Gupta,20,Female,Pune,Self Pay,2025-12-09
P06674,Sneha Kulkarni,11,Male,Nagpur,Private Insurance,2024-01-26
P06675,Meera Pawar,80,Female,Mumbai,Private Insurance,2024-03-26
P06676,Diya Shah,30,Male,Pune,Private Insurance,2024-05-31
P06677,Aditi Rao,39,Female,Bhandara,Government Scheme,2025-06-09
P06678,Meera Deshmukh,34,Female,Jabalpur,Self Pay,2025-10-01
P06679,Vivaan Rao,52,Female,Mumbai,Government Scheme,2025-01-28
P06680,Arjun Khan,76,Male,Nagpur,Government Scheme,2024-09-07
P06681,Sneha Mehta,53,Male,Jabalpur,Self Pay,2024-12-01
P06682,Karan Singh,13,Female,Wardha,Government Scheme,2025-05-14
P06683,Diya Joshi,16,Female,Nagpur,Government Scheme,2024-06-07
P06684,Sneha Jain,34,Female,Nagpur,Government Scheme,2024-06-17
P06685,Isha Mehta,37,Female,Akola,Self Pay,2024-08-02
P06686,Priya Jain,9,Female,Jabalpur,Self Pay,2024-12-24
P06687,Pooja Reddy,58,Female,Wardha,Private Insurance,2025-06-20
P06688,Priya Sharma,21,Male,Bhandara,Corporate Insurance,2025-01-16
P06689,Aditi Rao,70,Male,Nagpur,Government Scheme,2024-03-10
P06690,Sneha Rao,77,Male,Pune,Corporate Insurance,2024-06-28
P06691,Rohan Reddy,37,Male,Nagpur,Government Scheme,2024-02-02
P06692,Aditya Singh,50,Other,Bhandara,Government Scheme,2024-10-09
P06693,Isha Mehta,19,Male,Bhandara,Private Insurance,2025-01-04
P06694,Isha Singh,54,Female,Nagpur,Government Scheme,2024-07-10
P06695,Karan Kulkarni,33,Female,Jabalpur,Government Scheme,2024-02-02
P06696,Vikram Reddy,21,Female,Jabalpur,Corporate Insurance,2024-03-14
P06697,Isha Joshi,37,Male,Wardha,Corporate Insurance,2025-05-18
P06698,Aarav Mehta,33,Female,Nashik,Government Scheme,2024-11-11
P06699,Priya Shah,36,Female,Pune,Corporate Insurance,2025-12-09
P06700,Rahul Verma,60,Male,Nagpur,Corporate Insurance,2025-02-15
P06701,Priya Kulkarni,27,Male,Nagpur,Corporate Insurance,2024-08-10
P06702,Isha Singh,75,Male,Akola,Private Insurance,2024-03-06
P06703,Nisha Deshmukh,17,Male,Bhandara,Private Insurance,2025-06-21
P06704,Priya Jain,73,Male,Akola,Corporate Insurance,2024-09-18
P06705,Diya Gupta,23,Male,Bhandara,Government Scheme,2025-03-11
P06706,Isha Khan,42,Female,Nashik,Government Scheme,2024-12-03
P06707,Karan Deshmukh,33,Male,Nagpur,Government Scheme,2024-02-29
P06708,Vivaan Sharma,35,Male,Nagpur,Private Insurance,2025-11-11
P06709,Nisha Deshmukh,57,Female,Nagpur,Private Insurance,2024-03-27
P06710,Neha Deshmukh,70,Male,Amravati,Private Insurance,2025-03-21
P06711,Isha Jain,65,Male,Nashik,Government Scheme,2024-04-14
P06712,Aditya Kulkarni,34,Male,Pune,Government Scheme,2025-11-18
P06713,Ananya Jain,46,Male,Amravati,Government Scheme,2024-07-26
P06714,Meera Jain,27,Female,Chandrapur,Private Insurance,2025-01-17
P06715,Meera Joshi,23,Female,Nagpur,Private Insurance,2024-02-27
P06716,Meera Reddy,20,Female,Wardha,Government Scheme,2025-08-09
P06717,Ananya Jain,34,Male,Jabalpur,Private Insurance,2024-06-12
P06718,Neha Patil,47,Male,Nagpur,Corporate Insurance,2024-03-11
P06719,Vivaan Pawar,6,Other,Pune,Government Scheme,2024-07-25
P06720,Arjun Shah,41,Male,Nagpur,Private Insurance,2025-02-16
P06721,Ananya Shah,71,Male,Amravati,Government Scheme,2024-08-26
P06722,Sneha Gupta,63,Female,Chandrapur,Government Scheme,2024-09-14
P06723,Aditya Kulkarni,31,Female,Nashik,Private Insurance,2024-02-25
P06724,Riya Gupta,15,Female,Chandrapur,Self Pay,2025-06-15
P06725,Pooja Shah,51,Male,Mumbai,Private Insurance,2024-09-07
P06726,Arjun Pawar,1,Female,Pune,Private Insurance,2025-10-02
P06727,Diya Khan,63,Male,Chandrapur,Private Insurance,2024-10-20
P06728,Neha Deshmukh,38,Male,Amravati,Government Scheme,2025-06-03
P06729,Vivaan Deshmukh,77,Female,Amravati,Self Pay,2024-08-17
P06730,Neha Kulkarni,9,Male,Chandrapur,Self Pay,2024-03-05
P06731,Vikram Kulkarni,59,Male,Chandrapur,Government Scheme,2025-04-11
P06732,Aarav Pawar,40,Male,Amravati,Private Insurance,2025-03-29
P06733,Arjun Singh,36,Female,Amravati,Self Pay,2025-12-15
P06734,Arjun Verma,16,Female,Nagpur,Government Scheme,2025-06-27
P06735,Nisha Singh,53,Female,Nagpur,Government Scheme,2025-04-05
P06736,Riya Kulkarni,55,Male,Wardha,Government Scheme,2024-01-22
P06737,Sneha Kulkarni,76,Male,Pune,Government Scheme,2025-08-26
P06738,Priya Pawar,61,Male,Nashik,Self Pay,2024-05-03
P06739,Aarav Singh,31,Male,Jabalpur,Government Scheme,2025-06-18
P06740,Aditya Singh,23,Female,Akola,Corporate Insurance,2025-05-11
P06741,Aditya Mehta,16,Other,Nagpur,Self Pay,2025-08-10
P06742,Meera Kulkarni,70,Female,Akola,Government Scheme,2024-08-17
P06743,Nisha Rao,27,Female,Pune,Private Insurance,2024-12-28
P06744,Rahul Rao,70,Male,Chandrapur,Private Insurance,2024-02-15
P06745,Ananya Gupta,52,Male,Wardha,Private Insurance,2024-09-17
P06746,Nisha Reddy,48,Male,Chandrapur,Private Insurance,2025-10-11
P06747,Riya Shah,36,Male,Nagpur,Private Insurance,2024-05-27
P06748,Meera Rao,55,Female,Nagpur,Self Pay,2025-11-26
P06749,Aarav Reddy,42,Female,Nagpur,Private Insurance,2024-02-07
P06750,Nisha Shah,35,Female,Amravati,Private Insurance,2024-09-29
P06751,Aarav Gupta,55,Male,Mumbai,Government Scheme,2024-10-02
P06752,Aditya Khan,39,Female,Nagpur,Self Pay,2025-12-25
P06753,Vikram Gupta,27,Female,Nagpur,Private Insurance,2025-01-31
P06754,Meera Singh,53,Female,Nashik,Corporate Insurance,2025-09-17
P06755,Aditya Shah,41,Male,Mumbai,Corporate Insurance,2025-09-12
P06756,Vivaan Kulkarni,51,Male,Bhandara,Corporate Insurance,2025-02-09
P06757,Karan Gupta,33,Female,Amravati,Self Pay,2025-06-11
P06758,Arjun Jain,19,Female,Amravati,Self Pay,2025-06-29
P06759,Rahul Singh,75,Male,Chandrapur,Private Insurance,2025-01-02
P06760,Priya Khan,71,Male,Pune,Self Pay,2025-11-14
P06761,Aarav Mehta,59,Female,Nagpur,Private Insurance,2024-11-10
P06762,Neha Jain,35,Female,Mumbai,Private Insurance,2025-06-14
P06763,Sneha Kulkarni,36,Male,Chandrapur,Corporate Insurance,2024-09-13
P06764,Sneha Joshi,68,Male,Nashik,Government Scheme,2024-09-03
P06765,Karan Gupta,35,Female,Nagpur,Private Insurance,2024-09-20
P06766,Vikram Pawar,30,Male,Mumbai,Private Insurance,2024-05-20
P06767,Sneha Joshi,78,Male,Bhandara,Government Scheme,2025-08-13
P06768,Karan Jain,41,Female,Amravati,Self Pay,2024-11-11
P06769,Pooja Joshi,76,Female,Amravati,Corporate Insurance,2025-05-05
P06770,Aditya Gupta,15,Male,Nagpur,Private Insurance,2024-05-16
P06771,Aditya Singh,52,Male,Nagpur,Private Insurance,2025-05-15
P06772,Sneha Khan,81,Female,Nagpur,Private Insurance,2024-01-16
P06773,Karan Gupta,43,Male,Nagpur,Self Pay,2025-04-18
P06774,Diya Jain,37,Female,Wardha,Government Scheme,2024-11-28
P06775,Aditi Reddy,20,Male,Akola,Self Pay,2024-03-29
P06776,Karan Deshmukh,63,Female,Nashik,Government Scheme,2024-08-28
P06777,Vivaan Reddy,27,Female,Chandrapur,Private Insurance,2024-01-30
P06778,Nisha Pawar,40,Female,Nagpur,Private Insurance,2024-03-10
P06779,Vivaan Shah,19,Male,Amravati,Private Insurance,2025-08-16
P06780,Sneha Jain,72,Male,Akola,Self Pay,2025-09-28
P06781,Pooja Jain,64,Male,Nashik,Government Scheme,2025-08-26
P06782,Vivaan Khan,41,Female,Nagpur,Corporate Insurance,2024-03-30
P06783,Aditi Shah,20,Male,Mumbai,Private Insurance,2025-03-02
P06784,Isha Verma,71,Female,Pune,Corporate Insurance,2025-04-05
P06785,Kavya Gupta,35,Male,Pune,Private Insurance,2024-09-08
P06786,Aditi Pawar,21,Female,Akola,Private Insurance,2025-02-19
P06787,Karan Pawar,9,Male,Amravati,Private Insurance,2024-07-17
P06788,Aarav Reddy,30,Female,Mumbai,Private Insurance,2025-12-15
P06789,Diya Shah,14,Female,Mumbai,Private Insurance,2024-06-29
P06790,Ananya Singh,30,Male,Pune,Private Insurance,2024-07-04
P06791,Pooja Singh,56,Female,Mumbai,Government Scheme,2025-07-13
P06792,Aditya Khan,35,Female,Mumbai,Self Pay,2024-06-20
P06793,Priya Rao,49,Male,Nashik,Self Pay,2025-10-19
P06794,Rahul Mehta,28,Female,Nagpur,Self Pay,2025-04-02
P06795,Riya Sharma,43,Male,Bhandara,Self Pay,2025-10-22
P06796,Nisha Mehta,78,Male,Chandrapur,Corporate Insurance,2025-02-11
P06797,Kavya Rao,35,Male,Nashik,Private Insurance,2025-12-04
P06798,Rohan Sharma,49,Female,Wardha,Corporate Insurance,2025-08-15
P06799,Priya Pawar,12,Male,Wardha,Government Scheme,2025-08-11
P06800,Riya Pawar,71,Male,Jabalpur,Government Scheme,2024-05-06
P06801,Aditya Kulkarni,33,Female,Wardha,Government Scheme,2025-08-08
P06802,Vikram Reddy,62,Male,Nagpur,Private Insurance,2024-08-07
P06803,Sneha Mehta,40,Male,Akola,Private Insurance,2025-08-30
P06804,Sneha Deshmukh,54,Female,Amravati,Government Scheme,2024-01-04
P06805,Riya Patil,55,Female,Nagpur,Self Pay,2024-02-13
P06806,Rahul Deshmukh,33,Male,Chandrapur,Corporate Insurance,2025-06-10
P06807,Vivaan Reddy,63,Female,Jabalpur,Private Insurance,2024-02-17
P06808,Aditya Patil,28,Male,Nagpur,Private Insurance,2024-08-25
P06809,Vivaan Singh,57,Female,Amravati,Government Scheme,2024-12-04
P06810,Rohan Khan,35,Female,Wardha,Private Insurance,2024-06-21
P06811,Rahul Joshi,49,Male,Akola,Private Insurance,2025-06-23
P06812,Arjun Joshi,33,Other,Amravati,Private Insurance,2025-03-17
P06813,Rohan Mehta,43,Female,Amravati,Self Pay,2025-04-22
P06814,Isha Shah,22,Male,Akola,Private Insurance,2024-07-02
P06815,Nisha Kulkarni,47,Female,Jabalpur,Private Insurance,2024-01-17
P06816,Riya Gupta,43,Female,Nagpur,Private Insurance,2024-02-11
P06817,Aditi Deshmukh,32,Male,Bhandara,Government Scheme,2024-07-01
P06818,Isha Shah,41,Female,Pune,Private Insurance,2024-06-21
P06819,Riya Verma,45,Male,Nagpur,Government Scheme,2025-03-23
P06820,Karan Verma,30,Female,Pune,Corporate Insurance,2025-09-12
P06821,Priya Joshi,40,Female,Amravati,Private Insurance,2024-07-25
P06822,Diya Singh,23,Female,Nagpur,Private Insurance,2025-03-10
P06823,Rohan Verma,87,Male,Nagpur,Private Insurance,2025-11-01
P06824,Aditya Deshmukh,62,Male,Nagpur,Corporate Insurance,2024-12-09
P06825,Nisha Mehta,47,Female,Pune,Government Scheme,2024-05-29
P06826,Arjun Pawar,64,Female,Akola,Self Pay,2024-12-24
P06827,Aditya Mehta,4,Other,Pune,Corporate Insurance,2024-02-16
P06828,Pooja Jain,1,Female,Nashik,Corporate Insurance,2025-12-28
P06829,Karan Gupta,34,Male,Amravati,Corporate Insurance,2025-10-28
P06830,Riya Pawar,16,Male,Mumbai,Private Insurance,2024-01-23
P06831,Meera Rao,38,Male,Mumbai,Government Scheme,2024-07-12
P06832,Kavya Gupta,46,Female,Amravati,Corporate Insurance,2024-04-27
P06833,Vivaan Joshi,59,Female,Nashik,Government Scheme,2025-09-30
P06834,Pooja Deshmukh,20,Female,Pune,Self Pay,2025-09-23
P06835,Karan Rao,50,Female,Wardha,Corporate Insurance,2024-09-06
P06836,Ananya Joshi,42,Female,Nagpur,Government Scheme,2025-01-25
P06837,Isha Reddy,49,Other,Nagpur,Self Pay,2025-04-18
P06838,Rohan Pawar,32,Female,Jabalpur,Government Scheme,2025-12-27
P06839,Pooja Pawar,68,Female,Akola,Private Insurance,2025-08-22
P06840,Riya Shah,40,Female,Nashik,Private Insurance,2025-05-14
P06841,Pooja Gupta,76,Female,Mumbai,Government Scheme,2024-11-28
P06842,Vivaan Verma,27,Male,Nagpur,Corporate Insurance,2025-06-12
P06843,Aditya Khan,56,Female,Jabalpur,Corporate Insurance,2025-04-15
P06844,Ananya Jain,41,Male,Wardha,Private Insurance,2025-02-27
P06845,Sneha Kulkarni,36,Male,Nashik,Self Pay,2024-06-03
P06846,Nisha Shah,54,Female,Nagpur,Private Insurance,2024-01-13
P06847,Neha Singh,36,Male,Nagpur,Government Scheme,2025-01-13
P06848,Sneha Kulkarni,1,Female,Amravati,Corporate Insurance,2025-10-24
P06849,Ananya Mehta,1,Female,Amravati,Corporate Insurance,2025-12-26
P06850,Nisha Sharma,66,Male,Nagpur,Government Scheme,2025-01-16
P06851,Aditi Reddy,65,Male,Nagpur,Government Scheme,2025-12-06
P06852,Meera Kulkarni,78,Female,Chandrapur,Private Insurance,2024-01-07
P06853,Diya Kulkarni,42,Female,Mumbai,Self Pay,2025-08-22
P06854,Arjun Gupta,17,Female,Nagpur,Private Insurance,2024-06-02
P06855,Nisha Kulkarni,34,Male,Nagpur,Private Insurance,2024-09-17
P06856,Vikram Joshi,42,Male,Chandrapur,Self Pay,2024-09-12
P06857,Pooja Kulkarni,23,Female,Akola,Private Insurance,2024-06-13
P06858,Meera Gupta,73,Male,Chandrapur,Self Pay,2024-07-27
P06859,Aarav Verma,85,Male,Jabalpur,Government Scheme,2025-02-02
P06860,Meera Joshi,51,Female,Nagpur,Private Insurance,2024-01-21
P06861,Isha Mehta,42,Male,Wardha,Private Insurance,2024-06-07
P06862,Arjun Mehta,17,Male,Mumbai,Private Insurance,2024-07-23
P06863,Aditya Kulkarni,71,Female,Chandrapur,Private Insurance,2024-03-04
P06864,Priya Joshi,43,Male,Bhandara,Government Scheme,2025-10-16
P06865,Rohan Shah,37,Male,Mumbai,Government Scheme,2024-11-15
P06866,Aarav Reddy,51,Male,Nagpur,Government Scheme,2025-03-05
P06867,Rahul Jain,31,Female,Nagpur,Self Pay,2025-03-01
P06868,Rahul Mehta,45,Male,Nagpur,Self Pay,2024-08-26
P06869,Arjun Khan,15,Male,Pune,Self Pay,2024-07-16
P06870,Sneha Khan,63,Other,Pune,Government Scheme,2024-03-05
P06871,Vivaan Deshmukh,40,Female,Nagpur,Self Pay,2025-08-22
P06872,Riya Gupta,64,Male,Wardha,Private Insurance,2025-07-02
P06873,Kavya Mehta,38,Male,Bhandara,Private Insurance,2025-04-23
P06874,Neha Deshmukh,39,Female,Nagpur,Private Insurance,2025-06-08
P06875,Karan Patil,19,Female,Pune,Self Pay,2025-08-11
P06876,Aarav Mehta,56,Male,Amravati,Government Scheme,2024-01-02
P06877,Diya Jain,25,Male,Mumbai,Corporate Insurance,2025-05-05
P06878,Arjun Deshmukh,33,Male,Nashik,Private Insurance,2025-12-26
P06879,Meera Kulkarni,42,Female,Nagpur,Private Insurance,2025-08-27
P06880,Ananya Sharma,44,Male,Akola,Private Insurance,2024-07-12
P06881,Rahul Deshmukh,10,Female,Nashik,Self Pay,2025-03-06
P06882,Arjun Joshi,38,Male,Nagpur,Government Scheme,2024-07-10
P06883,Neha Khan,57,Female,Nagpur,Government Scheme,2024-04-04
P06884,Kavya Verma,35,Female,Pune,Government Scheme,2024-08-07
P06885,Isha Mehta,38,Male,Akola,Private Insurance,2024-09-09
P06886,Diya Sharma,45,Male,Nashik,Self Pay,2025-12-03
P06887,Diya Sharma,40,Female,Nagpur,Self Pay,2024-12-07
P06888,Vikram Verma,22,Female,Nashik,Government Scheme,2025-09-06
P06889,Nisha Khan,41,Male,Akola,Private Insurance,2025-11-27
P06890,Neha Rao,61,Other,Nagpur,Self Pay,2025-04-10
P06891,Nisha Verma,22,Female,Nagpur,Self Pay,2024-12-25
P06892,Meera Pawar,35,Male,Amravati,Corporate Insurance,2024-12-26
P06893,Aarav Sharma,16,Female,Nashik,Private Insurance,2025-07-27
P06894,Karan Sharma,60,Male,Nagpur,Corporate Insurance,2024-08-26
P06895,Neha Sharma,40,Female,Mumbai,Corporate Insurance,2024-11-27
P06896,Rohan Patil,26,Female,Nagpur,Private Insurance,2024-09-01
P06897,Diya Reddy,44,Male,Pune,Self Pay,2024-07-07
P06898,Vivaan Singh,19,Female,Nagpur,Private Insurance,2024-08-25
P06899,Isha Reddy,22,Male,Nashik,Private Insurance,2024-03-13
P06900,Meera Mehta,14,Female,Bhandara,Government Scheme,2025-09-21
P06901,Neha Jain,22,Female,Akola,Private Insurance,2025-09-26
P06902,Diya Gupta,68,Male,Jabalpur,Private Insurance,2025-05-12
P06903,Isha Deshmukh,28,Male,Nagpur,Self Pay,2025-07-04
P06904,Sneha Patil,51,Female,Nagpur,Corporate Insurance,2024-10-23
P06905,Nisha Sharma,26,Male,Nagpur,Private Insurance,2025-01-20
P06906,Aditya Deshmukh,56,Female,Wardha,Private Insurance,2025-12-26
P06907,Arjun Sharma,23,Male,Pune,Private Insurance,2024-02-10
P06908,Aditi Khan,43,Female,Nagpur,Private Insurance,2024-05-09
P06909,Karan Gupta,43,Male,Nashik,Corporate Insurance,2025-08-25
P06910,Rohan Kulkarni,86,Female,Amravati,Government Scheme,2024-02-25
P06911,Vikram Kulkarni,54,Male,Jabalpur,Self Pay,2025-07-21
P06912,Vikram Verma,31,Male,Amravati,Government Scheme,2024-09-25
P06913,Isha Patil,55,Male,Jabalpur,Corporate Insurance,2025-05-31
P06914,Meera Pawar,83,Female,Bhandara,Government Scheme,2025-12-17
P06915,Aditya Mehta,11,Female,Jabalpur,Corporate Insurance,2025-02-23
P06916,Aditi Jain,26,Female,Chandrapur,Government Scheme,2024-01-18
P06917,Nisha Reddy,37,Male,Amravati,Corporate Insurance,2025-01-19
P06918,Sneha Gupta,34,Female,Pune,Government Scheme,2024-02-29
P06919,Rohan Mehta,36,Male,Wardha,Corporate Insurance,2025-11-18
P06920,Diya Khan,17,Female,Nagpur,Private Insurance,2024-09-06
P06921,Riya Rao,69,Other,Wardha,Self Pay,2025-11-28
P06922,Neha Verma,15,Male,Mumbai,Government Scheme,2025-12-21
P06923,Vivaan Mehta,38,Male,Nashik,Government Scheme,2024-08-21
P06924,Aarav Kulkarni,62,Male,Nagpur,Government Scheme,2024-09-07
P06925,Rahul Shah,41,Male,Pune,Private Insurance,2025-09-26
P06926,Riya Shah,23,Male,Amravati,Corporate Insurance,2025-05-09
P06927,Aditya Shah,16,Male,Nagpur,Government Scheme,2025-01-02
P06928,Aditya Reddy,38,Male,Nagpur,Private Insurance,2025-09-22
P06929,Aarav Rao,28,Female,Nagpur,Self Pay,2024-07-06
P06930,Rohan Singh,46,Female,Akola,Self Pay,2025-05-04
P06931,Riya Deshmukh,15,Male,Nagpur,Private Insurance,2024-09-10
P06932,Nisha Shah,57,Male,Nagpur,Private Insurance,2024-03-06
P06933,Isha Gupta,44,Female,Amravati,Government Scheme,2024-09-15
P06934,Aditi Khan,46,Female,Mumbai,Self Pay,2024-04-18
P06935,Vikram Patil,69,Male,Chandrapur,Private Insurance,2025-12-26
P06936,Riya Singh,34,Female,Wardha,Private Insurance,2024-07-07
P06937,Aditya Kulkarni,28,Male,Nashik,Self Pay,2025-11-11
P06938,Rahul Joshi,32,Male,Nagpur,Private Insurance,2025-08-04
P06939,Diya Sharma,38,Female,Mumbai,Corporate Insurance,2024-09-26
P06940,Rohan Sharma,40,Female,Nagpur,Self Pay,2025-08-08
P06941,Nisha Reddy,26,Female,Nagpur,Corporate Insurance,2024-02-06
P06942,Arjun Pawar,4,Female,Amravati,Private Insurance,2024-05-04
P06943,Rohan Pawar,31,Male,Nagpur,Private Insurance,2025-08-07
P06944,Diya Sharma,49,Male,Nagpur,Government Scheme,2024-10-03
P06945,Pooja Jain,45,Male,Nashik,Private Insurance,2024-04-21
P06946,Vivaan Joshi,65,Female,Amravati,Private Insurance,2024-04-12
P06947,Aditya Gupta,79,Male,Nagpur,Government Scheme,2025-08-10
P06948,Ananya Singh,56,Female,Chandrapur,Government Scheme,2024-12-11
P06949,Priya Deshmukh,68,Male,Akola,Private Insurance,2024-11-18
P06950,Diya Jain,57,Female,Mumbai,Private Insurance,2024-09-22
P06951,Riya Mehta,74,Male,Nagpur,Private Insurance,2024-03-10
P06952,Rahul Kulkarni,77,Male,Pune,Self Pay,2025-12-25
P06953,Aditya Gupta,60,Female,Akola,Private Insurance,2024-06-07
P06954,Rahul Joshi,55,Male,Bhandara,Self Pay,2024-10-10
P06955,Riya Khan,38,Female,Nagpur,Self Pay,2025-08-25
P06956,Riya Gupta,41,Female,Wardha,Self Pay,2024-02-06
P06957,Vikram Mehta,36,Male,Nagpur,Corporate Insurance,2025-03-04
P06958,Aarav Khan,54,Male,Akola,Corporate Insurance,2025-01-14
P06959,Neha Gupta,28,Female,Akola,Private Insurance,2025-06-10
P06960,Nisha Joshi,38,Female,Nagpur,Private Insurance,2025-10-24
P06961,Karan Gupta,1,Female,Nagpur,Self Pay,2024-03-12
P06962,Vikram Gupta,75,Male,Mumbai,Self Pay,2024-09-26
P06963,Diya Rao,38,Male,Wardha,Private Insurance,2024-09-22
P06964,Diya Singh,51,Female,Bhandara,Corporate Insurance,2025-08-20
P06965,Neha Singh,70,Female,Jabalpur,Corporate Insurance,2024-11-26
P06966,Karan Verma,48,Male,Nagpur,Corporate Insurance,2024-10-31
P06967,Vikram Gupta,69,Male,Chandrapur,Private Insurance,2024-07-17
P06968,Kavya Shah,18,Female,Nashik,Government Scheme,2025-02-18
P06969,Nisha Rao,88,Male,Nagpur,Government Scheme,2025-03-29
P06970,Neha Khan,63,Female,Nagpur,Private Insurance,2025-01-01
P06971,Aditya Deshmukh,46,Female,Mumbai,Private Insurance,2025-03-25
P06972,Sneha Rao,69,Male,Nagpur,Private Insurance,2025-09-30
P06973,Kavya Verma,20,Male,Nagpur,Corporate Insurance,2025-09-21
P06974,Neha Singh,37,Female,Amravati,Government Scheme,2025-02-18
P06975,Vivaan Reddy,69,Male,Pune,Government Scheme,2025-11-22
P06976,Karan Singh,7,Male,Wardha,Private Insurance,2024-10-03
P06977,Karan Reddy,53,Male,Nagpur,Corporate Insurance,2024-01-16
P06978,Diya Mehta,52,Male,Amravati,Corporate Insurance,2025-07-13
P06979,Nisha Sharma,79,Male,Wardha,Self Pay,2025-07-15
P06980,Ananya Khan,12,Male,Nashik,Private Insurance,2024-02-06
P06981,Kavya Khan,73,Female,Mumbai,Private Insurance,2024-08-28
P06982,Neha Gupta,31,Male,Nagpur,Government Scheme,2024-07-17
P06983,Arjun Reddy,34,Female,Akola,Self Pay,2025-01-19
P06984,Aarav Mehta,19,Male,Akola,Corporate Insurance,2024-07-28
P06985,Aarav Gupta,21,Female,Nashik,Private Insurance,2025-06-26
P06986,Riya Joshi,50,Female,Bhandara,Private Insurance,2025-02-19
P06987,Rahul Joshi,21,Male,Nagpur,Private Insurance,2025-09-25
P06988,Neha Joshi,56,Female,Chandrapur,Private Insurance,2025-08-31
P06989,Neha Pawar,29,Female,Chandrapur,Self Pay,2024-08-06
P06990,Riya Singh,19,Female,Chandrapur,Government Scheme,2025-02-08
P06991,Ananya Deshmukh,32,Male,Nagpur,Corporate Insurance,2025-03-26
P06992,Ananya Pawar,48,Female,Nagpur,Private Insurance,2024-11-30
P06993,Nisha Joshi,37,Female,Nagpur,Private Insurance,2025-12-03
P06994,Vikram Reddy,43,Male,Nagpur,Government Scheme,2024-02-17
P06995,Nisha Mehta,55,Male,Nagpur,Self Pay,2025-10-30
P06996,Arjun Patil,63,Male,Nagpur,Self Pay,2025-12-09
P06997,Vikram Joshi,36,Female,Nagpur,Corporate Insurance,2024-09-24
P06998,Karan Rao,22,Male,Nagpur,Government Scheme,2024-08-03
P06999,Isha Verma,43,Male,Jabalpur,Private Insurance,2024-01-30
P07000,Sneha Mehta,51,Male,Wardha,Self Pay,2024-04-04
P07001,Ananya Sharma,14,Male,Amravati,Corporate Insurance,2024-06-19
P07002,Diya Gupta,25,Female,Nashik,Private Insurance,2025-08-30
P07003,Arjun Singh,28,Male,Wardha,Private Insurance,2025-07-18
P07004,Sneha Gupta,38,Male,Nagpur,Private Insurance,2025-10-11
P07005,Vikram Jain,28,Female,Bhandara,Self Pay,2024-08-19
P07006,Arjun Rao,55,Female,Nagpur,Government Scheme,2024-08-05
P07007,Ananya Kulkarni,12,Female,Bhandara,Private Insurance,2025-08-21
P07008,Meera Shah,12,Male,Nagpur,Private Insurance,2025-02-04
P07009,Aarav Khan,36,Female,Wardha,Self Pay,2024-02-12
P07010,Riya Jain,39,Male,Nagpur,Government Scheme,2025-07-25
P07011,Neha Sharma,14,Male,Nagpur,Private Insurance,2024-03-11
P07012,Pooja Shah,30,Female,Akola,Government Scheme,2024-01-16
P07013,Karan Kulkarni,34,Female,Nagpur,Private Insurance,2025-11-06
P07014,Rohan Verma,35,Female,Amravati,Private Insurance,2025-12-21
P07015,Kavya Jain,45,Female,Nagpur,Private Insurance,2025-05-31
P07016,Meera Reddy,29,Male,Akola,Private Insurance,2024-08-24
P07017,Arjun Mehta,70,Male,Bhandara,Private Insurance,2024-04-30
P07018,Diya Singh,51,Male,Pune,Private Insurance,2024-12-16
P07019,Kavya Jain,27,Other,Bhandara,Private Insurance,2025-01-13
P07020,Aditi Joshi,44,Female,Jabalpur,Self Pay,2024-02-06
P07021,Arjun Sharma,44,Male,Nagpur,Self Pay,2025-04-28
P07022,Neha Kulkarni,65,Female,Nashik,Private Insurance,2024-02-04
P07023,Neha Shah,31,Male,Amravati,Self Pay,2024-12-24
P07024,Karan Reddy,57,Female,Amravati,Private Insurance,2024-03-22
P07025,Arjun Jain,43,Female,Nashik,Corporate Insurance,2024-02-05
P07026,Aditya Gupta,70,Male,Jabalpur,Private Insurance,2024-08-22
P07027,Aarav Sharma,67,Male,Nashik,Private Insurance,2025-03-05
P07028,Aarav Verma,46,Female,Nagpur,Government Scheme,2025-11-03
P07029,Nisha Gupta,37,Female,Wardha,Private Insurance,2024-02-11
P07030,Priya Khan,52,Male,Nagpur,Private Insurance,2025-01-11
P07031,Riya Reddy,39,Male,Chandrapur,Private Insurance,2025-07-11
P07032,Aarav Joshi,74,Male,Amravati,Self Pay,2024-08-25
P07033,Pooja Jain,43,Female,Nagpur,Private Insurance,2025-08-11
P07034,Aditi Khan,34,Female,Nagpur,Private Insurance,2024-11-25
P07035,Isha Gupta,33,Male,Mumbai,Corporate Insurance,2024-01-06
P07036,Diya Sharma,19,Male,Nagpur,Private Insurance,2024-07-12
P07037,Neha Sharma,53,Female,Nagpur,Private Insurance,2024-10-31
P07038,Priya Singh,26,Female,Nagpur,Government Scheme,2025-03-31
P07039,Aditi Mehta,63,Female,Wardha,Private Insurance,2024-04-19
P07040,Sneha Singh,17,Male,Nagpur,Self Pay,2025-01-05
P07041,Rahul Jain,44,Female,Nashik,Private Insurance,2025-07-28
P07042,Meera Kulkarni,64,Male,Nagpur,Private Insurance,2024-10-03
P07043,Priya Joshi,1,Male,Nagpur,Self Pay,2024-05-23
P07044,Rahul Sharma,80,Female,Nagpur,Self Pay,2025-05-15
P07045,Vikram Mehta,34,Female,Nagpur,Self Pay,2025-04-09
P07046,Vivaan Kulkarni,45,Female,Chandrapur,Private Insurance,2024-10-12
P07047,Riya Reddy,53,Female,Nagpur,Government Scheme,2025-08-26
P07048,Nisha Gupta,56,Male,Akola,Corporate Insurance,2025-08-11
P07049,Karan Verma,47,Male,Amravati,Government Scheme,2024-03-15
P07050,Ananya Khan,61,Female,Nagpur,Corporate Insurance,2025-03-12
P07051,Neha Singh,52,Male,Nagpur,Self Pay,2025-04-04
P07052,Diya Khan,75,Female,Bhandara,Self Pay,2024-05-27
P07053,Karan Patil,52,Male,Amravati,Private Insurance,2024-05-13
P07054,Aditi Patil,79,Male,Wardha,Corporate Insurance,2024-04-29
P07055,Riya Pawar,59,Female,Pune,Corporate Insurance,2024-08-27
P07056,Aditi Pawar,8,Male,Nagpur,Self Pay,2024-07-05
P07057,Vivaan Patil,90,Male,Amravati,Corporate Insurance,2025-05-29
P07058,Vivaan Shah,31,Female,Amravati,Self Pay,2025-11-01
P07059,Pooja Singh,70,Other,Nagpur,Government Scheme,2024-12-01
P07060,Kavya Pawar,43,Female,Wardha,Government Scheme,2025-08-24
P07061,Aditya Deshmukh,62,Female,Bhandara,Self Pay,2025-01-06
P07062,Arjun Reddy,29,Male,Bhandara,Self Pay,2025-12-10
P07063,Kavya Sharma,54,Female,Akola,Government Scheme,2024-10-09
P07064,Rohan Verma,37,Female,Nagpur,Government Scheme,2025-06-27
P07065,Sneha Patil,72,Female,Wardha,Corporate Insurance,2025-09-08
P07066,Aditi Verma,50,Female,Nashik,Private Insurance,2025-10-29
P07067,Riya Khan,60,Female,Wardha,Self Pay,2024-10-16
P07068,Vikram Sharma,1,Female,Chandrapur,Government Scheme,2024-09-16
P07069,Meera Sharma,40,Male,Chandrapur,Self Pay,2024-01-11
P07070,Sneha Joshi,50,Female,Wardha,Private Insurance,2025-03-28
P07071,Aditi Sharma,46,Male,Nagpur,Government Scheme,2025-02-11
P07072,Karan Gupta,60,Male,Chandrapur,Private Insurance,2024-10-12
P07073,Pooja Joshi,35,Female,Bhandara,Self Pay,2024-06-07
P07074,Pooja Verma,43,Male,Nagpur,Self Pay,2025-09-23
P07075,Vivaan Mehta,64,Male,Nagpur,Government Scheme,2025-12-30
P07076,Arjun Shah,1,Male,Nagpur,Government Scheme,2025-12-28
P07077,Priya Sharma,53,Male,Bhandara,Private Insurance,2024-11-25
P07078,Priya Pawar,36,Female,Nagpur,Government Scheme,2025-06-28
P07079,Pooja Patil,25,Female,Pune,Corporate Insurance,2025-08-28
P07080,Riya Sharma,48,Male,Jabalpur,Self Pay,2025-07-24
P07081,Nisha Verma,65,Male,Jabalpur,Private Insurance,2024-09-16
P07082,Vivaan Verma,62,Male,Nagpur,Government Scheme,2025-10-05
P07083,Diya Patil,39,Male,Wardha,Self Pay,2025-04-25
P07084,Rahul Verma,59,Female,Mumbai,Government Scheme,2024-03-10
P07085,Arjun Kulkarni,58,Female,Akola,Government Scheme,2024-04-28
P07086,Aarav Joshi,40,Male,Nagpur,Corporate Insurance,2024-12-17
P07087,Aditya Sharma,29,Female,Pune,Corporate Insurance,2025-11-17
P07088,Diya Reddy,30,Male,Bhandara,Private Insurance,2025-06-18
P07089,Karan Singh,58,Male,Nashik,Government Scheme,2025-04-16
P07090,Aditya Khan,41,Female,Jabalpur,Government Scheme,2025-03-17
P07091,Neha Shah,22,Female,Jabalpur,Corporate Insurance,2025-11-02
P07092,Rahul Pawar,10,Male,Wardha,Private Insurance,2025-01-29
P07093,Priya Khan,58,Male,Nagpur,Private Insurance,2024-10-24
P07094,Arjun Gupta,32,Male,Chandrapur,Government Scheme,2024-10-08
P07095,Kavya Mehta,48,Female,Chandrapur,Government Scheme,2025-01-16
P07096,Kavya Jain,66,Female,Bhandara,Private Insurance,2024-06-09
P07097,Vivaan Verma,17,Female,Amravati,Corporate Insurance,2025-11-30
P07098,Rahul Verma,41,Female,Bhandara,Private Insurance,2025-11-04
P07099,Diya Deshmukh,39,Female,Bhandara,Private Insurance,2024-10-06
P07100,Pooja Kulkarni,49,Male,Jabalpur,Private Insurance,2025-06-19
P07101,Vivaan Mehta,66,Female,Pune,Private Insurance,2025-07-18
P07102,Karan Pawar,17,Male,Amravati,Private Insurance,2025-03-23
P07103,Ananya Gupta,53,Male,Bhandara,Private Insurance,2024-03-22
P07104,Karan Shah,62,Male,Bhandara,Private Insurance,2024-03-03
P07105,Vivaan Khan,38,Male,Wardha,Government Scheme,2025-06-06
P07106,Priya Kulkarni,39,Female,Nagpur,Government Scheme,2024-03-22
P07107,Riya Pawar,50,Male,Akola,Government Scheme,2025-08-22
P07108,Vikram Singh,49,Female,Nashik,Corporate Insurance,2024-11-11
P07109,Pooja Jain,53,Female,Wardha,Corporate Insurance,2025-08-09
P07110,Meera Singh,53,Male,Mumbai,Government Scheme,2024-04-01
P07111,Aditi Khan,23,Female,Jabalpur,Private Insurance,2024-10-13
P07112,Sneha Singh,61,Female,Pune,Self Pay,2024-04-18
P07113,Aditi Reddy,64,Male,Mumbai,Private Insurance,2024-12-22
P07114,Karan Jain,46,Female,Wardha,Self Pay,2024-02-29
P07115,Neha Pawar,14,Female,Mumbai,Government Scheme,2024-07-19
P07116,Isha Reddy,40,Female,Mumbai,Private Insurance,2024-08-02
P07117,Nisha Reddy,46,Female,Chandrapur,Government Scheme,2025-01-06
P07118,Karan Gupta,20,Male,Nagpur,Corporate Insurance,2024-01-09
P07119,Vivaan Mehta,35,Male,Nagpur,Government Scheme,2024-08-16
P07120,Neha Rao,15,Female,Wardha,Self Pay,2025-06-18
P07121,Sneha Joshi,54,Male,Nashik,Self Pay,2024-10-25
P07122,Rahul Gupta,45,Other,Wardha,Government Scheme,2025-03-13
P07123,Pooja Shah,11,Male,Pune,Private Insurance,2025-09-19
P07124,Aditi Singh,49,Male,Nashik,Government Scheme,2025-01-05
P07125,Vikram Rao,41,Male,Nagpur,Private Insurance,2025-10-03
P07126,Isha Verma,52,Male,Nagpur,Government Scheme,2025-12-21
P07127,Vikram Jain,35,Male,Akola,Private Insurance,2025-01-20
P07128,Vivaan Jain,27,Female,Nagpur,Corporate Insurance,2024-12-17
P07129,Aditya Khan,27,Female,Mumbai,Self Pay,2024-08-19
P07130,Sneha Pawar,32,Female,Mumbai,Private Insurance,2025-09-26
P07131,Arjun Pawar,42,Male,Wardha,Self Pay,2025-07-24
P07132,Kavya Verma,45,Female,Bhandara,Self Pay,2024-05-18
P07133,Nisha Deshmukh,38,Male,Pune,Self Pay,2025-04-20
P07134,Riya Gupta,34,Female,Mumbai,Private Insurance,2024-07-12
P07135,Sneha Joshi,35,Male,Bhandara,Government Scheme,2025-12-23
P07136,Priya Singh,90,Female,Jabalpur,Government Scheme,2024-08-27
P07137,Diya Mehta,27,Female,Bhandara,Private Insurance,2024-03-02
P07138,Nisha Deshmukh,31,Female,Nagpur,Government Scheme,2025-12-23
P07139,Kavya Singh,90,Male,Bhandara,Private Insurance,2025-03-19
P07140,Isha Patil,50,Male,Nashik,Corporate Insurance,2025-10-24
P07141,Priya Gupta,16,Female,Jabalpur,Corporate Insurance,2025-10-13
P07142,Aarav Deshmukh,58,Male,Nagpur,Private Insurance,2024-11-23
P07143,Vivaan Verma,25,Male,Wardha,Private Insurance,2024-11-18
P07144,Arjun Mehta,59,Male,Bhandara,Private Insurance,2025-09-08
P07145,Rahul Shah,38,Male,Mumbai,Corporate Insurance,2024-10-03
P07146,Sneha Patil,34,Female,Akola,Private Insurance,2024-06-19
P07147,Vikram Deshmukh,73,Male,Nagpur,Self Pay,2025-02-17
P07148,Isha Mehta,53,Female,Pune,Self Pay,2025-03-08
P07149,Isha Shah,60,Male,Akola,Private Insurance,2025-08-23
P07150,Vivaan Rao,50,Male,Mumbai,Self Pay,2024-04-28
P07151,Diya Pawar,34,Female,Pune,Government Scheme,2024-12-21
P07152,Isha Kulkarni,54,Female,Nagpur,Private Insurance,2025-02-23
P07153,Aditya Shah,65,Male,Jabalpur,Corporate Insurance,2025-12-02
P07154,Ananya Jain,45,Male,Wardha,Government Scheme,2024-06-11
P07155,Ananya Mehta,76,Male,Jabalpur,Private Insurance,2025-03-28
P07156,Neha Patil,58,Male,Nagpur,Government Scheme,2025-03-03
P07157,Riya Shah,46,Male,Pune,Self Pay,2025-11-27
P07158,Sneha Verma,47,Female,Nagpur,Government Scheme,2024-11-08
P07159,Pooja Reddy,45,Male,Nagpur,Private Insurance,2024-05-12
P07160,Aarav Jain,18,Female,Jabalpur,Self Pay,2025-02-11
P07161,Sneha Verma,40,Male,Nagpur,Private Insurance,2025-09-16
P07162,Vikram Shah,46,Male,Nagpur,Government Scheme,2024-04-27
P07163,Ananya Shah,34,Female,Mumbai,Private Insurance,2025-06-07
P07164,Nisha Reddy,48,Male,Amravati,Government Scheme,2025-01-04
P07165,Nisha Kulkarni,42,Male,Bhandara,Self Pay,2025-08-03
P07166,Neha Sharma,57,Female,Jabalpur,Private Insurance,2024-08-18
P07167,Aarav Khan,55,Male,Wardha,Private Insurance,2025-09-15
P07168,Neha Patil,45,Male,Nagpur,Self Pay,2024-04-15
P07169,Neha Singh,16,Male,Akola,Private Insurance,2025-01-21
P07170,Sneha Kulkarni,76,Female,Akola,Private Insurance,2024-12-31
P07171,Pooja Jain,39,Female,Nagpur,Government Scheme,2024-07-23
P07172,Meera Pawar,40,Male,Bhandara,Government Scheme,2024-04-11
P07173,Pooja Deshmukh,35,Female,Amravati,Private Insurance,2025-11-20
P07174,Aditi Reddy,33,Female,Nagpur,Self Pay,2024-11-07
P07175,Isha Reddy,71,Male,Nagpur,Private Insurance,2025-11-08
P07176,Sneha Shah,68,Male,Mumbai,Self Pay,2024-08-23
P07177,Ananya Singh,50,Male,Nagpur,Self Pay,2025-04-14
P07178,Rahul Pawar,40,Male,Nagpur,Private Insurance,2025-01-31
P07179,Ananya Pawar,54,Female,Jabalpur,Self Pay,2024-10-21
P07180,Ananya Patil,43,Female,Amravati,Self Pay,2024-12-19
P07181,Sneha Kulkarni,38,Male,Jabalpur,Corporate Insurance,2024-07-05
P07182,Arjun Joshi,48,Female,Mumbai,Self Pay,2024-04-08
P07183,Isha Jain,34,Female,Wardha,Private Insurance,2025-05-03
P07184,Rahul Mehta,47,Male,Amravati,Government Scheme,2024-07-22
P07185,Pooja Sharma,46,Female,Nagpur,Self Pay,2025-01-22
P07186,Aditya Jain,53,Male,Nagpur,Self Pay,2025-02-10
P07187,Meera Patil,30,Male,Nagpur,Government Scheme,2025-12-29
P07188,Aditi Sharma,55,Male,Wardha,Self Pay,2025-08-31
P07189,Ananya Sharma,25,Female,Amravati,Private Insurance,2024-05-15
P07190,Nisha Shah,31,Female,Pune,Corporate Insurance,2024-02-13
P07191,Priya Mehta,32,Male,Nagpur,Private Insurance,2025-12-06
P07192,Rahul Verma,22,Male,Amravati,Private Insurance,2024-03-07
P07193,Priya Reddy,61,Female,Nagpur,Private Insurance,2025-06-05
P07194,Arjun Shah,24,Female,Nagpur,Corporate Insurance,2025-08-04
P07195,Rahul Deshmukh,29,Male,Pune,Self Pay,2025-09-24
P07196,Arjun Shah,66,Female,Akola,Government Scheme,2024-09-05
P07197,Aditya Singh,31,Female,Amravati,Corporate Insurance,2024-09-11
P07198,Arjun Kulkarni,38,Female,Bhandara,Private Insurance,2024-07-06
P07199,Rohan Shah,23,Female,Wardha,Private Insurance,2024-05-03
P07200,Aditya Deshmukh,58,Female,Mumbai,Private Insurance,2024-06-16
P07201,Karan Khan,58,Female,Amravati,Government Scheme,2024-05-27
P07202,Ananya Gupta,56,Male,Nashik,Government Scheme,2025-12-09
P07203,Meera Rao,52,Male,Nagpur,Private Insurance,2024-12-20
P07204,Kavya Shah,43,Female,Amravati,Private Insurance,2025-01-07
P07205,Isha Joshi,32,Female,Bhandara,Private Insurance,2025-04-01
P07206,Sneha Mehta,27,Male,Nagpur,Private Insurance,2024-04-27
P07207,Riya Joshi,67,Female,Bhandara,Government Scheme,2025-12-22
P07208,Sneha Deshmukh,57,Female,Bhandara,Government Scheme,2024-10-23
P07209,Aarav Khan,29,Male,Nagpur,Private Insurance,2025-01-05
P07210,Ananya Verma,43,Male,Jabalpur,Private Insurance,2024-07-09
P07211,Isha Shah,36,Male,Nagpur,Government Scheme,2024-08-06
P07212,Rohan Shah,21,Female,Mumbai,Self Pay,2024-05-03
P07213,Aarav Jain,45,Female,Wardha,Government Scheme,2025-01-02
P07214,Nisha Pawar,34,Female,Nagpur,Government Scheme,2025-12-15
P07215,Priya Jain,24,Male,Nagpur,Corporate Insurance,2024-01-14
P07216,Diya Rao,14,Female,Akola,Self Pay,2024-11-20
P07217,Rahul Khan,12,Female,Nashik,Private Insurance,2024-10-12
P07218,Rahul Verma,35,Female,Akola,Corporate Insurance,2025-05-19
P07219,Ananya Jain,40,Male,Amravati,Government Scheme,2025-06-24
P07220,Ananya Mehta,25,Female,Nagpur,Government Scheme,2025-10-17
P07221,Vikram Shah,54,Female,Pune,Self Pay,2024-07-05
P07222,Isha Singh,41,Male,Mumbai,Government Scheme,2024-05-30
P07223,Ananya Kulkarni,53,Male,Amravati,Corporate Insurance,2024-12-16
P07224,Vivaan Patil,39,Male,Pune,Private Insurance,2024-04-03
P07225,Aditya Khan,27,Male,Chandrapur,Government Scheme,2024-12-17
P07226,Vikram Shah,44,Female,Bhandara,Private Insurance,2024-07-08
P07227,Isha Gupta,18,Male,Chandrapur,Self Pay,2024-08-16
P07228,Aditya Kulkarni,52,Female,Nagpur,Private Insurance,2025-06-04
P07229,Karan Pawar,24,Male,Nagpur,Government Scheme,2024-04-19
P07230,Priya Jain,59,Female,Nashik,Corporate Insurance,2024-10-05
P07231,Isha Reddy,36,Male,Jabalpur,Private Insurance,2025-05-08
P07232,Aditi Khan,62,Male,Wardha,Private Insurance,2024-12-23
P07233,Nisha Rao,21,Female,Nagpur,Government Scheme,2025-09-16
P07234,Kavya Deshmukh,29,Female,Nagpur,Government Scheme,2024-01-15
P07235,Neha Deshmukh,49,Male,Wardha,Private Insurance,2024-10-24
P07236,Rahul Jain,64,Female,Chandrapur,Private Insurance,2024-01-04
P07237,Isha Singh,74,Male,Nagpur,Private Insurance,2024-02-15
P07238,Vikram Mehta,43,Female,Nagpur,Private Insurance,2024-10-24
P07239,Karan Khan,77,Male,Nashik,Self Pay,2024-07-02
P07240,Pooja Sharma,36,Male,Nagpur,Private Insurance,2024-04-19
P07241,Kavya Khan,63,Female,Amravati,Government Scheme,2025-12-01
P07242,Arjun Joshi,24,Male,Nashik,Private Insurance,2025-07-31
P07243,Vivaan Shah,50,Male,Nagpur,Corporate Insurance,2024-11-12
P07244,Vivaan Khan,1,Male,Wardha,Self Pay,2025-11-25
P07245,Vivaan Singh,21,Male,Nagpur,Government Scheme,2024-03-02
P07246,Sneha Gupta,51,Male,Amravati,Self Pay,2025-11-06
P07247,Karan Khan,17,Female,Mumbai,Private Insurance,2025-10-01
P07248,Nisha Rao,50,Female,Akola,Private Insurance,2024-12-05
P07249,Priya Joshi,59,Female,Nagpur,Government Scheme,2025-06-03
P07250,Vikram Patil,32,Male,Nagpur,Government Scheme,2024-07-28
P07251,Aarav Deshmukh,24,Male,Nagpur,Private Insurance,2025-12-05
P07252,Pooja Shah,33,Female,Mumbai,Government Scheme,2024-12-19
P07253,Meera Verma,24,Male,Nashik,Self Pay,2024-06-07
P07254,Vivaan Kulkarni,40,Female,Chandrapur,Corporate Insurance,2024-03-16
P07255,Ananya Patil,44,Male,Nagpur,Corporate Insurance,2025-05-24
P07256,Neha Joshi,36,Male,Mumbai,Government Scheme,2025-11-20
P07257,Isha Gupta,74,Male,Pune,Government Scheme,2025-05-19
P07258,Vivaan Rao,28,Male,Nagpur,Government Scheme,2025-05-05
P07259,Priya Verma,68,Male,Amravati,Private Insurance,2025-07-29
P07260,Rohan Sharma,22,Female,Amravati,Self Pay,2024-07-28
P07261,Pooja Verma,43,Male,Bhandara,Private Insurance,2024-09-03
P07262,Rohan Rao,64,Female,Amravati,Corporate Insurance,2025-07-08
P07263,Aditi Shah,63,Male,Nagpur,Private Insurance,2025-04-18
P07264,Meera Mehta,34,Male,Akola,Private Insurance,2024-06-27
P07265,Priya Verma,53,Female,Akola,Private Insurance,2024-02-13
P07266,Pooja Deshmukh,50,Female,Wardha,Self Pay,2025-07-02
P07267,Isha Kulkarni,32,Female,Wardha,Private Insurance,2025-09-19
P07268,Meera Khan,54,Male,Nagpur,Government Scheme,2024-10-20
P07269,Vivaan Mehta,77,Female,Wardha,Private Insurance,2025-08-29
P07270,Karan Joshi,51,Male,Pune,Self Pay,2025-09-22
P07271,Isha Rao,53,Female,Chandrapur,Government Scheme,2025-05-26
P07272,Kavya Kulkarni,55,Male,Mumbai,Corporate Insurance,2025-12-23
P07273,Meera Kulkarni,14,Male,Akola,Private Insurance,2025-12-12
P07274,Neha Mehta,51,Female,Nashik,Private Insurance,2024-08-21
P07275,Aditya Shah,23,Male,Wardha,Private Insurance,2025-10-18
P07276,Meera Jain,31,Female,Nagpur,Government Scheme,2025-02-06
P07277,Vivaan Pawar,83,Male,Mumbai,Self Pay,2024-10-06
P07278,Pooja Deshmukh,37,Female,Chandrapur,Private Insurance,2024-06-22
P07279,Arjun Sharma,28,Male,Mumbai,Corporate Insurance,2025-05-18
P07280,Riya Rao,64,Female,Chandrapur,Private Insurance,2025-08-07
P07281,Diya Mehta,24,Male,Wardha,Self Pay,2024-05-28
P07282,Meera Rao,33,Female,Nagpur,Self Pay,2024-12-25
P07283,Aditya Khan,66,Male,Amravati,Corporate Insurance,2025-10-12
P07284,Sneha Singh,43,Female,Chandrapur,Government Scheme,2025-12-19
P07285,Diya Joshi,12,Female,Mumbai,Self Pay,2024-11-17
P07286,Arjun Singh,52,Male,Pune,Private Insurance,2025-10-09
P07287,Meera Kulkarni,34,Female,Wardha,Private Insurance,2025-09-15
P07288,Aarav Gupta,71,Male,Wardha,Self Pay,2024-07-18
P07289,Riya Khan,30,Male,Nagpur,Private Insurance,2024-11-27
P07290,Pooja Patil,62,Female,Amravati,Self Pay,2024-03-28
P07291,Diya Kulkarni,76,Male,Jabalpur,Private Insurance,2024-01-05
P07292,Pooja Jain,26,Female,Nashik,Private Insurance,2025-03-28
P07293,Vivaan Mehta,38,Male,Bhandara,Government Scheme,2024-01-02
P07294,Aarav Kulkarni,49,Male,Mumbai,Private Insurance,2024-08-20
P07295,Rohan Gupta,26,Female,Nagpur,Government Scheme,2024-05-08
P07296,Ananya Pawar,47,Female,Jabalpur,Corporate Insurance,2024-07-04
P07297,Aarav Patil,38,Male,Akola,Private Insurance,2024-06-25
P07298,Neha Patil,37,Male,Nagpur,Private Insurance,2025-02-01
P07299,Rohan Mehta,43,Female,Akola,Private Insurance,2025-07-18
P07300,Rohan Patil,43,Female,Nagpur,Government Scheme,2025-01-27
P07301,Diya Shah,45,Female,Chandrapur,Self Pay,2025-07-06
P07302,Aditya Shah,31,Male,Nagpur,Corporate Insurance,2025-01-27
P07303,Kavya Rao,31,Male,Nagpur,Private Insurance,2025-05-17
P07304,Vivaan Khan,40,Female,Chandrapur,Private Insurance,2024-08-02
P07305,Neha Jain,41,Male,Amravati,Private Insurance,2024-08-27
P07306,Pooja Khan,34,Male,Nagpur,Private Insurance,2024-04-23
P07307,Riya Verma,48,Male,Pune,Government Scheme,2025-01-14
P07308,Aditya Gupta,8,Female,Nagpur,Corporate Insurance,2024-05-14
P07309,Arjun Deshmukh,28,Female,Chandrapur,Private Insurance,2025-04-01
P07310,Aarav Pawar,37,Female,Chandrapur,Self Pay,2025-06-09
P07311,Kavya Patil,26,Male,Nagpur,Government Scheme,2025-10-07
P07312,Neha Reddy,73,Female,Jabalpur,Corporate Insurance,2024-12-07
P07313,Diya Deshmukh,42,Female,Wardha,Corporate Insurance,2025-12-25
P07314,Neha Joshi,45,Male,Nagpur,Corporate Insurance,2024-12-08
P07315,Aditya Kulkarni,33,Male,Amravati,Government Scheme,2025-06-05
P07316,Aarav Verma,42,Female,Chandrapur,Private Insurance,2025-12-14
P07317,Pooja Deshmukh,19,Female,Nagpur,Private Insurance,2025-01-21
P07318,Isha Rao,39,Female,Nagpur,Private Insurance,2025-11-01
P07319,Rohan Verma,24,Female,Bhandara,Government Scheme,2025-02-24
P07320,Sneha Jain,37,Female,Akola,Corporate Insurance,2024-02-17
P07321,Diya Khan,1,Female,Nagpur,Government Scheme,2024-12-26
P07322,Priya Joshi,21,Female,Amravati,Government Scheme,2025-08-05
P07323,Kavya Verma,70,Male,Nagpur,Private Insurance,2025-04-18
P07324,Neha Pawar,58,Male,Nagpur,Self Pay,2024-06-29
P07325,Isha Mehta,67,Female,Akola,Private Insurance,2024-07-28
P07326,Nisha Jain,68,Male,Nagpur,Private Insurance,2025-06-11
P07327,Meera Verma,55,Female,Nagpur,Private Insurance,2025-08-05
P07328,Sneha Sharma,33,Male,Nagpur,Corporate Insurance,2024-05-06
P07329,Aditya Singh,22,Male,Chandrapur,Private Insurance,2024-11-27
P07330,Rahul Kulkarni,64,Male,Bhandara,Corporate Insurance,2024-04-16
P07331,Nisha Gupta,43,Male,Amravati,Government Scheme,2024-08-02
P07332,Ananya Singh,89,Female,Chandrapur,Self Pay,2025-11-16
P07333,Sneha Rao,35,Female,Chandrapur,Self Pay,2024-01-22
P07334,Karan Reddy,79,Male,Nagpur,Corporate Insurance,2025-02-11
P07335,Rohan Singh,39,Female,Nagpur,Private Insurance,2024-11-25
P07336,Vivaan Rao,67,Male,Nagpur,Private Insurance,2024-09-12
P07337,Pooja Gupta,74,Female,Pune,Private Insurance,2025-10-17
P07338,Nisha Patil,23,Female,Nagpur,Government Scheme,2025-10-12
P07339,Vikram Shah,33,Male,Nagpur,Private Insurance,2024-01-16
P07340,Neha Singh,22,Male,Bhandara,Self Pay,2024-07-30
P07341,Vivaan Mehta,19,Male,Bhandara,Private Insurance,2024-06-21
P07342,Aditya Rao,55,Male,Pune,Corporate Insurance,2024-02-16
P07343,Ananya Kulkarni,38,Male,Amravati,Self Pay,2025-01-02
P07344,Vikram Gupta,43,Female,Nagpur,Self Pay,2024-10-15
P07345,Diya Verma,53,Male,Chandrapur,Self Pay,2024-10-17
P07346,Nisha Singh,7,Female,Nashik,Private Insurance,2025-05-31
P07347,Diya Khan,66,Female,Jabalpur,Private Insurance,2025-12-10
P07348,Vivaan Singh,35,Male,Chandrapur,Government Scheme,2025-04-28
P07349,Arjun Deshmukh,52,Female,Wardha,Corporate Insurance,2025-03-27
P07350,Neha Shah,54,Female,Nagpur,Private Insurance,2024-12-11
P07351,Arjun Patil,68,Female,Jabalpur,Government Scheme,2024-10-21
P07352,Priya Kulkarni,40,Other,Akola,Self Pay,2025-01-07
P07353,Rohan Joshi,2,Male,Nagpur,Private Insurance,2024-07-13
P07354,Sneha Reddy,43,Female,Wardha,Corporate Insurance,2025-01-21
P07355,Nisha Mehta,46,Male,Bhandara,Corporate Insurance,2024-10-03
P07356,Rohan Khan,22,Female,Nagpur,Private Insurance,2024-09-30
P07357,Vikram Patil,45,Male,Nashik,Government Scheme,2025-09-25
P07358,Arjun Shah,35,Female,Chandrapur,Private Insurance,2024-03-01
P07359,Rahul Deshmukh,16,Female,Nagpur,Government Scheme,2025-08-20
P07360,Pooja Sharma,55,Male,Jabalpur,Corporate Insurance,2024-04-25
P07361,Aditi Shah,31,Male,Jabalpur,Private Insurance,2024-10-03
P07362,Karan Verma,34,Female,Nagpur,Corporate Insurance,2025-06-12
P07363,Neha Reddy,33,Female,Wardha,Corporate Insurance,2025-10-28
P07364,Rahul Reddy,65,Male,Mumbai,Self Pay,2025-08-14
P07365,Nisha Rao,41,Female,Amravati,Private Insurance,2025-06-14
P07366,Priya Sharma,44,Female,Jabalpur,Private Insurance,2024-10-15
P07367,Karan Kulkarni,34,Male,Nagpur,Government Scheme,2024-09-20
P07368,Pooja Sharma,51,Female,Nashik,Private Insurance,2024-08-28
P07369,Meera Singh,68,Female,Chandrapur,Private Insurance,2025-08-31
P07370,Aarav Kulkarni,54,Female,Amravati,Private Insurance,2025-03-19
P07371,Ananya Shah,55,Female,Akola,Self Pay,2024-02-16
P07372,Sneha Sharma,54,Male,Nagpur,Private Insurance,2024-01-16
P07373,Pooja Patil,16,Male,Nagpur,Private Insurance,2024-03-29
P07374,Sneha Verma,25,Female,Nagpur,Self Pay,2025-02-19
P07375,Isha Joshi,38,Male,Nagpur,Private Insurance,2025-12-17
P07376,Aditi Deshmukh,28,Female,Nagpur,Private Insurance,2024-12-08
P07377,Ananya Mehta,22,Female,Amravati,Private Insurance,2024-06-28
P07378,Vikram Sharma,6,Male,Nagpur,Private Insurance,2024-11-18
P07379,Rohan Joshi,16,Female,Nagpur,Private Insurance,2025-05-31
P07380,Vivaan Reddy,37,Male,Nagpur,Private Insurance,2024-01-02
P07381,Kavya Reddy,41,Female,Pune,Government Scheme,2025-04-24
P07382,Meera Gupta,27,Male,Nagpur,Private Insurance,2025-11-19
P07383,Riya Mehta,43,Male,Nashik,Private Insurance,2025-11-12
P07384,Sneha Deshmukh,34,Female,Nagpur,Self Pay,2024-05-06
P07385,Kavya Singh,63,Male,Nagpur,Self Pay,2025-12-17
P07386,Neha Reddy,39,Female,Wardha,Private Insurance,2024-03-23
P07387,Rahul Kulkarni,55,Female,Amravati,Corporate Insurance,2024-12-09
P07388,Karan Deshmukh,46,Female,Bhandara,Self Pay,2024-10-08
P07389,Isha Pawar,15,Male,Akola,Government Scheme,2025-05-03
P07390,Rahul Jain,40,Male,Nagpur,Government Scheme,2025-07-22
P07391,Karan Mehta,19,Male,Nagpur,Private Insurance,2025-03-20
P07392,Sneha Gupta,40,Male,Pune,Government Scheme,2025-07-12
P07393,Sneha Verma,28,Female,Nagpur,Government Scheme,2025-12-17
P07394,Meera Khan,49,Male,Pune,Corporate Insurance,2025-01-08
P07395,Rohan Joshi,16,Male,Bhandara,Corporate Insurance,2025-02-25
P07396,Aditya Joshi,42,Male,Nagpur,Private Insurance,2025-02-04
P07397,Neha Deshmukh,53,Male,Nagpur,Corporate Insurance,2024-07-14
P07398,Riya Gupta,59,Male,Amravati,Self Pay,2024-11-28
P07399,Karan Shah,27,Female,Chandrapur,Self Pay,2025-02-12
P07400,Priya Khan,42,Male,Jabalpur,Corporate Insurance,2024-01-19
P07401,Neha Patil,45,Other,Nagpur,Private Insurance,2024-10-13
P07402,Riya Shah,71,Male,Jabalpur,Private Insurance,2024-07-21
P07403,Riya Singh,14,Female,Nagpur,Corporate Insurance,2025-05-01
P07404,Vivaan Pawar,25,Female,Nagpur,Private Insurance,2024-10-10
P07405,Kavya Jain,90,Male,Bhandara,Self Pay,2024-04-09
P07406,Sneha Reddy,37,Male,Jabalpur,Self Pay,2025-02-08
P07407,Meera Joshi,6,Male,Wardha,Corporate Insurance,2024-12-02
P07408,Aarav Reddy,31,Male,Pune,Private Insurance,2025-04-26
P07409,Priya Reddy,1,Male,Wardha,Self Pay,2025-06-26
P07410,Pooja Gupta,47,Male,Pune,Private Insurance,2025-12-21
P07411,Arjun Mehta,57,Female,Pune,Corporate Insurance,2025-03-27
P07412,Riya Kulkarni,25,Female,Akola,Government Scheme,2025-01-05
P07413,Rohan Mehta,33,Male,Chandrapur,Government Scheme,2024-07-23
P07414,Kavya Jain,60,Female,Wardha,Corporate Insurance,2025-05-05
P07415,Isha Rao,9,Female,Jabalpur,Government Scheme,2024-10-28
P07416,Nisha Joshi,17,Male,Bhandara,Government Scheme,2025-12-02
P07417,Karan Jain,38,Female,Nagpur,Government Scheme,2025-05-15
P07418,Arjun Sharma,28,Male,Mumbai,Government Scheme,2024-07-22
P07419,Isha Reddy,36,Female,Akola,Self Pay,2025-11-16
P07420,Riya Deshmukh,18,Male,Bhandara,Self Pay,2024-11-27
P07421,Rohan Gupta,46,Female,Akola,Private Insurance,2025-03-28
P07422,Nisha Mehta,39,Male,Amravati,Private Insurance,2025-06-10
P07423,Nisha Kulkarni,52,Male,Amravati,Government Scheme,2025-04-22
P07424,Vivaan Singh,46,Female,Nagpur,Private Insurance,2025-02-16
P07425,Nisha Gupta,46,Female,Pune,Self Pay,2025-06-19
P07426,Rohan Pawar,15,Female,Akola,Government Scheme,2025-10-14
P07427,Rohan Mehta,51,Female,Pune,Private Insurance,2024-04-29
P07428,Ananya Reddy,36,Female,Nagpur,Government Scheme,2025-02-17
P07429,Priya Shah,39,Female,Jabalpur,Private Insurance,2025-03-19
P07430,Diya Khan,62,Male,Amravati,Self Pay,2025-11-04
P07431,Rohan Kulkarni,28,Female,Amravati,Private Insurance,2025-02-24
P07432,Riya Rao,68,Female,Jabalpur,Private Insurance,2024-04-18
P07433,Aarav Khan,69,Female,Chandrapur,Private Insurance,2025-07-10
P07434,Kavya Shah,56,Female,Mumbai,Government Scheme,2025-08-09
P07435,Rohan Kulkarni,23,Male,Chandrapur,Self Pay,2025-09-04
P07436,Nisha Deshmukh,1,Male,Nagpur,Government Scheme,2024-06-04
P07437,Karan Rao,62,Male,Amravati,Private Insurance,2024-04-19
P07438,Neha Joshi,44,Female,Pune,Government Scheme,2024-02-05
P07439,Neha Deshmukh,28,Female,Wardha,Government Scheme,2024-11-08
P07440,Sneha Shah,64,Female,Akola,Self Pay,2024-03-22
P07441,Riya Khan,26,Male,Nagpur,Private Insurance,2025-07-12
P07442,Aditya Khan,34,Female,Amravati,Self Pay,2025-02-27
P07443,Neha Joshi,52,Male,Pune,Government Scheme,2024-08-18
P07444,Isha Joshi,21,Male,Jabalpur,Government Scheme,2024-07-31
P07445,Sneha Joshi,40,Male,Nagpur,Government Scheme,2024-11-24
P07446,Ananya Singh,63,Male,Nagpur,Private Insurance,2024-04-15
P07447,Aarav Rao,46,Male,Nagpur,Private Insurance,2024-10-31
P07448,Aarav Reddy,66,Female,Nagpur,Self Pay,2025-04-04
P07449,Neha Kulkarni,64,Female,Pune,Government Scheme,2024-12-02
P07450,Diya Gupta,42,Male,Wardha,Government Scheme,2024-12-22
P07451,Sneha Gupta,1,Male,Nagpur,Government Scheme,2025-08-27
P07452,Isha Mehta,21,Female,Nashik,Private Insurance,2024-10-04
P07453,Neha Singh,57,Female,Pune,Private Insurance,2024-03-31
P07454,Meera Sharma,13,Female,Amravati,Government Scheme,2025-01-26
P07455,Vivaan Patil,36,Male,Mumbai,Private Insurance,2024-05-06
P07456,Rahul Kulkarni,48,Female,Wardha,Corporate Insurance,2025-09-20
P07457,Rohan Kulkarni,70,Female,Nagpur,Private Insurance,2024-04-23
P07458,Riya Rao,31,Female,Mumbai,Self Pay,2025-06-13
P07459,Neha Deshmukh,30,Male,Nagpur,Private Insurance,2024-11-25
P07460,Sneha Mehta,41,Male,Jabalpur,Corporate Insurance,2024-12-27
P07461,Pooja Reddy,49,Female,Chandrapur,Self Pay,2025-10-08
P07462,Aarav Gupta,39,Male,Mumbai,Private Insurance,2025-08-23
P07463,Meera Deshmukh,62,Female,Nagpur,Government Scheme,2024-05-05
P07464,Vikram Joshi,27,Male,Amravati,Corporate Insurance,2025-09-21
P07465,Rohan Singh,44,Male,Mumbai,Government Scheme,2024-08-22
P07466,Neha Patil,50,Female,Pune,Private Insurance,2024-10-01
P07467,Neha Reddy,34,Male,Mumbai,Self Pay,2025-08-28
P07468,Aarav Jain,58,Male,Nagpur,Private Insurance,2024-04-19
P07469,Sneha Jain,45,Female,Chandrapur,Private Insurance,2024-10-27
P07470,Aditi Jain,57,Female,Amravati,Self Pay,2024-03-24
P07471,Vikram Patil,46,Male,Nagpur,Corporate Insurance,2025-02-16
P07472,Nisha Khan,49,Female,Bhandara,Private Insurance,2025-04-11
P07473,Ananya Pawar,30,Male,Akola,Private Insurance,2025-02-28
P07474,Isha Sharma,30,Female,Wardha,Private Insurance,2025-11-14
P07475,Rahul Verma,65,Male,Nagpur,Corporate Insurance,2025-06-02
P07476,Priya Shah,54,Male,Pune,Corporate Insurance,2024-01-29
P07477,Ananya Pawar,23,Male,Jabalpur,Corporate Insurance,2024-05-30
P07478,Riya Deshmukh,45,Female,Amravati,Private Insurance,2024-12-28
P07479,Aditya Kulkarni,1,Male,Pune,Private Insurance,2024-11-29
P07480,Riya Rao,31,Male,Mumbai,Government Scheme,2024-05-21
P07481,Karan Gupta,60,Male,Nagpur,Private Insurance,2025-01-20
P07482,Kavya Deshmukh,40,Male,Akola,Private Insurance,2025-01-23
P07483,Vikram Kulkarni,44,Female,Mumbai,Private Insurance,2024-11-27
P07484,Rahul Shah,1,Male,Nashik,Self Pay,2025-09-17
P07485,Aditi Reddy,35,Female,Nagpur,Self Pay,2024-10-04
P07486,Vikram Shah,48,Female,Chandrapur,Self Pay,2025-07-28
P07487,Nisha Joshi,51,Male,Nashik,Private Insurance,2025-05-25
P07488,Meera Joshi,60,Female,Chandrapur,Self Pay,2025-12-10
P07489,Priya Sharma,38,Male,Nagpur,Government Scheme,2025-04-09
P07490,Rohan Jain,39,Female,Nagpur,Private Insurance,2024-12-19
P07491,Neha Verma,17,Female,Pune,Government Scheme,2024-01-01
P07492,Rohan Jain,38,Male,Wardha,Self Pay,2025-04-29
P07493,Aditi Pawar,18,Female,Jabalpur,Private Insurance,2025-01-20
P07494,Sneha Khan,7,Male,Amravati,Self Pay,2025-10-17
P07495,Nisha Joshi,21,Other,Pune,Government Scheme,2025-03-11
P07496,Meera Deshmukh,71,Female,Nagpur,Government Scheme,2025-05-24
P07497,Karan Shah,37,Female,Pune,Corporate Insurance,2025-10-27
P07498,Nisha Gupta,46,Female,Pune,Self Pay,2025-12-04
P07499,Aarav Kulkarni,32,Male,Amravati,Government Scheme,2024-06-10
P07500,Ananya Jain,8,Female,Nagpur,Private Insurance,2024-06-28
P07501,Aarav Reddy,60,Male,Mumbai,Government Scheme,2025-07-26
P07502,Sneha Pawar,1,Other,Nashik,Self Pay,2024-04-08
P07503,Riya Joshi,31,Female,Chandrapur,Corporate Insurance,2025-08-21
P07504,Ananya Verma,41,Male,Amravati,Self Pay,2024-04-18
P07505,Rahul Reddy,46,Female,Mumbai,Self Pay,2024-09-22
P07506,Nisha Joshi,28,Male,Nashik,Self Pay,2025-09-14
P07507,Rohan Patil,7,Female,Amravati,Self Pay,2024-04-10
P07508,Arjun Reddy,27,Male,Wardha,Private Insurance,2024-02-08
P07509,Arjun Sharma,28,Female,Nagpur,Government Scheme,2025-07-08
P07510,Riya Jain,27,Male,Pune,Government Scheme,2025-08-14
P07511,Sneha Deshmukh,60,Female,Pune,Government Scheme,2025-07-04
P07512,Aarav Singh,19,Male,Amravati,Government Scheme,2024-12-04
P07513,Meera Deshmukh,48,Male,Nagpur,Corporate Insurance,2025-07-11
P07514,Diya Reddy,45,Male,Nagpur,Corporate Insurance,2025-05-19
P07515,Nisha Sharma,60,Male,Nagpur,Self Pay,2024-10-02
P07516,Aarav Verma,39,Female,Jabalpur,Self Pay,2025-06-28
P07517,Sneha Jain,57,Female,Nashik,Self Pay,2024-05-21
P07518,Isha Pawar,39,Female,Amravati,Self Pay,2024-11-05
P07519,Diya Shah,50,Male,Nagpur,Private Insurance,2025-08-26
P07520,Aditya Shah,13,Female,Nagpur,Corporate Insurance,2024-04-16
P07521,Aditi Kulkarni,1,Female,Akola,Private Insurance,2024-11-03
P07522,Meera Rao,49,Male,Nagpur,Self Pay,2025-03-26
P07523,Aarav Khan,50,Female,Amravati,Private Insurance,2025-03-12
P07524,Rahul Kulkarni,51,Male,Jabalpur,Government Scheme,2025-11-29
P07525,Aarav Verma,32,Female,Bhandara,Private Insurance,2025-04-27
P07526,Isha Kulkarni,70,Female,Pune,Self Pay,2024-01-19
P07527,Vikram Reddy,33,Male,Nagpur,Corporate Insurance,2025-12-27
P07528,Rohan Joshi,50,Male,Nagpur,Private Insurance,2024-06-14
P07529,Meera Gupta,53,Male,Mumbai,Private Insurance,2025-03-09
P07530,Rahul Sharma,75,Female,Pune,Corporate Insurance,2025-09-30
P07531,Isha Singh,36,Female,Nashik,Private Insurance,2025-03-19
P07532,Meera Jain,30,Female,Bhandara,Self Pay,2024-02-20
P07533,Neha Singh,14,Female,Nagpur,Self Pay,2024-09-13
P07534,Karan Mehta,71,Male,Bhandara,Self Pay,2024-01-08
P07535,Riya Jain,50,Female,Nagpur,Private Insurance,2024-11-03
P07536,Aditya Rao,51,Male,Nagpur,Self Pay,2025-10-02
P07537,Meera Shah,90,Male,Wardha,Corporate Insurance,2024-07-07
P07538,Rohan Patil,48,Female,Nagpur,Private Insurance,2025-07-14
P07539,Kavya Pawar,17,Male,Nagpur,Self Pay,2024-02-01
P07540,Nisha Jain,38,Female,Nagpur,Private Insurance,2024-07-04
P07541,Kavya Shah,23,Male,Amravati,Corporate Insurance,2025-02-22
P07542,Vikram Shah,34,Female,Pune,Private Insurance,2025-12-06
P07543,Aarav Jain,34,Male,Jabalpur,Private Insurance,2025-03-27
P07544,Riya Sharma,31,Female,Nagpur,Private Insurance,2025-06-04
P07545,Riya Singh,16,Female,Nagpur,Corporate Insurance,2025-07-17
P07546,Meera Khan,72,Female,Pune,Government Scheme,2024-03-27
P07547,Aarav Rao,48,Female,Nagpur,Private Insurance,2025-12-01
P07548,Riya Khan,38,Male,Nashik,Private Insurance,2024-12-02
P07549,Karan Patil,56,Female,Nagpur,Corporate Insurance,2024-08-13
P07550,Karan Kulkarni,51,Male,Chandrapur,Private Insurance,2025-09-23
P07551,Aditi Shah,47,Male,Nagpur,Government Scheme,2024-12-24
P07552,Sneha Shah,55,Female,Nashik,Government Scheme,2025-05-02
P07553,Vivaan Jain,45,Female,Wardha,Self Pay,2024-09-27
P07554,Karan Pawar,55,Female,Nagpur,Self Pay,2025-03-03
P07555,Karan Khan,56,Male,Amravati,Self Pay,2024-04-21
P07556,Kavya Jain,45,Female,Wardha,Private Insurance,2024-10-31
P07557,Riya Khan,38,Male,Jabalpur,Government Scheme,2024-11-25
P07558,Isha Jain,71,Female,Wardha,Private Insurance,2024-06-30
P07559,Neha Joshi,33,Female,Nagpur,Government Scheme,2025-10-27
P07560,Rahul Patil,49,Female,Bhandara,Government Scheme,2025-03-23
P07561,Pooja Deshmukh,50,Male,Nagpur,Government Scheme,2025-09-27
P07562,Vivaan Mehta,30,Male,Mumbai,Corporate Insurance,2024-04-22
P07563,Vivaan Rao,27,Male,Pune,Corporate Insurance,2024-11-05
P07564,Rohan Rao,35,Female,Nagpur,Private Insurance,2025-08-14
P07565,Neha Sharma,33,Female,Bhandara,Self Pay,2024-04-29
P07566,Pooja Rao,14,Male,Akola,Self Pay,2024-06-01
P07567,Nisha Reddy,30,Male,Nagpur,Corporate Insurance,2025-11-05
P07568,Rohan Deshmukh,47,Male,Chandrapur,Private Insurance,2024-03-29
P07569,Karan Pawar,66,Female,Wardha,Government Scheme,2024-11-30
P07570,Pooja Rao,53,Male,Wardha,Government Scheme,2024-02-22
P07571,Diya Kulkarni,1,Female,Bhandara,Private Insurance,2024-09-05
P07572,Kavya Rao,54,Other,Bhandara,Government Scheme,2025-08-17
P07573,Ananya Pawar,31,Female,Akola,Private Insurance,2024-09-22
P07574,Rahul Gupta,51,Male,Wardha,Private Insurance,2024-12-07
P07575,Pooja Deshmukh,42,Female,Nashik,Self Pay,2025-10-30
P07576,Rahul Patil,38,Male,Wardha,Private Insurance,2024-10-18
P07577,Rahul Khan,40,Male,Akola,Private Insurance,2025-03-14
P07578,Riya Verma,42,Male,Nagpur,Government Scheme,2025-01-15
P07579,Riya Shah,68,Female,Bhandara,Government Scheme,2025-06-08
P07580,Rahul Rao,42,Female,Wardha,Self Pay,2025-03-04
P07581,Isha Deshmukh,63,Male,Nagpur,Corporate Insurance,2025-08-29
P07582,Rohan Gupta,60,Male,Nagpur,Government Scheme,2025-10-04
P07583,Aditya Reddy,55,Male,Wardha,Private Insurance,2025-12-21
P07584,Priya Rao,8,Female,Nagpur,Private Insurance,2024-09-07
P07585,Rohan Mehta,63,Female,Amravati,Government Scheme,2024-05-09
P07586,Neha Gupta,33,Female,Amravati,Private Insurance,2024-05-16
P07587,Karan Patil,56,Male,Chandrapur,Corporate Insurance,2025-07-29
P07588,Pooja Jain,24,Female,Jabalpur,Government Scheme,2025-09-26
P07589,Meera Mehta,19,Female,Pune,Government Scheme,2024-06-25
P07590,Priya Khan,80,Male,Jabalpur,Corporate Insurance,2024-12-16
P07591,Aditi Gupta,24,Male,Jabalpur,Self Pay,2024-01-15
P07592,Neha Singh,64,Male,Nagpur,Self Pay,2025-02-27
P07593,Nisha Khan,44,Female,Nagpur,Government Scheme,2025-05-27
P07594,Rahul Reddy,34,Female,Nagpur,Private Insurance,2024-04-25
P07595,Kavya Deshmukh,41,Male,Nagpur,Government Scheme,2025-11-07
P07596,Sneha Joshi,17,Female,Pune,Private Insurance,2025-09-21
P07597,Rahul Shah,42,Male,Mumbai,Government Scheme,2025-11-29
P07598,Karan Mehta,21,Female,Chandrapur,Corporate Insurance,2025-11-16
P07599,Arjun Reddy,34,Male,Mumbai,Government Scheme,2024-03-01
P07600,Vivaan Verma,60,Female,Akola,Private Insurance,2024-11-22
P07601,Diya Kulkarni,47,Male,Wardha,Private Insurance,2024-11-06
P07602,Riya Singh,14,Male,Nagpur,Corporate Insurance,2024-01-15
P07603,Isha Deshmukh,58,Female,Jabalpur,Private Insurance,2025-11-14
P07604,Aarav Jain,42,Female,Akola,Government Scheme,2024-01-20
P07605,Meera Kulkarni,32,Male,Amravati,Self Pay,2025-05-22
P07606,Isha Reddy,56,Male,Nagpur,Private Insurance,2024-08-08
P07607,Diya Pawar,39,Female,Pune,Self Pay,2025-03-12
P07608,Isha Mehta,20,Female,Pune,Private Insurance,2024-12-25
P07609,Rohan Sharma,77,Male,Bhandara,Self Pay,2024-06-09
P07610,Aditi Shah,42,Male,Jabalpur,Private Insurance,2024-11-11
P07611,Meera Shah,40,Male,Amravati,Private Insurance,2025-05-31
P07612,Rahul Deshmukh,34,Female,Jabalpur,Private Insurance,2025-02-19
P07613,Neha Pawar,64,Male,Chandrapur,Corporate Insurance,2024-06-13
P07614,Priya Jain,32,Female,Nashik,Government Scheme,2024-07-06
P07615,Rahul Kulkarni,13,Female,Mumbai,Self Pay,2025-05-23
P07616,Priya Mehta,29,Male,Pune,Government Scheme,2024-06-02
P07617,Vivaan Verma,67,Female,Nagpur,Self Pay,2025-03-10
P07618,Arjun Verma,58,Male,Mumbai,Government Scheme,2025-12-12
P07619,Nisha Deshmukh,37,Female,Bhandara,Government Scheme,2025-02-24
P07620,Pooja Jain,68,Female,Nagpur,Self Pay,2024-07-23
P07621,Sneha Deshmukh,56,Male,Akola,Private Insurance,2025-05-03
P07622,Vivaan Deshmukh,37,Female,Wardha,Corporate Insurance,2025-11-21
P07623,Kavya Sharma,39,Male,Bhandara,Corporate Insurance,2025-04-18
P07624,Sneha Gupta,48,Male,Amravati,Private Insurance,2025-02-21
P07625,Nisha Shah,26,Female,Nagpur,Corporate Insurance,2025-03-24
P07626,Diya Shah,42,Male,Nagpur,Private Insurance,2024-02-21
P07627,Kavya Jain,48,Male,Nashik,Self Pay,2024-01-18
P07628,Aditi Shah,10,Male,Nagpur,Self Pay,2025-03-10
P07629,Kavya Sharma,38,Female,Chandrapur,Private Insurance,2024-12-14
P07630,Priya Singh,36,Male,Bhandara,Private Insurance,2025-12-20
P07631,Vivaan Deshmukh,62,Male,Nagpur,Self Pay,2024-12-14
P07632,Aditi Sharma,7,Male,Nagpur,Government Scheme,2025-09-04
P07633,Isha Jain,35,Female,Amravati,Government Scheme,2025-04-26
P07634,Aditi Joshi,33,Female,Mumbai,Self Pay,2024-08-09
P07635,Priya Jain,60,Male,Jabalpur,Private Insurance,2025-09-22
P07636,Nisha Singh,41,Male,Amravati,Private Insurance,2024-03-10
P07637,Rohan Reddy,76,Male,Nagpur,Corporate Insurance,2025-05-23
P07638,Nisha Gupta,55,Male,Chandrapur,Self Pay,2024-12-02
P07639,Diya Singh,34,Female,Amravati,Self Pay,2025-06-11
P07640,Kavya Pawar,47,Male,Wardha,Private Insurance,2024-03-13
P07641,Sneha Jain,35,Female,Wardha,Corporate Insurance,2024-05-27
P07642,Rohan Verma,58,Female,Chandrapur,Private Insurance,2024-08-05
P07643,Kavya Pawar,17,Female,Nagpur,Private Insurance,2025-02-16
P07644,Rohan Pawar,26,Male,Mumbai,Private Insurance,2025-11-01
P07645,Rohan Sharma,51,Female,Amravati,Self Pay,2025-10-24
P07646,Diya Sharma,65,Female,Amravati,Private Insurance,2025-04-22
P07647,Aditi Reddy,1,Female,Mumbai,Private Insurance,2024-03-24
P07648,Rohan Singh,68,Female,Amravati,Government Scheme,2025-07-25
P07649,Vikram Singh,39,Male,Nagpur,Government Scheme,2025-09-12
P07650,Isha Jain,6,Female,Nagpur,Private Insurance,2025-01-29
P07651,Pooja Sharma,1,Female,Akola,Self Pay,2024-02-18
P07652,Kavya Joshi,13,Female,Bhandara,Private Insurance,2024-05-02
P07653,Priya Singh,42,Male,Bhandara,Private Insurance,2025-08-11
P07654,Priya Khan,41,Male,Nagpur,Private Insurance,2024-04-19
P07655,Aditya Singh,54,Male,Nagpur,Corporate Insurance,2024-09-04
P07656,Vikram Shah,32,Female,Amravati,Self Pay,2025-07-13
P07657,Aditya Pawar,21,Female,Wardha,Private Insurance,2024-04-20
P07658,Karan Khan,34,Female,Amravati,Private Insurance,2024-11-09
P07659,Diya Shah,43,Male,Wardha,Private Insurance,2025-05-14
P07660,Isha Pawar,46,Female,Nashik,Government Scheme,2024-12-30
P07661,Neha Patil,27,Female,Chandrapur,Self Pay,2025-10-02
P07662,Kavya Deshmukh,59,Male,Chandrapur,Private Insurance,2024-05-10
P07663,Rohan Jain,30,Male,Bhandara,Corporate Insurance,2025-02-21
P07664,Aarav Gupta,25,Female,Nagpur,Private Insurance,2024-09-21
P07665,Neha Jain,32,Male,Chandrapur,Private Insurance,2025-02-12
P07666,Riya Khan,62,Female,Nagpur,Private Insurance,2024-04-06
P07667,Rohan Gupta,39,Male,Akola,Private Insurance,2025-05-16
P07668,Aarav Jain,29,Male,Wardha,Self Pay,2024-05-29
P07669,Aarav Patil,60,Male,Bhandara,Government Scheme,2025-08-13
P07670,Aditi Deshmukh,83,Female,Mumbai,Self Pay,2025-10-10
P07671,Rahul Shah,46,Male,Amravati,Private Insurance,2024-09-05
P07672,Aditya Singh,65,Female,Nagpur,Private Insurance,2025-06-07
P07673,Karan Verma,62,Male,Mumbai,Government Scheme,2025-02-02
P07674,Meera Verma,30,Male,Amravati,Government Scheme,2025-09-13
P07675,Rohan Mehta,43,Male,Amravati,Private Insurance,2025-11-07
P07676,Meera Reddy,18,Male,Nagpur,Private Insurance,2025-09-30
P07677,Vikram Reddy,38,Male,Amravati,Corporate Insurance,2024-07-08
P07678,Riya Sharma,30,Male,Bhandara,Self Pay,2025-03-06
P07679,Aditya Jain,34,Female,Pune,Private Insurance,2024-03-08
P07680,Rahul Jain,28,Other,Nashik,Self Pay,2024-08-10
P07681,Ananya Joshi,37,Female,Wardha,Private Insurance,2024-09-21
P07682,Rohan Joshi,52,Female,Nashik,Self Pay,2024-12-25
P07683,Neha Sharma,40,Male,Pune,Corporate Insurance,2025-08-30
P07684,Arjun Mehta,7,Female,Nagpur,Private Insurance,2024-01-14
P07685,Karan Singh,28,Male,Chandrapur,Corporate Insurance,2024-12-25
P07686,Rahul Sharma,13,Female,Nagpur,Private Insurance,2025-08-19
P07687,Ananya Joshi,47,Female,Nagpur,Private Insurance,2024-06-17
P07688,Sneha Mehta,52,Male,Nashik,Government Scheme,2025-08-08
P07689,Riya Singh,47,Male,Pune,Self Pay,2024-02-26
P07690,Vivaan Mehta,27,Male,Mumbai,Private Insurance,2025-01-06
P07691,Kavya Deshmukh,47,Male,Wardha,Private Insurance,2025-12-21
P07692,Ananya Rao,33,Female,Nagpur,Private Insurance,2024-10-02
P07693,Kavya Joshi,20,Female,Nagpur,Private Insurance,2025-04-12
P07694,Priya Verma,56,Male,Nagpur,Private Insurance,2024-05-05
P07695,Riya Reddy,58,Male,Amravati,Private Insurance,2024-11-03
P07696,Pooja Verma,60,Male,Bhandara,Corporate Insurance,2024-02-25
P07697,Vikram Pawar,30,Female,Chandrapur,Self Pay,2024-03-25
P07698,Nisha Gupta,64,Female,Nagpur,Corporate Insurance,2024-08-25
P07699,Meera Jain,33,Female,Nagpur,Private Insurance,2025-12-17
P07700,Vikram Verma,54,Male,Nagpur,Private Insurance,2025-11-15
P07701,Vikram Shah,32,Female,Nashik,Government Scheme,2024-02-12
P07702,Vivaan Patil,38,Male,Nagpur,Government Scheme,2024-02-20
P07703,Neha Reddy,1,Female,Nagpur,Government Scheme,2025-05-16
P07704,Kavya Reddy,36,Male,Amravati,Private Insurance,2025-11-23
P07705,Kavya Mehta,44,Female,Nagpur,Self Pay,2025-01-04
P07706,Vivaan Reddy,34,Male,Amravati,Government Scheme,2025-01-20
P07707,Ananya Singh,75,Male,Pune,Private Insurance,2025-03-15
P07708,Riya Patil,20,Female,Nagpur,Government Scheme,2024-11-17
P07709,Rahul Patil,31,Female,Nagpur,Private Insurance,2025-06-27
P07710,Ananya Jain,25,Female,Nagpur,Private Insurance,2024-03-30
P07711,Diya Kulkarni,31,Male,Nagpur,Corporate Insurance,2024-02-13
P07712,Rohan Verma,62,Male,Mumbai,Government Scheme,2024-02-22
P07713,Meera Sharma,70,Female,Akola,Private Insurance,2024-06-11
P07714,Ananya Rao,29,Male,Wardha,Private Insurance,2025-02-01
P07715,Meera Patil,28,Female,Bhandara,Private Insurance,2024-07-10
P07716,Ananya Gupta,20,Male,Nagpur,Corporate Insurance,2025-03-12
P07717,Neha Khan,67,Male,Amravati,Self Pay,2024-01-14
P07718,Aditi Singh,63,Male,Nagpur,Government Scheme,2024-11-12
P07719,Rohan Patil,40,Female,Pune,Corporate Insurance,2024-04-17
P07720,Arjun Singh,15,Female,Nashik,Private Insurance,2024-07-28
P07721,Meera Gupta,17,Other,Nagpur,Corporate Insurance,2025-04-17
P07722,Sneha Deshmukh,45,Female,Nashik,Government Scheme,2024-01-10
P07723,Sneha Singh,52,Male,Nagpur,Self Pay,2025-07-16
P07724,Arjun Reddy,3,Male,Nagpur,Corporate Insurance,2024-07-13
P07725,Riya Jain,36,Male,Nagpur,Government Scheme,2025-09-20
P07726,Neha Deshmukh,73,Male,Nagpur,Private Insurance,2025-06-05
P07727,Aditi Deshmukh,38,Male,Nagpur,Private Insurance,2025-10-22
P07728,Kavya Kulkarni,70,Male,Mumbai,Private Insurance,2025-03-18
P07729,Neha Sharma,54,Female,Nagpur,Private Insurance,2024-10-26
P07730,Karan Sharma,21,Male,Amravati,Private Insurance,2024-04-25
P07731,Sneha Joshi,36,Female,Nagpur,Government Scheme,2024-02-22
P07732,Karan Patil,40,Male,Nagpur,Private Insurance,2025-08-02
P07733,Aditya Pawar,24,Male,Nagpur,Corporate Insurance,2025-04-15
P07734,Karan Sharma,24,Male,Nagpur,Private Insurance,2024-04-18
P07735,Kavya Joshi,71,Female,Amravati,Private Insurance,2024-03-10
P07736,Aarav Sharma,23,Female,Nagpur,Private Insurance,2025-08-03
P07737,Ananya Kulkarni,62,Male,Nagpur,Corporate Insurance,2024-02-13
P07738,Aditya Gupta,34,Male,Chandrapur,Government Scheme,2025-01-09
P07739,Karan Patil,42,Female,Jabalpur,Private Insurance,2024-08-25
P07740,Neha Gupta,53,Male,Nagpur,Private Insurance,2025-06-07
P07741,Sneha Sharma,31,Male,Akola,Private Insurance,2024-02-12
P07742,Aarav Mehta,53,Male,Chandrapur,Corporate Insurance,2024-03-01
P07743,Karan Gupta,3,Male,Bhandara,Government Scheme,2024-04-12
P07744,Ananya Singh,50,Male,Akola,Private Insurance,2025-06-24
P07745,Sneha Khan,1,Male,Wardha,Private Insurance,2025-06-04
P07746,Riya Pawar,38,Female,Mumbai,Private Insurance,2025-06-10
P07747,Rahul Pawar,58,Other,Nagpur,Government Scheme,2025-02-24
P07748,Rahul Shah,54,Male,Wardha,Government Scheme,2024-05-07
P07749,Aarav Shah,17,Male,Chandrapur,Self Pay,2024-06-15
P07750,Meera Verma,20,Male,Mumbai,Private Insurance,2024-04-10
P07751,Aditya Patil,29,Male,Wardha,Private Insurance,2024-04-01
P07752,Aditya Gupta,46,Female,Jabalpur,Government Scheme,2025-06-30
P07753,Aditi Shah,3,Female,Chandrapur,Self Pay,2024-11-29
P07754,Nisha Deshmukh,42,Female,Akola,Government Scheme,2024-10-30
P07755,Aditi Reddy,48,Male,Pune,Self Pay,2024-04-17
P07756,Vivaan Sharma,37,Male,Nashik,Self Pay,2025-04-17
P07757,Priya Joshi,52,Female,Bhandara,Corporate Insurance,2025-08-30
P07758,Priya Khan,46,Female,Nashik,Private Insurance,2024-01-07
P07759,Vivaan Mehta,32,Male,Nagpur,Corporate Insurance,2025-11-11
P07760,Riya Kulkarni,5,Female,Mumbai,Self Pay,2024-05-14
P07761,Nisha Pawar,45,Female,Pune,Government Scheme,2025-10-27
P07762,Sneha Verma,24,Female,Chandrapur,Government Scheme,2025-06-28
P07763,Priya Rao,31,Male,Nagpur,Private Insurance,2025-10-11
P07764,Pooja Singh,51,Male,Nagpur,Government Scheme,2024-05-25
P07765,Ananya Patil,69,Male,Nagpur,Self Pay,2025-02-15
P07766,Karan Jain,41,Female,Nagpur,Corporate Insurance,2024-02-28
P07767,Isha Patil,53,Female,Akola,Government Scheme,2024-11-22
P07768,Rohan Shah,15,Male,Mumbai,Corporate Insurance,2024-05-07
P07769,Aarav Kulkarni,47,Other,Akola,Private Insurance,2024-02-21
P07770,Nisha Khan,41,Female,Amravati,Corporate Insurance,2025-08-30
P07771,Nisha Rao,65,Male,Jabalpur,Government Scheme,2025-07-05
P07772,Vivaan Gupta,32,Male,Mumbai,Self Pay,2024-09-09
P07773,Rohan Khan,37,Male,Akola,Government Scheme,2024-10-29
P07774,Aarav Khan,62,Female,Amravati,Corporate Insurance,2025-01-21
P07775,Vikram Deshmukh,40,Female,Akola,Private Insurance,2025-03-18
P07776,Rohan Singh,21,Female,Amravati,Government Scheme,2025-02-25
P07777,Diya Reddy,90,Male,Nagpur,Corporate Insurance,2024-08-10
P07778,Aditi Pawar,22,Male,Chandrapur,Private Insurance,2024-09-29
P07779,Neha Kulkarni,41,Female,Akola,Government Scheme,2025-12-23
P07780,Vikram Singh,49,Female,Amravati,Government Scheme,2024-03-09
P07781,Aarav Mehta,47,Female,Mumbai,Self Pay,2024-10-22
P07782,Neha Joshi,38,Male,Pune,Corporate Insurance,2024-07-06
P07783,Aarav Deshmukh,38,Male,Bhandara,Private Insurance,2024-06-27
P07784,Sneha Singh,38,Female,Nagpur,Self Pay,2024-04-25
P07785,Neha Sharma,21,Male,Nagpur,Government Scheme,2024-03-13
P07786,Aarav Mehta,83,Male,Chandrapur,Self Pay,2025-10-25
P07787,Diya Verma,38,Male,Pune,Private Insurance,2025-09-27
P07788,Vivaan Patil,53,Male,Wardha,Private Insurance,2025-06-24
P07789,Sneha Jain,36,Female,Nagpur,Government Scheme,2025-11-08
P07790,Rahul Joshi,35,Male,Nagpur,Private Insurance,2025-08-23
P07791,Karan Shah,33,Male,Nagpur,Self Pay,2024-04-03
P07792,Kavya Shah,13,Male,Chandrapur,Private Insurance,2025-08-15
P07793,Pooja Mehta,39,Male,Wardha,Corporate Insurance,2025-08-12
P07794,Meera Joshi,34,Female,Nagpur,Corporate Insurance,2024-01-02
P07795,Aditi Singh,64,Male,Wardha,Government Scheme,2025-10-03
P07796,Neha Rao,19,Male,Mumbai,Corporate Insurance,2025-06-30
P07797,Priya Pawar,31,Female,Amravati,Corporate Insurance,2025-12-26
P07798,Kavya Deshmukh,25,Male,Nagpur,Self Pay,2024-12-17
P07799,Aditi Verma,69,Female,Bhandara,Government Scheme,2025-06-25
P07800,Aditi Pawar,25,Male,Mumbai,Government Scheme,2025-07-19
P07801,Riya Verma,53,Female,Nagpur,Self Pay,2025-05-01
P07802,Pooja Kulkarni,60,Female,Nagpur,Self Pay,2025-12-01
P07803,Priya Pawar,39,Male,Bhandara,Government Scheme,2024-04-14
P07804,Aditi Jain,16,Male,Nagpur,Government Scheme,2024-09-18
P07805,Rahul Singh,16,Male,Mumbai,Private Insurance,2024-03-10
P07806,Vikram Khan,58,Male,Akola,Self Pay,2025-03-17
P07807,Diya Joshi,18,Female,Nagpur,Corporate Insurance,2024-01-18
P07808,Rohan Shah,49,Male,Mumbai,Private Insurance,2024-08-10
P07809,Diya Mehta,44,Male,Chandrapur,Private Insurance,2025-06-23
P07810,Priya Jain,49,Female,Wardha,Corporate Insurance,2025-10-14
P07811,Aditya Deshmukh,51,Male,Nagpur,Private Insurance,2024-06-11
P07812,Aarav Sharma,24,Female,Chandrapur,Self Pay,2024-07-04
P07813,Aditya Singh,23,Female,Mumbai,Government Scheme,2024-01-20
P07814,Diya Shah,56,Male,Nagpur,Government Scheme,2024-09-13
P07815,Sneha Shah,30,Male,Amravati,Private Insurance,2025-05-28
P07816,Aarav Sharma,1,Male,Mumbai,Private Insurance,2025-10-10
P07817,Arjun Gupta,54,Male,Amravati,Government Scheme,2024-11-03
P07818,Riya Deshmukh,22,Female,Nagpur,Private Insurance,2024-03-14
P07819,Sneha Sharma,51,Other,Nagpur,Self Pay,2024-08-22
P07820,Aditya Gupta,68,Female,Akola,Corporate Insurance,2024-12-26
P07821,Priya Mehta,42,Female,Akola,Self Pay,2025-03-18
P07822,Sneha Reddy,61,Female,Nagpur,Government Scheme,2025-02-28
P07823,Ananya Joshi,45,Female,Nagpur,Government Scheme,2025-08-07
P07824,Ananya Verma,72,Female,Bhandara,Private Insurance,2025-02-26
P07825,Vikram Patil,22,Male,Akola,Self Pay,2024-10-21
P07826,Pooja Reddy,42,Male,Nagpur,Government Scheme,2024-03-28
P07827,Vivaan Sharma,55,Male,Wardha,Corporate Insurance,2025-11-14
P07828,Kavya Rao,38,Female,Bhandara,Self Pay,2024-01-29
P07829,Aarav Singh,64,Male,Nagpur,Private Insurance,2024-08-28
P07830,Ananya Jain,34,Female,Nagpur,Government Scheme,2024-10-31
P07831,Isha Joshi,81,Male,Mumbai,Self Pay,2025-10-11
P07832,Rahul Singh,82,Male,Mumbai,Corporate Insurance,2024-11-27
P07833,Rahul Patil,47,Female,Nagpur,Private Insurance,2024-10-28
P07834,Isha Singh,52,Male,Mumbai,Self Pay,2025-11-19
P07835,Pooja Singh,65,Male,Chandrapur,Private Insurance,2024-09-23
P07836,Ananya Mehta,19,Female,Jabalpur,Corporate Insurance,2025-07-05
P07837,Diya Singh,17,Male,Jabalpur,Government Scheme,2024-01-24
P07838,Nisha Rao,66,Male,Chandrapur,Self Pay,2025-03-13
P07839,Ananya Kulkarni,47,Female,Wardha,Private Insurance,2025-06-15
P07840,Riya Pawar,38,Female,Nagpur,Corporate Insurance,2024-06-02
P07841,Pooja Patil,42,Female,Bhandara,Self Pay,2025-07-08
P07842,Kavya Patil,1,Male,Amravati,Private Insurance,2025-10-20
P07843,Vikram Deshmukh,38,Female,Chandrapur,Government Scheme,2024-02-09
P07844,Nisha Patil,28,Female,Nagpur,Private Insurance,2024-05-21
P07845,Isha Deshmukh,59,Female,Pune,Self Pay,2024-04-15
P07846,Aarav Joshi,61,Other,Jabalpur,Self Pay,2025-11-22
P07847,Vivaan Verma,53,Male,Nagpur,Government Scheme,2024-07-31
P07848,Arjun Khan,50,Male,Chandrapur,Private Insurance,2025-11-21
P07849,Arjun Kulkarni,14,Male,Pune,Corporate Insurance,2024-10-04
P07850,Aarav Reddy,53,Male,Bhandara,Corporate Insurance,2025-12-14
P07851,Ananya Gupta,54,Male,Mumbai,Government Scheme,2025-02-14
P07852,Karan Sharma,66,Female,Wardha,Self Pay,2024-07-25
P07853,Rahul Mehta,82,Female,Nagpur,Private Insurance,2025-01-06
P07854,Vikram Mehta,10,Male,Wardha,Private Insurance,2024-04-10
P07855,Arjun Gupta,35,Female,Wardha,Corporate Insurance,2024-05-25
P07856,Priya Patil,28,Female,Nagpur,Self Pay,2025-04-04
P07857,Vikram Reddy,45,Male,Pune,Private Insurance,2025-07-03
P07858,Diya Rao,42,Male,Chandrapur,Government Scheme,2024-11-04
P07859,Aditya Rao,38,Female,Amravati,Private Insurance,2025-09-16
P07860,Riya Gupta,62,Female,Amravati,Private Insurance,2024-10-10
P07861,Meera Patil,21,Female,Amravati,Corporate Insurance,2024-09-30
P07862,Arjun Gupta,22,Female,Wardha,Private Insurance,2025-02-10
P07863,Karan Pawar,23,Female,Bhandara,Private Insurance,2024-10-14
P07864,Nisha Sharma,35,Male,Nagpur,Self Pay,2025-05-18
P07865,Kavya Verma,19,Male,Pune,Private Insurance,2025-10-20
P07866,Neha Rao,41,Female,Mumbai,Private Insurance,2024-08-30
P07867,Sneha Sharma,39,Female,Bhandara,Government Scheme,2024-12-22
P07868,Meera Deshmukh,27,Male,Akola,Private Insurance,2024-09-01
P07869,Rahul Pawar,59,Female,Mumbai,Government Scheme,2025-03-07
P07870,Meera Rao,41,Female,Nagpur,Government Scheme,2025-03-21
P07871,Rahul Rao,62,Female,Nagpur,Corporate Insurance,2024-11-25
P07872,Ananya Joshi,38,Male,Nagpur,Corporate Insurance,2024-02-22
P07873,Priya Singh,42,Female,Wardha,Private Insurance,2025-11-07
P07874,Riya Rao,31,Female,Nagpur,Government Scheme,2025-05-25
P07875,Neha Singh,42,Male,Bhandara,Self Pay,2025-06-10
P07876,Rahul Joshi,56,Male,Wardha,Private Insurance,2025-08-06
P07877,Meera Khan,34,Male,Nagpur,Private Insurance,2024-01-20
P07878,Vikram Kulkarni,52,Male,Amravati,Government Scheme,2025-10-04
P07879,Meera Kulkarni,27,Male,Nagpur,Government Scheme,2024-03-03
P07880,Aarav Kulkarni,56,Female,Bhandara,Corporate Insurance,2025-07-04
P07881,Rohan Patil,31,Female,Nagpur,Private Insurance,2025-11-27
P07882,Diya Jain,58,Female,Nagpur,Private Insurance,2025-01-04
P07883,Pooja Gupta,43,Female,Nagpur,Corporate Insurance,2025-06-06
P07884,Meera Deshmukh,71,Female,Akola,Corporate Insurance,2025-09-29
P07885,Rahul Shah,20,Female,Nagpur,Government Scheme,2025-02-17
P07886,Vikram Singh,14,Male,Chandrapur,Self Pay,2024-12-24
P07887,Sneha Pawar,30,Male,Pune,Self Pay,2025-08-12
P07888,Aarav Mehta,16,Female,Wardha,Private Insurance,2025-07-28
P07889,Diya Mehta,16,Male,Nagpur,Self Pay,2024-03-01
P07890,Rahul Singh,54,Female,Chandrapur,Self Pay,2024-02-16
P07891,Rohan Pawar,42,Male,Nagpur,Private Insurance,2025-06-04
P07892,Kavya Pawar,33,Male,Pune,Corporate Insurance,2025-06-01
P07893,Aditi Gupta,35,Female,Nashik,Corporate Insurance,2025-08-16
P07894,Aditya Kulkarni,31,Female,Amravati,Government Scheme,2024-03-02
P07895,Kavya Kulkarni,73,Male,Nagpur,Private Insurance,2024-04-23
P07896,Priya Mehta,28,Male,Akola,Corporate Insurance,2024-01-21
P07897,Rahul Jain,17,Male,Bhandara,Government Scheme,2024-07-25
P07898,Aditi Deshmukh,57,Female,Nagpur,Private Insurance,2025-01-01
P07899,Arjun Rao,38,Female,Nashik,Self Pay,2024-09-20
P07900,Aditi Rao,81,Female,Nagpur,Self Pay,2024-03-28
P07901,Riya Verma,32,Male,Mumbai,Private Insurance,2025-02-07
P07902,Meera Rao,58,Female,Pune,Private Insurance,2024-08-25
P07903,Sneha Kulkarni,63,Female,Nagpur,Corporate Insurance,2024-07-28
P07904,Priya Joshi,32,Other,Nagpur,Corporate Insurance,2025-07-19
P07905,Vikram Khan,28,Female,Amravati,Government Scheme,2024-08-20
P07906,Aditi Sharma,56,Female,Pune,Private Insurance,2025-02-05
P07907,Ananya Khan,53,Male,Nagpur,Private Insurance,2024-02-18
P07908,Diya Mehta,15,Male,Nagpur,Government Scheme,2025-06-19
P07909,Priya Gupta,21,Male,Chandrapur,Private Insurance,2025-01-31
P07910,Pooja Gupta,1,Female,Nagpur,Government Scheme,2025-07-25
P07911,Ananya Verma,53,Male,Nagpur,Private Insurance,2024-08-08
P07912,Aditi Shah,37,Female,Nashik,Self Pay,2024-12-16
P07913,Aditi Pawar,39,Male,Bhandara,Self Pay,2024-11-08
P07914,Aditya Jain,10,Male,Bhandara,Self Pay,2025-12-20
P07915,Arjun Reddy,21,Male,Nagpur,Private Insurance,2024-03-15
P07916,Aditi Pawar,33,Male,Bhandara,Government Scheme,2024-05-27
P07917,Vikram Kulkarni,29,Male,Bhandara,Private Insurance,2025-12-09
P07918,Pooja Gupta,44,Female,Amravati,Private Insurance,2024-03-02
P07919,Vivaan Pawar,53,Female,Jabalpur,Self Pay,2024-07-22
P07920,Sneha Deshmukh,85,Female,Nagpur,Self Pay,2024-08-20
P07921,Vikram Kulkarni,42,Male,Amravati,Self Pay,2025-07-28
P07922,Priya Kulkarni,63,Female,Pune,Private Insurance,2025-07-10
P07923,Pooja Singh,26,Male,Nagpur,Self Pay,2025-09-25
P07924,Sneha Patil,10,Male,Mumbai,Private Insurance,2024-03-11
P07925,Nisha Shah,35,Male,Amravati,Government Scheme,2024-06-06
P07926,Ananya Jain,12,Female,Nagpur,Private Insurance,2024-12-06
P07927,Ananya Jain,42,Male,Nagpur,Self Pay,2025-06-17
P07928,Kavya Pawar,27,Male,Nagpur,Corporate Insurance,2025-02-21
P07929,Meera Reddy,5,Other,Mumbai,Private Insurance,2025-01-16
P07930,Sneha Jain,75,Male,Mumbai,Corporate Insurance,2025-08-12
P07931,Neha Jain,32,Female,Bhandara,Self Pay,2024-05-24
P07932,Pooja Jain,11,Female,Nagpur,Government Scheme,2025-09-09
P07933,Ananya Khan,59,Male,Wardha,Government Scheme,2025-04-25
P07934,Isha Mehta,28,Male,Amravati,Private Insurance,2024-06-23
P07935,Diya Patil,63,Male,Nagpur,Private Insurance,2024-11-15
P07936,Kavya Kulkarni,28,Male,Nagpur,Private Insurance,2024-07-19
P07937,Aarav Mehta,32,Male,Amravati,Self Pay,2024-08-13
P07938,Vivaan Patil,49,Male,Amravati,Private Insurance,2025-05-14
P07939,Sneha Deshmukh,53,Male,Akola,Government Scheme,2024-08-10
P07940,Rahul Shah,57,Male,Amravati,Corporate Insurance,2025-09-19
P07941,Aditi Pawar,40,Female,Nagpur,Self Pay,2024-03-12
P07942,Aditi Khan,52,Female,Nagpur,Private Insurance,2024-05-02
P07943,Rahul Pawar,56,Female,Akola,Self Pay,2025-10-28
P07944,Karan Joshi,46,Female,Akola,Private Insurance,2025-06-11
P07945,Isha Mehta,39,Male,Nagpur,Self Pay,2024-11-17
P07946,Pooja Joshi,15,Male,Mumbai,Private Insurance,2024-06-22
P07947,Rahul Mehta,53,Female,Akola,Private Insurance,2024-07-05
P07948,Priya Kulkarni,43,Female,Nagpur,Corporate Insurance,2024-05-11
P07949,Kavya Sharma,34,Male,Nagpur,Private Insurance,2025-10-16
P07950,Pooja Kulkarni,66,Male,Jabalpur,Private Insurance,2024-09-03
P07951,Diya Singh,15,Male,Amravati,Private Insurance,2025-11-14
P07952,Rohan Reddy,73,Female,Nagpur,Private Insurance,2025-08-03
P07953,Vivaan Pawar,42,Female,Bhandara,Self Pay,2024-09-18
P07954,Diya Rao,48,Male,Nagpur,Private Insurance,2025-06-26
P07955,Neha Gupta,34,Male,Pune,Private Insurance,2024-12-14
P07956,Ananya Joshi,10,Male,Pune,Corporate Insurance,2024-12-15
P07957,Vivaan Shah,39,Male,Pune,Private Insurance,2025-07-15
P07958,Aarav Singh,48,Female,Chandrapur,Private Insurance,2025-06-05
P07959,Nisha Patil,55,Female,Akola,Private Insurance,2024-06-08
P07960,Aditi Patil,38,Female,Nagpur,Corporate Insurance,2024-10-23
P07961,Diya Singh,1,Female,Mumbai,Government Scheme,2025-11-13
P07962,Priya Gupta,13,Female,Nagpur,Government Scheme,2024-06-02
P07963,Aarav Jain,81,Female,Nagpur,Government Scheme,2025-06-04
P07964,Diya Joshi,21,Female,Jabalpur,Government Scheme,2025-09-07
P07965,Diya Shah,69,Male,Jabalpur,Self Pay,2025-03-14
P07966,Meera Kulkarni,24,Female,Wardha,Corporate Insurance,2024-02-09
P07967,Meera Rao,39,Male,Wardha,Government Scheme,2025-09-13
P07968,Nisha Sharma,54,Female,Nagpur,Self Pay,2025-10-19
P07969,Priya Joshi,26,Female,Chandrapur,Private Insurance,2025-04-14
P07970,Vivaan Patil,72,Female,Nagpur,Government Scheme,2025-07-29
P07971,Priya Rao,43,Female,Nagpur,Government Scheme,2024-02-02
P07972,Pooja Patil,51,Female,Amravati,Private Insurance,2025-06-12
P07973,Rohan Mehta,37,Male,Mumbai,Private Insurance,2025-08-10
P07974,Priya Kulkarni,55,Male,Jabalpur,Private Insurance,2025-02-19
P07975,Arjun Jain,72,Female,Jabalpur,Private Insurance,2025-01-17
P07976,Kavya Verma,40,Female,Pune,Self Pay,2025-08-14
P07977,Aditi Kulkarni,75,Female,Nagpur,Private Insurance,2025-04-28
P07978,Aarav Rao,30,Male,Nagpur,Government Scheme,2024-01-21
P07979,Arjun Patil,57,Female,Amravati,Private Insurance,2024-05-14
P07980,Diya Singh,51,Female,Nagpur,Government Scheme,2025-03-07
P07981,Priya Rao,22,Male,Chandrapur,Private Insurance,2025-03-18
P07982,Diya Patil,46,Male,Amravati,Private Insurance,2024-07-09
P07983,Diya Mehta,42,Male,Mumbai,Government Scheme,2024-04-11
P07984,Aarav Verma,26,Female,Amravati,Private Insurance,2025-04-11
P07985,Neha Joshi,49,Female,Amravati,Private Insurance,2024-08-14
P07986,Diya Deshmukh,45,Female,Nashik,Government Scheme,2025-05-07
P07987,Aditya Jain,41,Male,Chandrapur,Corporate Insurance,2025-04-27
P07988,Pooja Sharma,41,Male,Nagpur,Government Scheme,2024-06-05
P07989,Isha Shah,40,Female,Akola,Government Scheme,2025-07-14
P07990,Vikram Khan,35,Male,Bhandara,Government Scheme,2024-04-23
P07991,Priya Deshmukh,45,Female,Nagpur,Government Scheme,2024-10-18
P07992,Aditi Joshi,30,Male,Wardha,Government Scheme,2025-03-04
P07993,Isha Deshmukh,90,Female,Mumbai,Government Scheme,2025-10-09
P07994,Priya Sharma,15,Female,Nagpur,Government Scheme,2025-11-17
P07995,Rahul Shah,31,Female,Amravati,Self Pay,2025-05-21
P07996,Vivaan Kulkarni,32,Male,Nagpur,Private Insurance,2025-04-29
P07997,Meera Rao,81,Female,Bhandara,Private Insurance,2024-12-31
P07998,Vikram Khan,17,Female,Jabalpur,Government Scheme,2024-12-19
P07999,Rahul Rao,50,Male,Nagpur,Self Pay,2025-02-10
P08000,Aditi Jain,47,Male,Pune,Self Pay,2025-11-13
P08001,Rohan Rao,48,Male,Pune,Private Insurance,2025-04-20
P08002,Vikram Joshi,65,Male,Nagpur,Government Scheme,2025-08-20
P08003,Ananya Deshmukh,65,Male,Nashik,Corporate Insurance,2025-02-07
P08004,Vikram Gupta,33,Male,Jabalpur,Private Insurance,2025-06-18
P08005,Aditi Kulkarni,46,Female,Jabalpur,Government Scheme,2025-09-12
P08006,Sneha Mehta,7,Female,Chandrapur,Private Insurance,2024-11-15
P08007,Nisha Pawar,44,Female,Nagpur,Self Pay,2025-04-15
P08008,Meera Rao,27,Female,Nagpur,Private Insurance,2024-12-24
P08009,Neha Verma,38,Female,Nagpur,Self Pay,2025-01-07
P08010,Meera Pawar,10,Female,Chandrapur,Private Insurance,2024-07-12
P08011,Meera Singh,50,Female,Amravati,Private Insurance,2025-09-02
P08012,Ananya Deshmukh,10,Male,Akola,Private Insurance,2025-08-19
P08013,Vikram Jain,45,Male,Pune,Private Insurance,2025-11-03
P08014,Aditi Singh,19,Male,Nagpur,Self Pay,2024-07-26
P08015,Pooja Deshmukh,26,Male,Mumbai,Private Insurance,2025-12-29
P08016,Pooja Shah,64,Female,Nagpur,Private Insurance,2025-05-28
P08017,Sneha Singh,53,Female,Nagpur,Corporate Insurance,2024-09-05
P08018,Pooja Jain,64,Female,Pune,Private Insurance,2025-09-30
P08019,Priya Shah,72,Male,Nagpur,Government Scheme,2025-02-11
P08020,Kavya Khan,27,Female,Nagpur,Private Insurance,2025-02-07
P08021,Aditya Joshi,70,Male,Jabalpur,Corporate Insurance,2025-07-06
P08022,Rahul Verma,14,Female,Mumbai,Government Scheme,2024-04-24
P08023,Sneha Sharma,56,Male,Pune,Private Insurance,2024-12-05
P08024,Rahul Kulkarni,33,Male,Nagpur,Government Scheme,2024-01-19
P08025,Arjun Deshmukh,24,Female,Nagpur,Private Insurance,2024-11-07
P08026,Ananya Singh,54,Male,Nagpur,Private Insurance,2025-05-06
P08027,Karan Rao,60,Male,Nagpur,Government Scheme,2025-12-22
P08028,Ananya Rao,59,Male,Jabalpur,Government Scheme,2024-06-12
P08029,Meera Gupta,46,Male,Nagpur,Government Scheme,2025-10-01
P08030,Aditya Jain,45,Female,Nashik,Private Insurance,2024-01-29
P08031,Isha Rao,52,Female,Nagpur,Self Pay,2024-01-10
P08032,Aditi Kulkarni,48,Male,Bhandara,Private Insurance,2024-09-07
P08033,Rohan Gupta,52,Female,Nagpur,Self Pay,2024-07-30
P08034,Vivaan Deshmukh,46,Female,Nagpur,Private Insurance,2025-02-28
P08035,Ananya Deshmukh,58,Female,Nagpur,Government Scheme,2024-05-21
P08036,Riya Mehta,11,Male,Mumbai,Government Scheme,2025-02-06
P08037,Arjun Joshi,40,Female,Chandrapur,Government Scheme,2025-12-21
P08038,Kavya Verma,16,Other,Chandrapur,Self Pay,2024-05-02
P08039,Rahul Jain,47,Female,Nagpur,Government Scheme,2024-11-10
P08040,Ananya Mehta,73,Female,Nashik,Corporate Insurance,2025-03-16
P08041,Isha Joshi,33,Female,Akola,Corporate Insurance,2024-11-09
P08042,Arjun Khan,44,Female,Wardha,Corporate Insurance,2024-10-26
P08043,Ananya Shah,56,Female,Akola,Private Insurance,2024-01-28
P08044,Neha Verma,3,Male,Mumbai,Private Insurance,2024-12-14
P08045,Aditi Kulkarni,32,Female,Jabalpur,Self Pay,2025-11-07
P08046,Riya Jain,49,Female,Jabalpur,Private Insurance,2025-09-30
P08047,Priya Patil,1,Female,Wardha,Self Pay,2025-08-05
P08048,Sneha Patil,23,Female,Nagpur,Private Insurance,2024-02-27
P08049,Sneha Reddy,63,Male,Nagpur,Self Pay,2024-04-01
P08050,Isha Rao,61,Female,Nagpur,Private Insurance,2025-01-20
P08051,Priya Kulkarni,49,Male,Nagpur,Corporate Insurance,2024-08-05
P08052,Isha Deshmukh,59,Female,Amravati,Self Pay,2024-05-06
P08053,Vivaan Patil,46,Female,Akola,Private Insurance,2024-05-15
P08054,Riya Deshmukh,53,Male,Bhandara,Government Scheme,2024-05-13
P08055,Priya Verma,36,Female,Chandrapur,Government Scheme,2024-03-08
P08056,Vikram Khan,44,Male,Jabalpur,Corporate Insurance,2025-03-21
P08057,Riya Patil,30,Female,Nagpur,Government Scheme,2024-10-28
P08058,Isha Deshmukh,66,Female,Nagpur,Government Scheme,2025-05-03
P08059,Rohan Khan,71,Male,Akola,Private Insurance,2024-06-05
P08060,Aarav Joshi,68,Female,Bhandara,Self Pay,2025-03-18
P08061,Meera Joshi,34,Male,Wardha,Private Insurance,2024-05-14
P08062,Vikram Pawar,24,Male,Pune,Corporate Insurance,2025-11-05
P08063,Nisha Patil,66,Female,Nagpur,Government Scheme,2024-05-05
P08064,Isha Singh,52,Female,Bhandara,Self Pay,2025-08-03
P08065,Diya Sharma,48,Male,Mumbai,Self Pay,2025-05-15
P08066,Pooja Joshi,30,Female,Wardha,Private Insurance,2024-05-24
P08067,Vivaan Shah,50,Male,Bhandara,Private Insurance,2024-03-06
P08068,Arjun Singh,21,Female,Nagpur,Private Insurance,2025-04-09
P08069,Isha Joshi,54,Female,Amravati,Private Insurance,2024-02-01
P08070,Nisha Reddy,68,Male,Nagpur,Private Insurance,2025-03-28
P08071,Karan Reddy,73,Male,Bhandara,Self Pay,2025-05-10
P08072,Karan Kulkarni,55,Male,Chandrapur,Government Scheme,2025-04-16
P08073,Meera Verma,16,Male,Jabalpur,Government Scheme,2025-12-13
P08074,Priya Patil,46,Female,Chandrapur,Government Scheme,2024-11-09
P08075,Priya Rao,83,Female,Nagpur,Private Insurance,2025-01-01
P08076,Karan Deshmukh,25,Female,Pune,Government Scheme,2025-11-22
P08077,Meera Verma,41,Female,Nagpur,Private Insurance,2025-09-20
P08078,Sneha Verma,69,Female,Akola,Corporate Insurance,2024-12-04
P08079,Vivaan Verma,54,Male,Nagpur,Self Pay,2024-11-04
P08080,Kavya Sharma,89,Female,Nashik,Private Insurance,2025-07-30
P08081,Riya Joshi,28,Female,Mumbai,Self Pay,2025-02-16
P08082,Rahul Jain,23,Male,Nagpur,Government Scheme,2024-12-17
P08083,Nisha Joshi,65,Female,Bhandara,Private Insurance,2025-08-18
P08084,Nisha Jain,19,Male,Bhandara,Private Insurance,2025-07-28
P08085,Aarav Shah,38,Female,Nagpur,Private Insurance,2024-10-29
P08086,Rahul Patil,41,Female,Amravati,Self Pay,2024-10-15
P08087,Nisha Mehta,62,Male,Akola,Self Pay,2025-05-03
P08088,Riya Singh,54,Male,Nagpur,Government Scheme,2024-01-01
P08089,Sneha Singh,51,Male,Nagpur,Private Insurance,2025-07-24
P08090,Aarav Deshmukh,34,Female,Nashik,Private Insurance,2024-12-30
P08091,Riya Singh,65,Female,Chandrapur,Government Scheme,2025-09-30
P08092,Karan Jain,90,Male,Nagpur,Private Insurance,2025-02-04
P08093,Isha Rao,55,Female,Jabalpur,Government Scheme,2024-10-09
P08094,Diya Khan,44,Male,Mumbai,Private Insurance,2024-03-25
P08095,Aditi Shah,17,Female,Jabalpur,Private Insurance,2024-01-01
P08096,Nisha Mehta,30,Female,Wardha,Government Scheme,2025-04-30
P08097,Aarav Sharma,38,Female,Nagpur,Private Insurance,2024-05-25
P08098,Vivaan Shah,32,Male,Nagpur,Self Pay,2025-09-15
P08099,Kavya Khan,42,Female,Jabalpur,Self Pay,2024-12-27
P08100,Sneha Gupta,76,Male,Mumbai,Government Scheme,2025-09-25
P08101,Aarav Sharma,66,Female,Nashik,Corporate Insurance,2024-12-05
P08102,Aditya Patil,39,Female,Wardha,Government Scheme,2024-10-02
P08103,Nisha Deshmukh,19,Female,Amravati,Self Pay,2024-04-12
P08104,Karan Mehta,67,Male,Akola,Government Scheme,2024-10-26
P08105,Rohan Khan,41,Male,Nagpur,Self Pay,2025-08-22
P08106,Diya Jain,9,Female,Bhandara,Private Insurance,2025-09-18
P08107,Karan Reddy,56,Female,Akola,Government Scheme,2024-12-14
P08108,Sneha Verma,61,Male,Nashik,Private Insurance,2025-12-29
P08109,Neha Jain,1,Female,Wardha,Government Scheme,2024-01-27
P08110,Aditi Gupta,26,Male,Nashik,Private Insurance,2024-02-08
P08111,Aditi Jain,40,Male,Nagpur,Corporate Insurance,2024-02-14
P08112,Ananya Khan,56,Female,Nagpur,Government Scheme,2024-02-15
P08113,Meera Rao,32,Male,Nagpur,Private Insurance,2024-01-04
P08114,Vivaan Jain,26,Male,Nagpur,Government Scheme,2024-02-09
P08115,Kavya Sharma,56,Female,Amravati,Self Pay,2025-08-04
P08116,Isha Khan,33,Female,Amravati,Self Pay,2024-12-03
P08117,Kavya Patil,52,Female,Wardha,Government Scheme,2025-07-24
P08118,Rahul Pawar,21,Male,Amravati,Private Insurance,2025-07-26
P08119,Priya Deshmukh,16,Male,Wardha,Corporate Insurance,2025-05-19
P08120,Kavya Kulkarni,56,Female,Nashik,Corporate Insurance,2024-03-09
P08121,Ananya Jain,47,Female,Nagpur,Corporate Insurance,2024-03-29
P08122,Isha Verma,60,Female,Amravati,Self Pay,2025-05-17
P08123,Ananya Deshmukh,32,Female,Nagpur,Private Insurance,2025-11-27
P08124,Kavya Verma,27,Female,Nagpur,Corporate Insurance,2024-05-04
P08125,Karan Deshmukh,68,Female,Chandrapur,Private Insurance,2025-04-08
P08126,Vikram Deshmukh,13,Female,Mumbai,Private Insurance,2024-01-25
P08127,Aarav Khan,66,Male,Nagpur,Government Scheme,2024-05-25
P08128,Vikram Khan,67,Male,Amravati,Government Scheme,2025-03-10
P08129,Rohan Kulkarni,58,Female,Nagpur,Self Pay,2025-04-22
P08130,Rohan Joshi,29,Male,Nagpur,Government Scheme,2025-03-09
P08131,Aditi Kulkarni,26,Female,Mumbai,Private Insurance,2024-11-26
P08132,Aarav Rao,38,Female,Bhandara,Government Scheme,2024-07-25
P08133,Kavya Gupta,17,Other,Akola,Corporate Insurance,2025-08-06
P08134,Rohan Shah,24,Male,Mumbai,Corporate Insurance,2024-08-23
P08135,Pooja Kulkarni,54,Female,Bhandara,Private Insurance,2025-06-03
P08136,Arjun Deshmukh,54,Female,Nagpur,Private Insurance,2024-09-15
P08137,Aditi Joshi,22,Male,Akola,Private Insurance,2025-01-12
P08138,Meera Khan,55,Female,Nashik,Self Pay,2025-11-09
P08139,Arjun Deshmukh,51,Male,Amravati,Government Scheme,2024-10-16
P08140,Karan Singh,71,Female,Chandrapur,Government Scheme,2025-09-24
P08141,Kavya Gupta,53,Female,Wardha,Private Insurance,2024-02-14
P08142,Rahul Verma,62,Male,Nagpur,Self Pay,2025-01-20
P08143,Pooja Pawar,51,Male,Akola,Self Pay,2025-01-08
P08144,Priya Joshi,61,Female,Nagpur,Government Scheme,2025-12-04
P08145,Priya Verma,18,Male,Nagpur,Private Insurance,2024-07-12
P08146,Riya Kulkarni,40,Male,Amravati,Government Scheme,2025-02-28
P08147,Arjun Singh,41,Female,Chandrapur,Corporate Insurance,2025-03-04
P08148,Aarav Mehta,37,Female,Pune,Government Scheme,2024-03-15
P08149,Ananya Mehta,50,Female,Chandrapur,Self Pay,2025-12-27
P08150,Nisha Kulkarni,54,Male,Nashik,Private Insurance,2024-12-21
P08151,Aditya Patil,49,Male,Nagpur,Private Insurance,2024-11-14
P08152,Karan Deshmukh,39,Female,Bhandara,Private Insurance,2025-10-14
P08153,Sneha Sharma,28,Male,Nagpur,Private Insurance,2024-02-19
P08154,Sneha Deshmukh,63,Female,Wardha,Private Insurance,2025-04-28
P08155,Aditya Sharma,49,Male,Akola,Government Scheme,2024-01-15
P08156,Kavya Khan,23,Male,Nagpur,Private Insurance,2025-11-26
P08157,Riya Pawar,38,Female,Mumbai,Self Pay,2025-08-14
P08158,Meera Sharma,9,Female,Amravati,Private Insurance,2025-01-22
P08159,Aarav Singh,43,Female,Akola,Private Insurance,2024-10-13
P08160,Isha Mehta,38,Male,Wardha,Private Insurance,2025-10-27
P08161,Meera Sharma,31,Female,Nashik,Private Insurance,2024-06-27
P08162,Priya Patil,72,Male,Bhandara,Self Pay,2025-07-13
P08163,Riya Kulkarni,20,Female,Nagpur,Government Scheme,2024-10-28
P08164,Ananya Sharma,55,Female,Mumbai,Government Scheme,2025-08-23
P08165,Karan Sharma,84,Male,Akola,Corporate Insurance,2025-06-30
P08166,Aditya Pawar,62,Female,Wardha,Private Insurance,2025-12-24
P08167,Diya Pawar,41,Male,Akola,Government Scheme,2025-03-17
P08168,Kavya Mehta,20,Female,Nagpur,Private Insurance,2024-08-08
P08169,Riya Patil,16,Female,Nashik,Private Insurance,2025-10-09
P08170,Vivaan Reddy,34,Female,Amravati,Private Insurance,2025-04-03
P08171,Riya Sharma,29,Female,Pune,Self Pay,2025-05-28
P08172,Aarav Verma,28,Male,Nagpur,Self Pay,2024-07-06
P08173,Isha Sharma,36,Female,Pune,Private Insurance,2025-01-22
P08174,Ananya Joshi,40,Female,Mumbai,Private Insurance,2025-09-15
P08175,Nisha Mehta,51,Female,Jabalpur,Corporate Insurance,2024-09-24
P08176,Isha Patil,18,Male,Nashik,Self Pay,2025-03-03
P08177,Rahul Joshi,29,Male,Akola,Self Pay,2024-05-30
P08178,Riya Singh,39,Male,Wardha,Government Scheme,2024-05-08
P08179,Karan Sharma,38,Other,Nagpur,Private Insurance,2025-07-16
P08180,Kavya Singh,77,Female,Bhandara,Self Pay,2024-11-03
P08181,Rohan Reddy,46,Female,Bhandara,Private Insurance,2024-05-30
P08182,Pooja Patil,11,Male,Nagpur,Government Scheme,2024-05-12
P08183,Aarav Sharma,50,Female,Akola,Private Insurance,2024-04-01
P08184,Rahul Shah,52,Male,Nagpur,Government Scheme,2024-11-30
P08185,Nisha Mehta,40,Male,Chandrapur,Government Scheme,2024-08-14
P08186,Aditi Rao,19,Female,Wardha,Private Insurance,2024-02-26
P08187,Aarav Mehta,75,Male,Mumbai,Government Scheme,2024-12-17
P08188,Nisha Singh,22,Female,Nagpur,Private Insurance,2025-12-05
P08189,Aditi Shah,55,Male,Nagpur,Self Pay,2025-12-15
P08190,Pooja Jain,46,Female,Bhandara,Corporate Insurance,2025-03-11
P08191,Rohan Jain,53,Male,Wardha,Private Insurance,2025-02-25
P08192,Diya Deshmukh,74,Female,Nagpur,Private Insurance,2025-12-24
P08193,Aditya Khan,53,Male,Chandrapur,Corporate Insurance,2025-07-06
P08194,Kavya Jain,31,Male,Mumbai,Self Pay,2024-05-06
P08195,Aditi Reddy,63,Male,Nashik,Self Pay,2025-01-18
P08196,Arjun Khan,30,Male,Nagpur,Private Insurance,2024-10-07
P08197,Rohan Khan,45,Male,Nagpur,Private Insurance,2024-04-15
P08198,Ananya Reddy,17,Male,Bhandara,Corporate Insurance,2025-11-10
P08199,Aditya Deshmukh,22,Male,Akola,Government Scheme,2025-03-05
P08200,Priya Pawar,43,Male,Jabalpur,Private Insurance,2025-05-20
P08201,Riya Reddy,49,Male,Nagpur,Self Pay,2025-08-01
P08202,Rahul Singh,10,Male,Bhandara,Self Pay,2024-02-21
P08203,Pooja Reddy,51,Female,Jabalpur,Private Insurance,2024-08-18
P08204,Vikram Sharma,26,Male,Nagpur,Corporate Insurance,2025-10-06
P08205,Vikram Joshi,66,Female,Jabalpur,Government Scheme,2024-05-28
P08206,Aarav Joshi,35,Female,Wardha,Private Insurance,2024-05-17
P08207,Arjun Patil,21,Other,Akola,Private Insurance,2025-03-25
P08208,Pooja Singh,43,Female,Amravati,Government Scheme,2024-07-10
P08209,Arjun Shah,25,Female,Pune,Government Scheme,2025-08-29
P08210,Kavya Joshi,66,Male,Mumbai,Private Insurance,2025-06-18
P08211,Rohan Khan,42,Male,Nagpur,Government Scheme,2025-07-15
P08212,Vikram Khan,39,Female,Nashik,Government Scheme,2025-06-02
P08213,Arjun Sharma,53,Male,Nagpur,Government Scheme,2024-04-18
P08214,Isha Shah,23,Female,Nagpur,Corporate Insurance,2025-04-27
P08215,Kavya Khan,18,Female,Bhandara,Private Insurance,2024-05-05
P08216,Karan Patil,50,Female,Chandrapur,Corporate Insurance,2024-01-04
P08217,Isha Jain,21,Female,Amravati,Private Insurance,2025-12-13
P08218,Karan Singh,21,Male,Nagpur,Private Insurance,2024-07-01
P08219,Aarav Khan,58,Male,Nagpur,Private Insurance,2025-05-23
P08220,Kavya Joshi,52,Male,Nagpur,Corporate Insurance,2024-09-08
P08221,Neha Jain,18,Male,Nagpur,Private Insurance,2025-05-26
P08222,Rohan Deshmukh,30,Male,Nagpur,Private Insurance,2024-10-19
P08223,Vikram Mehta,25,Male,Pune,Private Insurance,2024-11-17
P08224,Vikram Joshi,76,Female,Nagpur,Self Pay,2024-02-23
P08225,Rahul Verma,59,Male,Mumbai,Private Insurance,2024-12-04
P08226,Isha Khan,34,Male,Nagpur,Private Insurance,2025-05-08
P08227,Rahul Gupta,53,Female,Wardha,Government Scheme,2025-06-04
P08228,Diya Verma,16,Female,Nagpur,Corporate Insurance,2025-10-12
P08229,Diya Sharma,29,Female,Nagpur,Corporate Insurance,2025-03-06
P08230,Vikram Mehta,44,Female,Chandrapur,Corporate Insurance,2025-12-23
P08231,Ananya Shah,51,Male,Nagpur,Private Insurance,2025-04-02
P08232,Priya Gupta,40,Female,Amravati,Private Insurance,2025-08-05
P08233,Ananya Joshi,47,Female,Amravati,Private Insurance,2024-04-18
P08234,Pooja Pawar,43,Female,Nashik,Corporate Insurance,2024-05-27
P08235,Aarav Pawar,39,Male,Amravati,Self Pay,2025-03-05
P08236,Vikram Sharma,36,Female,Nagpur,Government Scheme,2025-01-08
P08237,Isha Patil,34,Female,Nagpur,Government Scheme,2024-12-26
P08238,Arjun Singh,46,Male,Bhandara,Government Scheme,2025-10-30
P08239,Isha Verma,50,Male,Jabalpur,Government Scheme,2024-12-13
P08240,Riya Rao,46,Male,Nagpur,Private Insurance,2024-02-18
P08241,Vivaan Joshi,20,Male,Nagpur,Government Scheme,2025-01-17
P08242,Aarav Deshmukh,23,Female,Wardha,Private Insurance,2024-06-15
P08243,Vikram Sharma,50,Male,Jabalpur,Private Insurance,2024-01-25
P08244,Nisha Khan,70,Male,Nagpur,Private Insurance,2024-07-12
P08245,Vivaan Verma,45,Male,Pune,Corporate Insurance,2024-01-01
P08246,Sneha Verma,34,Female,Nashik,Corporate Insurance,2025-03-20
P08247,Diya Patil,46,Male,Nagpur,Self Pay,2024-12-05
P08248,Riya Sharma,20,Female,Nashik,Self Pay,2025-11-25
P08249,Vivaan Joshi,67,Female,Bhandara,Private Insurance,2024-02-15
P08250,Vikram Gupta,46,Male,Nagpur,Private Insurance,2024-12-18
P08251,Neha Singh,29,Male,Nagpur,Private Insurance,2025-10-30
P08252,Aarav Patil,39,Female,Nagpur,Private Insurance,2025-02-15
P08253,Karan Gupta,32,Male,Nagpur,Self Pay,2024-09-20
P08254,Pooja Rao,67,Female,Nashik,Private Insurance,2025-04-12
P08255,Rahul Khan,38,Male,Akola,Corporate Insurance,2024-07-17
P08256,Rahul Rao,45,Female,Pune,Self Pay,2025-09-13
P08257,Priya Patil,53,Female,Wardha,Private Insurance,2025-04-30
P08258,Vivaan Shah,28,Male,Amravati,Self Pay,2024-07-28
P08259,Ananya Joshi,46,Female,Nagpur,Self Pay,2024-02-25
P08260,Vivaan Rao,47,Male,Pune,Government Scheme,2025-04-02
P08261,Neha Reddy,12,Female,Nagpur,Private Insurance,2025-10-17
P08262,Rahul Pawar,47,Male,Nagpur,Government Scheme,2025-11-06
P08263,Priya Verma,41,Female,Akola,Government Scheme,2025-04-29
P08264,Priya Pawar,44,Male,Nashik,Self Pay,2025-11-16
P08265,Riya Reddy,43,Male,Nagpur,Private Insurance,2025-08-18
P08266,Nisha Pawar,47,Male,Chandrapur,Corporate Insurance,2024-10-06
P08267,Vivaan Jain,67,Female,Nagpur,Private Insurance,2025-09-10
P08268,Ananya Khan,20,Male,Nashik,Corporate Insurance,2024-03-22
P08269,Neha Patil,35,Male,Nashik,Private Insurance,2025-10-11
P08270,Arjun Jain,55,Female,Nashik,Self Pay,2025-11-05
P08271,Meera Joshi,51,Male,Nagpur,Private Insurance,2025-02-15
P08272,Riya Reddy,51,Male,Bhandara,Self Pay,2025-11-03
P08273,Rohan Verma,90,Male,Nagpur,Corporate Insurance,2024-04-07
P08274,Arjun Pawar,54,Female,Wardha,Private Insurance,2024-03-11
P08275,Pooja Verma,63,Female,Jabalpur,Private Insurance,2024-09-07
P08276,Aarav Sharma,36,Male,Nagpur,Corporate Insurance,2024-02-29
P08277,Rahul Jain,23,Male,Chandrapur,Corporate Insurance,2024-06-23
P08278,Vikram Khan,36,Male,Nagpur,Self Pay,2024-05-15
P08279,Nisha Reddy,56,Other,Wardha,Private Insurance,2024-11-29
P08280,Karan Pawar,50,Female,Bhandara,Private Insurance,2025-04-17
P08281,Sneha Deshmukh,50,Female,Wardha,Government Scheme,2024-05-25
P08282,Neha Deshmukh,38,Male,Chandrapur,Self Pay,2024-08-08
P08283,Meera Gupta,35,Male,Jabalpur,Private Insurance,2025-06-22
P08284,Vikram Verma,39,Male,Pune,Private Insurance,2024-06-24
P08285,Diya Shah,56,Male,Jabalpur,Corporate Insurance,2024-08-31
P08286,Rahul Joshi,58,Female,Nagpur,Self Pay,2025-08-06
P08287,Diya Rao,23,Female,Jabalpur,Self Pay,2024-10-15
P08288,Neha Patil,56,Female,Nagpur,Corporate Insurance,2024-06-27
P08289,Vivaan Jain,30,Male,Nagpur,Government Scheme,2025-08-08
P08290,Isha Pawar,51,Female,Amravati,Private Insurance,2025-12-02
P08291,Vikram Pawar,38,Male,Nagpur,Corporate Insurance,2025-10-20
P08292,Meera Singh,72,Female,Nashik,Corporate Insurance,2024-11-16
P08293,Nisha Reddy,34,Female,Nagpur,Private Insurance,2024-01-17
P08294,Kavya Khan,45,Female,Bhandara,Private Insurance,2024-11-04
P08295,Neha Verma,54,Male,Nagpur,Private Insurance,2025-07-12
P08296,Riya Verma,25,Female,Nagpur,Private Insurance,2025-11-19
P08297,Aditya Mehta,41,Male,Mumbai,Private Insurance,2024-02-20
P08298,Ananya Kulkarni,37,Male,Wardha,Private Insurance,2024-03-28
P08299,Priya Khan,32,Female,Nagpur,Self Pay,2024-07-28
P08300,Vivaan Gupta,34,Male,Nashik,Private Insurance,2024-03-24
P08301,Pooja Jain,63,Female,Pune,Corporate Insurance,2024-05-09
P08302,Priya Shah,31,Female,Wardha,Government Scheme,2024-11-12
P08303,Vikram Kulkarni,53,Female,Nagpur,Private Insurance,2024-07-03
P08304,Arjun Reddy,48,Male,Jabalpur,Self Pay,2025-03-04
P08305,Arjun Kulkarni,15,Male,Amravati,Self Pay,2025-11-22
P08306,Pooja Joshi,52,Female,Nagpur,Self Pay,2025-01-05
P08307,Aditi Kulkarni,15,Male,Nagpur,Corporate Insurance,2025-01-05
P08308,Arjun Sharma,54,Male,Nagpur,Self Pay,2025-11-28
P08309,Karan Verma,32,Male,Jabalpur,Self Pay,2025-03-18
P08310,Aarav Singh,42,Male,Jabalpur,Self Pay,2025-12-26
P08311,Isha Patil,17,Male,Wardha,Private Insurance,2025-11-05
P08312,Kavya Shah,44,Male,Akola,Self Pay,2024-01-30
P08313,Meera Pawar,60,Female,Pune,Government Scheme,2025-11-15
P08314,Kavya Joshi,27,Male,Bhandara,Corporate Insurance,2024-04-30
P08315,Aarav Joshi,30,Female,Akola,Government Scheme,2024-07-14
P08316,Neha Khan,51,Male,Jabalpur,Private Insurance,2025-02-08
P08317,Karan Rao,51,Male,Nagpur,Government Scheme,2025-07-17
P08318,Neha Verma,1,Female,Nagpur,Government Scheme,2025-11-24
P08319,Aditi Joshi,80,Female,Nashik,Government Scheme,2024-12-02
P08320,Aarav Rao,52,Male,Akola,Government Scheme,2024-07-23
P08321,Ananya Mehta,55,Male,Nagpur,Corporate Insurance,2024-10-08
P08322,Riya Rao,39,Male,Nagpur,Private Insurance,2024-09-24
P08323,Pooja Sharma,7,Male,Akola,Corporate Insurance,2024-08-01
P08324,Isha Rao,55,Female,Wardha,Self Pay,2024-06-17
P08325,Pooja Mehta,31,Female,Mumbai,Private Insurance,2025-06-01
P08326,Pooja Verma,52,Male,Pune,Private Insurance,2025-12-07
P08327,Pooja Singh,38,Female,Wardha,Corporate Insurance,2025-03-11
P08328,Meera Deshmukh,47,Male,Akola,Self Pay,2024-04-22
P08329,Aditya Shah,27,Female,Chandrapur,Private Insurance,2025-05-02
P08330,Rohan Singh,58,Female,Nagpur,Government Scheme,2025-02-16
P08331,Karan Patil,19,Male,Amravati,Private Insurance,2024-10-19
P08332,Aarav Rao,85,Male,Amravati,Government Scheme,2024-01-17
P08333,Aditya Reddy,85,Male,Mumbai,Private Insurance,2025-07-20
P08334,Meera Reddy,73,Female,Mumbai,Private Insurance,2025-03-15
P08335,Nisha Patil,66,Male,Nagpur,Private Insurance,2024-06-20
P08336,Isha Khan,40,Female,Pune,Government Scheme,2024-10-13
P08337,Priya Reddy,64,Male,Chandrapur,Private Insurance,2025-01-20
P08338,Arjun Deshmukh,40,Male,Nagpur,Self Pay,2025-02-16
P08339,Kavya Singh,12,Female,Amravati,Self Pay,2025-04-24
P08340,Nisha Joshi,71,Male,Mumbai,Government Scheme,2024-02-28
P08341,Vivaan Khan,63,Male,Amravati,Corporate Insurance,2025-01-25
P08342,Pooja Singh,41,Male,Akola,Self Pay,2024-03-07
P08343,Aarav Reddy,19,Male,Bhandara,Private Insurance,2024-04-30
P08344,Rahul Kulkarni,31,Female,Bhandara,Private Insurance,2024-03-08
P08345,Aarav Jain,7,Male,Wardha,Self Pay,2025-03-29
P08346,Kavya Deshmukh,60,Female,Wardha,Self Pay,2025-09-01
P08347,Vivaan Singh,12,Female,Mumbai,Corporate Insurance,2025-12-07
P08348,Meera Reddy,47,Male,Amravati,Private Insurance,2025-06-12
P08349,Rahul Khan,26,Female,Nagpur,Private Insurance,2025-07-25
P08350,Kavya Reddy,15,Other,Amravati,Self Pay,2024-04-03
P08351,Vivaan Singh,47,Female,Nashik,Corporate Insurance,2024-01-05
P08352,Karan Pawar,36,Female,Wardha,Government Scheme,2024-08-18
P08353,Neha Reddy,58,Female,Nashik,Government Scheme,2024-09-21
P08354,Diya Verma,18,Female,Nagpur,Corporate Insurance,2024-11-14
P08355,Arjun Jain,28,Female,Bhandara,Government Scheme,2025-04-30
P08356,Karan Khan,1,Female,Mumbai,Self Pay,2024-03-13
P08357,Rahul Mehta,1,Female,Bhandara,Corporate Insurance,2024-03-16
P08358,Neha Kulkarni,76,Female,Chandrapur,Private Insurance,2025-09-05
P08359,Aditi Kulkarni,82,Female,Akola,Private Insurance,2025-02-26
P08360,Isha Sharma,44,Female,Nashik,Corporate Insurance,2024-09-21
P08361,Priya Reddy,26,Female,Amravati,Government Scheme,2025-08-31
P08362,Meera Gupta,36,Female,Chandrapur,Private Insurance,2025-05-04
P08363,Priya Pawar,59,Female,Amravati,Government Scheme,2025-09-03
P08364,Rohan Deshmukh,32,Female,Amravati,Government Scheme,2025-04-13
P08365,Riya Singh,47,Female,Wardha,Private Insurance,2025-01-03
P08366,Riya Gupta,42,Female,Amravati,Self Pay,2025-10-29
P08367,Aditi Pawar,31,Male,Nagpur,Private Insurance,2025-12-24
P08368,Riya Jain,32,Female,Nashik,Private Insurance,2025-06-25
P08369,Nisha Singh,48,Female,Bhandara,Private Insurance,2025-04-04
P08370,Pooja Sharma,23,Male,Nagpur,Government Scheme,2024-01-26
P08371,Isha Mehta,51,Male,Nagpur,Corporate Insurance,2025-09-26
P08372,Kavya Pawar,33,Female,Chandrapur,Government Scheme,2024-04-23
P08373,Nisha Joshi,44,Male,Wardha,Self Pay,2024-01-24
P08374,Pooja Verma,68,Male,Nashik,Private Insurance,2024-11-20
P08375,Rahul Mehta,39,Male,Wardha,Private Insurance,2024-02-26
P08376,Kavya Rao,59,Male,Pune,Government Scheme,2024-03-08
P08377,Ananya Mehta,8,Male,Nagpur,Self Pay,2024-12-04
P08378,Pooja Reddy,33,Male,Chandrapur,Government Scheme,2024-10-13
P08379,Karan Kulkarni,43,Female,Amravati,Self Pay,2024-04-03
P08380,Sneha Shah,79,Male,Nagpur,Private Insurance,2025-12-14
P08381,Aditi Mehta,5,Male,Jabalpur,Corporate Insurance,2024-05-30
P08382,Aarav Gupta,40,Female,Mumbai,Self Pay,2024-05-29
P08383,Isha Khan,70,Female,Nagpur,Corporate Insurance,2025-08-12
P08384,Isha Singh,27,Male,Nagpur,Private Insurance,2025-05-29
P08385,Meera Deshmukh,38,Male,Mumbai,Private Insurance,2024-09-16
P08386,Vikram Verma,48,Male,Nagpur,Government Scheme,2024-07-08
P08387,Vikram Joshi,46,Female,Mumbai,Government Scheme,2025-10-28
P08388,Aditi Patil,72,Male,Nagpur,Self Pay,2024-01-25
P08389,Karan Shah,51,Female,Amravati,Private Insurance,2025-04-12
P08390,Priya Deshmukh,67,Male,Nagpur,Government Scheme,2024-03-12
P08391,Sneha Patil,35,Female,Bhandara,Private Insurance,2024-01-03
P08392,Vivaan Joshi,28,Female,Nagpur,Government Scheme,2024-03-16
P08393,Rohan Singh,38,Female,Amravati,Private Insurance,2025-02-14
P08394,Kavya Mehta,20,Female,Mumbai,Corporate Insurance,2024-08-06
P08395,Arjun Shah,51,Female,Nagpur,Private Insurance,2025-05-19
P08396,Arjun Singh,35,Male,Chandrapur,Government Scheme,2025-12-02
P08397,Rahul Singh,29,Female,Nagpur,Private Insurance,2024-01-29
P08398,Pooja Singh,51,Male,Chandrapur,Private Insurance,2025-03-29
P08399,Aarav Rao,20,Male,Nagpur,Government Scheme,2025-10-26
P08400,Diya Singh,57,Female,Akola,Private Insurance,2024-03-30
P08401,Neha Pawar,33,Male,Nashik,Government Scheme,2024-11-01
P08402,Aditi Reddy,64,Male,Mumbai,Private Insurance,2024-02-21
P08403,Neha Singh,35,Male,Mumbai,Self Pay,2024-03-19
P08404,Karan Shah,54,Male,Nagpur,Corporate Insurance,2025-12-09
P08405,Aarav Jain,45,Male,Nagpur,Self Pay,2024-07-01
P08406,Aditya Joshi,56,Other,Nagpur,Private Insurance,2024-05-05
P08407,Meera Khan,44,Female,Nashik,Government Scheme,2025-10-15
P08408,Aarav Jain,10,Female,Nagpur,Private Insurance,2024-07-16
P08409,Aditya Singh,61,Male,Pune,Government Scheme,2024-07-22
P08410,Pooja Deshmukh,40,Female,Jabalpur,Self Pay,2025-09-06
P08411,Vikram Kulkarni,57,Male,Nagpur,Private Insurance,2025-07-07
P08412,Meera Mehta,55,Female,Nagpur,Private Insurance,2025-02-09
P08413,Aditi Shah,27,Female,Bhandara,Self Pay,2025-09-11
P08414,Meera Reddy,25,Male,Amravati,Government Scheme,2024-06-14
P08415,Priya Sharma,54,Female,Amravati,Private Insurance,2025-08-04
P08416,Karan Singh,36,Female,Nagpur,Corporate Insurance,2025-04-30
P08417,Aditi Joshi,60,Male,Mumbai,Private Insurance,2025-02-20
P08418,Rohan Singh,39,Male,Akola,Self Pay,2024-09-28
P08419,Aditya Rao,61,Male,Nagpur,Private Insurance,2024-03-28
P08420,Nisha Pawar,50,Female,Nagpur,Corporate Insurance,2025-02-28
P08421,Karan Shah,47,Male,Nashik,Self Pay,2025-08-09
P08422,Meera Mehta,35,Male,Nagpur,Private Insurance,2024-03-11
P08423,Sneha Shah,46,Male,Mumbai,Corporate Insurance,2024-04-27
P08424,Priya Pawar,65,Female,Bhandara,Private Insurance,2025-10-04
P08425,Aditya Verma,41,Female,Mumbai,Corporate Insurance,2025-09-22
P08426,Rohan Pawar,52,Male,Nashik,Self Pay,2025-03-10
P08427,Aditi Khan,43,Male,Mumbai,Private Insurance,2024-11-30
P08428,Neha Kulkarni,44,Female,Nashik,Government Scheme,2024-01-04
P08429,Vikram Joshi,75,Male,Bhandara,Private Insurance,2025-10-27
P08430,Nisha Sharma,65,Male,Nagpur,Government Scheme,2025-02-12
P08431,Nisha Joshi,44,Female,Nashik,Government Scheme,2024-02-28
P08432,Kavya Mehta,46,Male,Chandrapur,Government Scheme,2024-09-21
P08433,Nisha Rao,29,Female,Wardha,Self Pay,2025-09-01
P08434,Isha Pawar,39,Male,Bhandara,Corporate Insurance,2025-10-23
P08435,Aarav Mehta,48,Male,Nagpur,Government Scheme,2025-04-09
P08436,Meera Sharma,58,Male,Amravati,Self Pay,2024-04-11
P08437,Karan Mehta,56,Male,Nagpur,Private Insurance,2024-04-27
P08438,Vikram Verma,21,Male,Amravati,Corporate Insurance,2024-08-31
P08439,Rahul Deshmukh,61,Female,Wardha,Corporate Insurance,2025-07-10
P08440,Isha Verma,40,Male,Pune,Corporate Insurance,2025-07-12
P08441,Meera Kulkarni,23,Male,Bhandara,Self Pay,2025-06-30
P08442,Neha Pawar,67,Female,Mumbai,Private Insurance,2024-06-13
P08443,Vivaan Sharma,70,Male,Jabalpur,Private Insurance,2024-08-15
P08444,Karan Gupta,47,Female,Nagpur,Government Scheme,2024-08-16
P08445,Diya Khan,55,Male,Chandrapur,Private Insurance,2025-06-15
P08446,Aditi Jain,57,Male,Nagpur,Government Scheme,2025-07-17
P08447,Vikram Joshi,69,Male,Pune,Private Insurance,2024-01-22
P08448,Vikram Joshi,56,Male,Wardha,Self Pay,2025-06-04
P08449,Meera Khan,17,Female,Nagpur,Government Scheme,2024-10-10
P08450,Rahul Singh,80,Male,Nagpur,Private Insurance,2024-09-19
P08451,Vikram Kulkarni,62,Male,Akola,Self Pay,2025-01-05
P08452,Rohan Pawar,32,Female,Nagpur,Private Insurance,2024-12-07
P08453,Vivaan Kulkarni,22,Female,Amravati,Private Insurance,2025-12-16
P08454,Ananya Shah,52,Male,Mumbai,Government Scheme,2025-02-07
P08455,Nisha Jain,37,Male,Nagpur,Private Insurance,2025-08-25
P08456,Meera Reddy,48,Female,Akola,Private Insurance,2025-10-10
P08457,Neha Singh,56,Female,Akola,Private Insurance,2025-12-18
P08458,Diya Verma,31,Female,Nagpur,Private Insurance,2025-04-27
P08459,Rahul Rao,21,Male,Nagpur,Private Insurance,2025-11-22
P08460,Neha Patil,49,Female,Nagpur,Government Scheme,2025-03-08
P08461,Rohan Rao,32,Female,Jabalpur,Self Pay,2024-09-26
P08462,Rohan Pawar,45,Male,Akola,Private Insurance,2025-08-14
P08463,Vikram Khan,16,Female,Amravati,Private Insurance,2025-10-05
P08464,Riya Shah,37,Male,Pune,Private Insurance,2024-08-10
P08465,Aarav Gupta,56,Female,Nagpur,Private Insurance,2025-12-03
P08466,Aarav Joshi,54,Female,Nagpur,Private Insurance,2024-11-20
P08467,Vikram Patil,27,Male,Nagpur,Government Scheme,2024-06-17
P08468,Aarav Verma,20,Male,Nashik,Self Pay,2025-05-16
P08469,Aarav Joshi,42,Male,Amravati,Self Pay,2024-06-26
P08470,Aditya Pawar,53,Female,Chandrapur,Corporate Insurance,2024-10-21
P08471,Pooja Mehta,50,Female,Nagpur,Corporate Insurance,2025-01-24
P08472,Priya Patil,32,Female,Nashik,Private Insurance,2024-12-15
P08473,Vivaan Jain,48,Male,Pune,Private Insurance,2024-03-25
P08474,Sneha Verma,71,Female,Amravati,Government Scheme,2024-04-27
P08475,Aditi Singh,46,Male,Nagpur,Government Scheme,2024-02-28
P08476,Ananya Singh,11,Male,Chandrapur,Government Scheme,2025-03-21
P08477,Aarav Jain,46,Male,Nagpur,Government Scheme,2025-12-25
P08478,Rohan Sharma,81,Female,Nagpur,Corporate Insurance,2025-04-12
P08479,Priya Sharma,18,Female,Chandrapur,Government Scheme,2025-02-11
P08480,Aarav Deshmukh,43,Male,Wardha,Corporate Insurance,2025-09-17
P08481,Aditi Rao,38,Male,Pune,Corporate Insurance,2024-01-19
P08482,Ananya Gupta,44,Male,Nagpur,Government Scheme,2024-03-03
P08483,Ananya Singh,46,Male,Nagpur,Private Insurance,2025-12-23
P08484,Meera Verma,64,Female,Chandrapur,Private Insurance,2025-10-18
P08485,Rahul Kulkarni,44,Female,Akola,Private Insurance,2025-02-09
P08486,Rahul Shah,66,Female,Amravati,Corporate Insurance,2024-03-03
P08487,Aarav Deshmukh,40,Male,Wardha,Corporate Insurance,2024-05-18
P08488,Aditi Gupta,35,Male,Nagpur,Private Insurance,2025-06-28
P08489,Ananya Deshmukh,29,Male,Wardha,Private Insurance,2024-06-17
P08490,Riya Verma,7,Male,Jabalpur,Self Pay,2025-03-05
P08491,Rahul Shah,47,Female,Nagpur,Government Scheme,2025-07-06
P08492,Kavya Jain,81,Male,Bhandara,Self Pay,2024-10-23
P08493,Arjun Deshmukh,51,Male,Nagpur,Private Insurance,2024-12-09
P08494,Rahul Deshmukh,55,Female,Nagpur,Private Insurance,2025-11-05
P08495,Isha Joshi,34,Male,Nashik,Private Insurance,2025-12-16
P08496,Vivaan Jain,37,Male,Bhandara,Private Insurance,2024-11-29
P08497,Karan Joshi,61,Male,Nagpur,Private Insurance,2024-05-28
P08498,Aditya Mehta,80,Female,Wardha,Private Insurance,2024-01-19
P08499,Priya Verma,70,Male,Nagpur,Government Scheme,2024-05-11
P08500,Kavya Verma,57,Male,Amravati,Self Pay,2025-01-15
P08501,Rohan Gupta,43,Male,Nashik,Private Insurance,2025-12-16
P08502,Aarav Shah,46,Female,Nagpur,Corporate Insurance,2025-01-23
P08503,Pooja Shah,28,Female,Wardha,Private Insurance,2025-12-18
P08504,Meera Gupta,14,Male,Wardha,Self Pay,2025-06-27
P08505,Kavya Rao,21,Female,Pune,Private Insurance,2024-02-28
P08506,Isha Khan,43,Female,Nagpur,Self Pay,2024-09-18
P08507,Priya Reddy,36,Male,Bhandara,Private Insurance,2025-02-28
P08508,Nisha Reddy,14,Female,Nagpur,Government Scheme,2024-02-23
P08509,Vivaan Shah,41,Female,Nagpur,Corporate Insurance,2024-01-15
P08510,Isha Jain,36,Male,Nagpur,Private Insurance,2024-09-12
P08511,Meera Kulkarni,20,Female,Akola,Self Pay,2025-10-14
P08512,Isha Pawar,35,Male,Nagpur,Self Pay,2025-03-15
P08513,Priya Jain,36,Female,Jabalpur,Private Insurance,2025-01-16
P08514,Ananya Pawar,30,Female,Amravati,Private Insurance,2025-02-01
P08515,Aditya Kulkarni,60,Female,Pune,Self Pay,2025-02-02
P08516,Vikram Sharma,6,Female,Nagpur,Corporate Insurance,2025-09-10
P08517,Rohan Rao,4,Female,Nagpur,Private Insurance,2024-08-21
P08518,Isha Sharma,42,Male,Nashik,Self Pay,2024-07-16
P08519,Riya Patil,44,Male,Amravati,Self Pay,2024-07-25
P08520,Priya Sharma,50,Female,Wardha,Government Scheme,2025-02-19
P08521,Kavya Singh,32,Female,Pune,Self Pay,2024-07-14
P08522,Riya Verma,25,Male,Chandrapur,Private Insurance,2025-12-13
P08523,Riya Reddy,42,Female,Pune,Government Scheme,2025-05-18
P08524,Diya Pawar,34,Female,Nagpur,Corporate Insurance,2024-08-16
P08525,Vikram Jain,71,Female,Chandrapur,Self Pay,2024-07-09
P08526,Priya Deshmukh,36,Female,Chandrapur,Private Insurance,2024-11-14
P08527,Ananya Shah,41,Male,Chandrapur,Government Scheme,2025-09-19
P08528,Ananya Singh,89,Female,Bhandara,Private Insurance,2025-12-26
P08529,Rahul Deshmukh,38,Male,Nashik,Private Insurance,2025-01-23
P08530,Diya Gupta,53,Female,Pune,Private Insurance,2024-04-15
P08531,Nisha Jain,54,Female,Nagpur,Private Insurance,2024-02-01
P08532,Rohan Khan,56,Male,Nagpur,Government Scheme,2025-02-22
P08533,Priya Reddy,48,Female,Nagpur,Private Insurance,2025-03-30
P08534,Sneha Pawar,46,Male,Nagpur,Self Pay,2024-09-27
P08535,Rahul Joshi,44,Male,Chandrapur,Corporate Insurance,2025-10-11
P08536,Vikram Reddy,31,Male,Amravati,Government Scheme,2024-02-03
P08537,Riya Rao,48,Female,Amravati,Private Insurance,2024-08-12
P08538,Aditi Kulkarni,81,Female,Mumbai,Corporate Insurance,2025-07-09
P08539,Priya Patil,65,Female,Mumbai,Private Insurance,2024-06-26
P08540,Arjun Joshi,48,Male,Bhandara,Government Scheme,2024-05-25
P08541,Arjun Jain,58,Male,Wardha,Private Insurance,2025-06-17
P08542,Kavya Sharma,25,Female,Nagpur,Corporate Insurance,2025-10-13
P08543,Neha Verma,37,Female,Wardha,Private Insurance,2024-05-14
P08544,Diya Gupta,60,Female,Amravati,Corporate Insurance,2024-11-01
P08545,Arjun Jain,70,Female,Nagpur,Corporate Insurance,2025-12-12
P08546,Karan Shah,27,Female,Nashik,Corporate Insurance,2024-04-15
P08547,Meera Kulkarni,33,Male,Amravati,Self Pay,2024-04-11
P08548,Arjun Khan,83,Male,Nagpur,Self Pay,2024-06-28
P08549,Arjun Jain,44,Female,Akola,Corporate Insurance,2024-12-16
P08550,Priya Gupta,77,Female,Wardha,Private Insurance,2025-08-30
P08551,Vikram Deshmukh,46,Female,Nagpur,Self Pay,2024-11-13
P08552,Ananya Deshmukh,47,Female,Nagpur,Private Insurance,2024-09-29
P08553,Isha Deshmukh,36,Male,Nagpur,Private Insurance,2025-09-12
P08554,Riya Patil,60,Female,Wardha,Government Scheme,2024-07-06
P08555,Sneha Shah,68,Other,Amravati,Corporate Insurance,2024-09-24
P08556,Karan Deshmukh,22,Male,Nagpur,Private Insurance,2024-06-30
P08557,Priya Jain,35,Male,Pune,Government Scheme,2024-03-21
P08558,Priya Sharma,59,Male,Pune,Government Scheme,2025-03-01
P08559,Kavya Rao,40,Male,Wardha,Self Pay,2025-12-08
P08560,Sneha Sharma,33,Other,Pune,Private Insurance,2024-07-06
P08561,Isha Verma,61,Female,Wardha,Government Scheme,2024-02-22
P08562,Neha Jain,63,Other,Nagpur,Government Scheme,2025-11-13
P08563,Riya Reddy,33,Female,Wardha,Corporate Insurance,2024-03-18
P08564,Aditi Patil,46,Female,Nagpur,Corporate Insurance,2024-02-06
P08565,Aditya Mehta,19,Male,Wardha,Private Insurance,2025-06-21
P08566,Sneha Jain,25,Female,Jabalpur,Private Insurance,2024-04-23
P08567,Rohan Shah,44,Female,Amravati,Self Pay,2025-12-28
P08568,Priya Singh,43,Female,Nagpur,Government Scheme,2024-11-09
P08569,Riya Gupta,24,Female,Nagpur,Self Pay,2025-05-04
P08570,Kavya Verma,28,Female,Mumbai,Self Pay,2024-06-01
P08571,Pooja Sharma,22,Female,Nagpur,Private Insurance,2024-06-03
P08572,Rohan Sharma,51,Male,Mumbai,Corporate Insurance,2025-07-22
P08573,Rohan Kulkarni,5,Male,Nagpur,Private Insurance,2025-01-07
P08574,Riya Sharma,23,Female,Nashik,Corporate Insurance,2025-10-31
P08575,Meera Patil,7,Male,Nagpur,Government Scheme,2025-11-03
P08576,Arjun Patil,50,Male,Nagpur,Corporate Insurance,2025-03-14
P08577,Meera Singh,8,Male,Nagpur,Private Insurance,2025-07-24
P08578,Rahul Khan,43,Male,Nagpur,Government Scheme,2025-09-15
P08579,Ananya Jain,73,Male,Nagpur,Private Insurance,2025-02-28
P08580,Isha Rao,74,Female,Nagpur,Self Pay,2025-08-07
P08581,Neha Rao,8,Male,Bhandara,Corporate Insurance,2024-01-20
P08582,Nisha Joshi,48,Male,Bhandara,Self Pay,2024-04-25
P08583,Karan Gupta,23,Male,Nagpur,Self Pay,2024-12-12
P08584,Priya Pawar,19,Female,Akola,Private Insurance,2024-02-27
P08585,Diya Sharma,40,Male,Nashik,Corporate Insurance,2024-12-03
P08586,Ananya Deshmukh,65,Male,Jabalpur,Private Insurance,2025-04-04
P08587,Nisha Mehta,53,Female,Amravati,Government Scheme,2024-09-25
P08588,Arjun Shah,28,Male,Amravati,Private Insurance,2025-12-18
P08589,Priya Kulkarni,55,Male,Jabalpur,Self Pay,2025-09-28
P08590,Arjun Jain,1,Male,Jabalpur,Private Insurance,2025-08-30
P08591,Nisha Mehta,28,Female,Mumbai,Private Insurance,2025-06-03
P08592,Vikram Mehta,26,Male,Chandrapur,Private Insurance,2025-03-25
P08593,Riya Reddy,43,Male,Chandrapur,Government Scheme,2025-04-27
P08594,Kavya Verma,38,Female,Mumbai,Private Insurance,2024-03-21
P08595,Isha Singh,39,Male,Wardha,Corporate Insurance,2025-11-15
P08596,Kavya Patil,39,Female,Nagpur,Self Pay,2025-07-23
P08597,Vivaan Rao,42,Male,Jabalpur,Corporate Insurance,2024-07-30
P08598,Neha Verma,52,Male,Pune,Private Insurance,2025-05-13
P08599,Aditi Gupta,45,Male,Nagpur,Self Pay,2024-10-28
P08600,Priya Reddy,37,Male,Nagpur,Government Scheme,2025-11-12
P08601,Riya Singh,50,Female,Mumbai,Corporate Insurance,2025-01-25
P08602,Meera Verma,58,Male,Nagpur,Private Insurance,2025-06-01
P08603,Arjun Patil,31,Female,Akola,Private Insurance,2024-05-17
P08604,Aarav Kulkarni,41,Male,Nagpur,Private Insurance,2024-03-16
P08605,Karan Pawar,64,Female,Nagpur,Government Scheme,2025-10-19
P08606,Isha Khan,21,Male,Nashik,Corporate Insurance,2025-03-20
P08607,Arjun Deshmukh,76,Male,Jabalpur,Private Insurance,2025-04-29
P08608,Aditya Khan,17,Female,Wardha,Self Pay,2024-10-21
P08609,Nisha Gupta,35,Female,Nagpur,Private Insurance,2025-04-05
P08610,Aditya Rao,24,Female,Nagpur,Private Insurance,2024-11-03
P08611,Rohan Singh,84,Female,Nagpur,Corporate Insurance,2025-04-09
P08612,Riya Reddy,32,Female,Mumbai,Self Pay,2025-04-07
P08613,Rohan Sharma,32,Male,Amravati,Corporate Insurance,2024-06-10
P08614,Ananya Reddy,35,Male,Jabalpur,Government Scheme,2025-10-18
P08615,Diya Reddy,44,Male,Pune,Self Pay,2025-11-20
P08616,Kavya Kulkarni,36,Female,Wardha,Self Pay,2025-07-08
P08617,Riya Rao,39,Female,Nagpur,Government Scheme,2024-01-15
P08618,Neha Jain,1,Female,Jabalpur,Private Insurance,2024-01-17
P08619,Ananya Rao,43,Male,Nagpur,Private Insurance,2025-08-10
P08620,Vikram Jain,42,Male,Pune,Private Insurance,2024-04-17
P08621,Nisha Reddy,62,Male,Amravati,Self Pay,2025-12-14
P08622,Riya Deshmukh,67,Male,Nagpur,Self Pay,2024-09-22
P08623,Aditi Deshmukh,38,Male,Amravati,Government Scheme,2024-05-08
P08624,Rohan Kulkarni,58,Male,Amravati,Private Insurance,2025-05-14
P08625,Aditya Khan,21,Female,Akola,Self Pay,2025-05-15
P08626,Nisha Joshi,57,Male,Bhandara,Private Insurance,2025-04-07
P08627,Karan Shah,31,Male,Nagpur,Corporate Insurance,2025-07-14
P08628,Vivaan Deshmukh,19,Female,Bhandara,Private Insurance,2025-01-02
P08629,Nisha Reddy,38,Male,Amravati,Self Pay,2024-08-17
P08630,Isha Jain,69,Male,Mumbai,Private Insurance,2024-11-09
P08631,Aarav Sharma,45,Male,Mumbai,Private Insurance,2025-04-04
P08632,Riya Sharma,70,Female,Chandrapur,Government Scheme,2025-07-30
P08633,Sneha Rao,28,Female,Jabalpur,Government Scheme,2024-11-11
P08634,Pooja Gupta,62,Male,Amravati,Private Insurance,2024-03-10
P08635,Isha Singh,30,Female,Nagpur,Government Scheme,2024-10-20
P08636,Ananya Rao,46,Female,Nagpur,Private Insurance,2025-03-10
P08637,Aarav Rao,46,Female,Pune,Corporate Insurance,2025-07-18
P08638,Riya Patil,55,Female,Amravati,Government Scheme,2025-08-13
P08639,Meera Singh,47,Male,Mumbai,Government Scheme,2025-07-30
P08640,Aditi Rao,28,Male,Wardha,Government Scheme,2024-07-17
P08641,Diya Deshmukh,59,Female,Nagpur,Self Pay,2024-01-17
P08642,Kavya Singh,75,Male,Bhandara,Private Insurance,2024-05-27
P08643,Isha Jain,31,Female,Chandrapur,Self Pay,2024-03-28
P08644,Vivaan Patil,7,Female,Wardha,Corporate Insurance,2025-05-06
P08645,Diya Gupta,51,Female,Pune,Government Scheme,2024-07-16
P08646,Arjun Joshi,36,Male,Chandrapur,Private Insurance,2024-05-08
P08647,Diya Sharma,40,Female,Amravati,Private Insurance,2025-01-28
P08648,Sneha Patil,53,Male,Akola,Corporate Insurance,2024-12-22
P08649,Neha Gupta,33,Female,Nagpur,Private Insurance,2025-05-28
P08650,Arjun Pawar,37,Male,Pune,Private Insurance,2025-11-04
P08651,Priya Rao,40,Female,Nagpur,Corporate Insurance,2024-03-02
P08652,Ananya Rao,70,Male,Akola,Corporate Insurance,2024-02-14
P08653,Diya Reddy,43,Male,Amravati,Government Scheme,2025-08-19
P08654,Rahul Jain,19,Female,Nagpur,Private Insurance,2025-10-25
P08655,Rohan Sharma,19,Male,Chandrapur,Government Scheme,2024-09-01
P08656,Aditya Shah,45,Male,Amravati,Self Pay,2024-05-18
P08657,Aditya Jain,21,Female,Chandrapur,Private Insurance,2024-08-06
P08658,Vivaan Rao,12,Male,Bhandara,Private Insurance,2024-12-18
P08659,Vikram Shah,54,Male,Nagpur,Corporate Insurance,2024-01-09
P08660,Sneha Khan,55,Female,Nagpur,Self Pay,2024-04-06
P08661,Kavya Rao,35,Male,Akola,Government Scheme,2024-01-26
P08662,Karan Singh,48,Female,Wardha,Corporate Insurance,2025-06-02
P08663,Neha Jain,46,Male,Wardha,Government Scheme,2024-11-20
P08664,Rahul Rao,53,Male,Nagpur,Corporate Insurance,2025-12-29
P08665,Rohan Khan,53,Other,Nagpur,Private Insurance,2024-11-20
P08666,Riya Patil,1,Male,Akola,Government Scheme,2024-08-08
P08667,Isha Rao,37,Male,Mumbai,Self Pay,2024-08-11
P08668,Aditya Mehta,52,Female,Bhandara,Government Scheme,2025-11-06
P08669,Kavya Joshi,34,Female,Bhandara,Private Insurance,2024-05-17
P08670,Sneha Rao,43,Male,Wardha,Self Pay,2025-06-16
P08671,Vikram Patil,56,Female,Akola,Government Scheme,2025-10-04
P08672,Rahul Rao,44,Male,Pune,Private Insurance,2025-12-05
P08673,Nisha Mehta,71,Female,Nagpur,Government Scheme,2024-03-02
P08674,Meera Verma,63,Female,Akola,Self Pay,2025-05-05
P08675,Priya Mehta,40,Female,Nagpur,Government Scheme,2025-08-14
P08676,Kavya Sharma,38,Male,Nagpur,Government Scheme,2025-05-12
P08677,Sneha Rao,1,Female,Nagpur,Private Insurance,2025-09-05
P08678,Aditya Singh,36,Female,Nagpur,Private Insurance,2025-11-19
P08679,Priya Kulkarni,16,Other,Nagpur,Self Pay,2025-10-04
P08680,Pooja Rao,46,Male,Nagpur,Self Pay,2025-06-15
P08681,Neha Sharma,45,Male,Nagpur,Government Scheme,2024-05-21
P08682,Isha Kulkarni,55,Female,Nagpur,Government Scheme,2025-09-10
P08683,Rahul Jain,69,Female,Nagpur,Private Insurance,2025-05-14
P08684,Meera Patil,42,Male,Amravati,Government Scheme,2024-07-26
P08685,Pooja Sharma,85,Female,Pune,Government Scheme,2025-04-16
P08686,Riya Singh,46,Female,Bhandara,Government Scheme,2024-05-03
P08687,Aditi Gupta,17,Male,Nagpur,Private Insurance,2025-08-31
P08688,Rohan Kulkarni,31,Female,Amravati,Private Insurance,2025-04-12
P08689,Kavya Singh,35,Male,Amravati,Corporate Insurance,2025-04-15
P08690,Ananya Gupta,53,Female,Nagpur,Government Scheme,2024-07-03
P08691,Pooja Joshi,24,Female,Amravati,Corporate Insurance,2024-04-20
P08692,Aarav Joshi,36,Female,Nagpur,Self Pay,2024-11-09
P08693,Rohan Deshmukh,39,Male,Wardha,Self Pay,2024-09-12
P08694,Karan Khan,33,Male,Akola,Private Insurance,2025-09-16
P08695,Rohan Deshmukh,57,Male,Wardha,Private Insurance,2025-12-19
P08696,Vikram Rao,54,Female,Nagpur,Government Scheme,2025-04-05
P08697,Nisha Sharma,64,Male,Nagpur,Government Scheme,2025-08-05
P08698,Aarav Verma,36,Male,Mumbai,Private Insurance,2025-11-20
P08699,Aditya Mehta,65,Male,Akola,Government Scheme,2025-06-20
P08700,Aditya Patil,16,Male,Chandrapur,Private Insurance,2024-09-15
P08701,Rohan Pawar,16,Male,Mumbai,Private Insurance,2024-06-18
P08702,Arjun Verma,19,Male,Bhandara,Corporate Insurance,2024-07-23
P08703,Isha Rao,42,Female,Nagpur,Government Scheme,2024-08-17
P08704,Riya Joshi,65,Male,Akola,Private Insurance,2024-06-05
P08705,Rahul Patil,31,Female,Nagpur,Private Insurance,2025-05-08
P08706,Rahul Singh,33,Other,Akola,Corporate Insurance,2025-12-13
P08707,Isha Gupta,38,Female,Amravati,Corporate Insurance,2024-07-07
P08708,Aarav Reddy,53,Female,Nagpur,Private Insurance,2024-11-09
P08709,Vikram Reddy,33,Female,Nagpur,Government Scheme,2025-11-18
P08710,Sneha Jain,32,Male,Amravati,Government Scheme,2025-11-02
P08711,Ananya Patil,16,Female,Chandrapur,Private Insurance,2024-01-19
P08712,Rohan Singh,31,Male,Nagpur,Government Scheme,2024-09-08
P08713,Meera Patil,64,Male,Nagpur,Private Insurance,2024-09-11
P08714,Riya Sharma,44,Female,Amravati,Private Insurance,2024-07-29
P08715,Diya Deshmukh,28,Male,Pune,Government Scheme,2025-11-18
P08716,Arjun Kulkarni,65,Male,Pune,Private Insurance,2025-07-16
P08717,Karan Shah,31,Male,Akola,Government Scheme,2024-02-17
P08718,Nisha Jain,69,Female,Amravati,Private Insurance,2025-03-27
P08719,Karan Kulkarni,69,Male,Wardha,Government Scheme,2025-02-25
P08720,Vikram Joshi,43,Female,Nagpur,Corporate Insurance,2025-01-18
P08721,Diya Deshmukh,14,Male,Nagpur,Government Scheme,2025-06-11
P08722,Rohan Pawar,86,Male,Nagpur,Government Scheme,2024-11-17
P08723,Sneha Khan,49,Female,Mumbai,Government Scheme,2025-06-03
P08724,Aditi Joshi,36,Female,Wardha,Corporate Insurance,2024-12-06
P08725,Aditya Singh,60,Male,Nagpur,Self Pay,2025-11-20
P08726,Meera Mehta,55,Female,Bhandara,Private Insurance,2025-09-01
P08727,Aditya Joshi,67,Female,Nagpur,Private Insurance,2024-02-08
P08728,Ananya Mehta,29,Female,Amravati,Government Scheme,2024-04-21
P08729,Arjun Rao,48,Male,Akola,Self Pay,2024-10-18
P08730,Aditya Rao,19,Female,Pune,Private Insurance,2024-02-07
P08731,Neha Deshmukh,55,Female,Akola,Government Scheme,2024-02-20
P08732,Aditi Sharma,42,Male,Mumbai,Government Scheme,2024-01-05
P08733,Vikram Khan,47,Male,Nagpur,Government Scheme,2025-10-18
P08734,Karan Gupta,39,Male,Akola,Self Pay,2024-12-27
P08735,Rahul Deshmukh,37,Male,Mumbai,Private Insurance,2025-07-24
P08736,Meera Shah,26,Female,Nagpur,Government Scheme,2025-08-20
P08737,Kavya Pawar,57,Female,Pune,Self Pay,2024-04-30
P08738,Isha Deshmukh,70,Female,Jabalpur,Corporate Insurance,2025-05-04
P08739,Rahul Sharma,31,Female,Chandrapur,Government Scheme,2025-03-27
P08740,Aditi Jain,53,Female,Nagpur,Private Insurance,2025-12-24
P08741,Rahul Shah,50,Male,Nagpur,Self Pay,2025-09-29
P08742,Meera Joshi,42,Female,Akola,Self Pay,2025-03-21
P08743,Aditya Rao,13,Female,Mumbai,Government Scheme,2025-05-08
P08744,Vikram Jain,17,Male,Nagpur,Private Insurance,2025-01-06
P08745,Priya Shah,27,Female,Nagpur,Private Insurance,2025-03-02
P08746,Priya Verma,1,Male,Nagpur,Self Pay,2025-02-28
P08747,Rahul Khan,69,Female,Amravati,Government Scheme,2025-10-07
P08748,Pooja Khan,49,Male,Nashik,Private Insurance,2025-10-05
P08749,Neha Reddy,41,Female,Wardha,Government Scheme,2024-06-10
P08750,Karan Sharma,1,Female,Wardha,Corporate Insurance,2024-01-11
P08751,Rahul Singh,7,Male,Chandrapur,Private Insurance,2024-07-09
P08752,Meera Verma,42,Female,Wardha,Government Scheme,2024-12-06
P08753,Pooja Rao,79,Female,Akola,Corporate Insurance,2024-06-09
P08754,Aditya Sharma,29,Female,Nagpur,Corporate Insurance,2024-10-27
P08755,Neha Kulkarni,58,Male,Nagpur,Private Insurance,2024-11-12
P08756,Neha Khan,33,Female,Pune,Private Insurance,2025-11-26
P08757,Aarav Jain,43,Male,Wardha,Government Scheme,2024-11-16
P08758,Arjun Singh,65,Male,Nagpur,Private Insurance,2024-05-16
P08759,Aditi Kulkarni,35,Male,Wardha,Government Scheme,2024-10-25
P08760,Karan Reddy,29,Male,Chandrapur,Government Scheme,2024-01-19
P08761,Ananya Pawar,69,Female,Nagpur,Self Pay,2024-01-22
P08762,Rohan Kulkarni,43,Male,Bhandara,Government Scheme,2025-04-06
P08763,Vivaan Mehta,63,Female,Nagpur,Corporate Insurance,2024-07-02
P08764,Priya Shah,29,Female,Pune,Self Pay,2025-04-01
P08765,Sneha Singh,69,Male,Bhandara,Government Scheme,2024-01-28
P08766,Ananya Verma,47,Male,Pune,Private Insurance,2024-08-21
P08767,Vivaan Joshi,50,Female,Nashik,Self Pay,2025-02-22
P08768,Ananya Shah,45,Other,Pune,Self Pay,2025-01-29
P08769,Aditi Gupta,32,Male,Amravati,Private Insurance,2025-03-09
P08770,Diya Sharma,42,Female,Nagpur,Private Insurance,2025-03-11
P08771,Vivaan Kulkarni,34,Male,Mumbai,Self Pay,2024-08-22
P08772,Karan Singh,60,Male,Mumbai,Private Insurance,2024-09-14
P08773,Kavya Sharma,38,Male,Mumbai,Self Pay,2024-10-24
P08774,Arjun Pawar,14,Male,Jabalpur,Private Insurance,2024-11-02
P08775,Vivaan Verma,10,Female,Chandrapur,Government Scheme,2025-07-28
P08776,Sneha Sharma,9,Male,Wardha,Private Insurance,2024-04-13
P08777,Priya Patil,54,Female,Pune,Government Scheme,2025-02-13
P08778,Pooja Khan,20,Male,Nagpur,Self Pay,2025-07-16
P08779,Vivaan Pawar,48,Male,Pune,Private Insurance,2024-09-06
P08780,Diya Rao,45,Male,Pune,Private Insurance,2024-10-11
P08781,Aarav Khan,41,Female,Bhandara,Private Insurance,2025-05-09
P08782,Isha Rao,50,Male,Amravati,Private Insurance,2025-04-16
P08783,Sneha Verma,45,Male,Chandrapur,Government Scheme,2025-02-08
P08784,Aditya Pawar,1,Female,Mumbai,Private Insurance,2024-11-07
P08785,Kavya Pawar,36,Female,Nagpur,Government Scheme,2024-02-03
P08786,Meera Kulkarni,50,Female,Nagpur,Self Pay,2024-04-28
P08787,Vikram Reddy,73,Male,Akola,Corporate Insurance,2024-12-21
P08788,Arjun Kulkarni,74,Female,Pune,Private Insurance,2025-05-26
P08789,Riya Joshi,16,Male,Chandrapur,Corporate Insurance,2024-05-27
P08790,Ananya Khan,35,Male,Chandrapur,Corporate Insurance,2024-10-31
P08791,Aditya Joshi,12,Male,Nagpur,Government Scheme,2024-06-29
P08792,Sneha Patil,71,Male,Amravati,Self Pay,2024-05-15
P08793,Vikram Pawar,61,Female,Mumbai,Government Scheme,2025-10-18
P08794,Riya Deshmukh,49,Female,Amravati,Private Insurance,2025-11-12
P08795,Isha Khan,45,Female,Amravati,Corporate Insurance,2025-12-19
P08796,Vikram Shah,68,Male,Amravati,Corporate Insurance,2025-10-14
P08797,Diya Mehta,65,Male,Amravati,Private Insurance,2024-10-21
P08798,Priya Shah,64,Male,Amravati,Private Insurance,2025-06-14
P08799,Aarav Gupta,51,Male,Nashik,Private Insurance,2024-07-26
P08800,Kavya Shah,35,Male,Wardha,Government Scheme,2025-02-24
P08801,Vikram Khan,57,Other,Chandrapur,Corporate Insurance,2024-07-03
P08802,Aditi Deshmukh,58,Male,Wardha,Private Insurance,2025-04-01
P08803,Nisha Gupta,38,Female,Mumbai,Government Scheme,2024-11-04
P08804,Meera Verma,35,Female,Nagpur,Self Pay,2024-09-19
P08805,Aarav Gupta,64,Male,Nagpur,Private Insurance,2024-03-04
P08806,Riya Reddy,74,Male,Amravati,Government Scheme,2024-07-10
P08807,Vikram Singh,28,Male,Jabalpur,Government Scheme,2024-11-17
P08808,Pooja Kulkarni,37,Female,Akola,Private Insurance,2025-03-08
P08809,Kavya Patil,49,Male,Chandrapur,Government Scheme,2025-09-02
P08810,Nisha Pawar,51,Female,Amravati,Private Insurance,2025-06-24
P08811,Arjun Jain,32,Female,Nagpur,Self Pay,2025-02-02
P08812,Nisha Gupta,78,Male,Jabalpur,Private Insurance,2024-12-27
P08813,Diya Reddy,50,Male,Amravati,Self Pay,2024-12-07
P08814,Isha Gupta,52,Female,Akola,Government Scheme,2025-10-15
P08815,Priya Deshmukh,75,Female,Pune,Corporate Insurance,2025-09-03
P08816,Karan Mehta,33,Male,Chandrapur,Self Pay,2024-10-10
P08817,Vivaan Pawar,40,Female,Nagpur,Self Pay,2025-02-16
P08818,Neha Kulkarni,18,Female,Nagpur,Private Insurance,2024-10-01
P08819,Vikram Reddy,39,Male,Nagpur,Government Scheme,2025-02-17
P08820,Kavya Mehta,14,Male,Jabalpur,Self Pay,2024-11-06
P08821,Vivaan Rao,56,Female,Pune,Self Pay,2025-09-12
P08822,Isha Khan,50,Male,Amravati,Self Pay,2025-05-29
P08823,Vikram Pawar,37,Male,Mumbai,Private Insurance,2024-05-07
P08824,Sneha Pawar,40,Female,Nagpur,Private Insurance,2024-01-21
P08825,Meera Gupta,56,Female,Nagpur,Private Insurance,2025-12-02
P08826,Aditi Deshmukh,20,Female,Nagpur,Private Insurance,2024-09-15
P08827,Vikram Mehta,46,Female,Mumbai,Self Pay,2024-04-20
P08828,Diya Sharma,55,Male,Nagpur,Government Scheme,2025-06-26
P08829,Aditya Reddy,8,Female,Nagpur,Government Scheme,2024-12-11
P08830,Aditi Joshi,55,Other,Nagpur,Private Insurance,2025-02-08
P08831,Rohan Joshi,10,Female,Amravati,Self Pay,2025-04-09
P08832,Nisha Sharma,40,Male,Wardha,Private Insurance,2024-08-14
P08833,Vivaan Gupta,20,Male,Nagpur,Private Insurance,2025-02-18
P08834,Aditi Patil,69,Male,Pune,Self Pay,2025-04-24
P08835,Karan Deshmukh,20,Male,Jabalpur,Self Pay,2025-03-24
P08836,Karan Khan,11,Male,Nagpur,Private Insurance,2025-10-19
P08837,Arjun Shah,45,Male,Mumbai,Private Insurance,2024-10-12
P08838,Arjun Sharma,34,Male,Pune,Government Scheme,2025-01-03
P08839,Diya Verma,13,Male,Mumbai,Government Scheme,2025-07-01
P08840,Sneha Sharma,52,Other,Nagpur,Private Insurance,2025-06-23
P08841,Aarav Reddy,4,Female,Pune,Government Scheme,2025-12-28
P08842,Ananya Mehta,22,Female,Bhandara,Private Insurance,2024-05-24
P08843,Aditya Gupta,31,Female,Nagpur,Government Scheme,2025-11-02
P08844,Neha Joshi,57,Male,Nashik,Self Pay,2024-12-11
P08845,Rohan Patil,67,Female,Nagpur,Self Pay,2024-06-06
P08846,Karan Khan,63,Female,Pune,Private Insurance,2024-07-31
P08847,Rahul Patil,39,Male,Chandrapur,Private Insurance,2024-09-13
P08848,Priya Khan,1,Female,Wardha,Private Insurance,2025-12-25
P08849,Ananya Joshi,49,Male,Nagpur,Private Insurance,2024-03-20
P08850,Sneha Khan,70,Female,Mumbai,Private Insurance,2024-06-08
P08851,Meera Gupta,65,Male,Nagpur,Private Insurance,2025-06-05
P08852,Isha Deshmukh,51,Female,Pune,Self Pay,2025-11-22
P08853,Aarav Verma,19,Male,Akola,Self Pay,2024-02-27
P08854,Isha Khan,32,Male,Nagpur,Self Pay,2024-10-25
P08855,Rohan Khan,79,Female,Bhandara,Private Insurance,2024-10-25
P08856,Karan Pawar,15,Female,Jabalpur,Self Pay,2024-12-29
P08857,Aditya Verma,20,Male,Mumbai,Government Scheme,2025-07-11
P08858,Arjun Singh,60,Male,Nagpur,Self Pay,2025-01-17
P08859,Sneha Sharma,34,Female,Nagpur,Private Insurance,2024-04-11
P08860,Vikram Singh,20,Male,Nagpur,Corporate Insurance,2024-06-25
P08861,Sneha Jain,71,Female,Nashik,Private Insurance,2025-06-23
P08862,Pooja Deshmukh,51,Female,Nagpur,Private Insurance,2024-06-23
P08863,Priya Mehta,35,Female,Nagpur,Private Insurance,2024-12-28
P08864,Meera Reddy,20,Female,Amravati,Private Insurance,2024-10-01
P08865,Kavya Rao,81,Female,Jabalpur,Corporate Insurance,2024-11-16
P08866,Nisha Sharma,42,Female,Nagpur,Government Scheme,2025-06-27
P08867,Vikram Reddy,69,Female,Nashik,Corporate Insurance,2024-06-26
P08868,Vivaan Sharma,59,Female,Nagpur,Corporate Insurance,2025-05-26
P08869,Rahul Gupta,32,Male,Chandrapur,Government Scheme,2025-07-10
P08870,Priya Pawar,32,Male,Bhandara,Self Pay,2025-12-29
P08871,Sneha Joshi,69,Female,Mumbai,Corporate Insurance,2024-11-25
P08872,Diya Gupta,70,Female,Akola,Private Insurance,2024-03-05
P08873,Nisha Reddy,6,Male,Nagpur,Private Insurance,2025-05-02
P08874,Kavya Deshmukh,52,Male,Amravati,Government Scheme,2025-07-08
P08875,Vivaan Pawar,40,Male,Nagpur,Government Scheme,2024-01-23
P08876,Sneha Mehta,22,Female,Nagpur,Self Pay,2024-05-22
P08877,Pooja Joshi,47,Female,Jabalpur,Private Insurance,2024-09-07
P08878,Karan Rao,16,Female,Wardha,Self Pay,2025-01-08
P08879,Sneha Rao,33,Male,Mumbai,Self Pay,2025-01-10
P08880,Rohan Joshi,27,Female,Nagpur,Private Insurance,2024-05-23
P08881,Neha Kulkarni,33,Female,Mumbai,Self Pay,2024-05-25
P08882,Aditi Sharma,41,Female,Mumbai,Corporate Insurance,2025-11-14
P08883,Priya Rao,23,Male,Chandrapur,Private Insurance,2025-06-08
P08884,Isha Deshmukh,72,Female,Nagpur,Private Insurance,2025-01-05
P08885,Vivaan Shah,51,Male,Mumbai,Self Pay,2024-08-29
P08886,Pooja Khan,76,Female,Mumbai,Government Scheme,2024-12-08
P08887,Aditya Singh,39,Female,Nagpur,Private Insurance,2025-12-05
P08888,Nisha Singh,32,Female,Jabalpur,Corporate Insurance,2024-08-12
P08889,Rahul Sharma,75,Other,Mumbai,Private Insurance,2024-08-29
P08890,Meera Jain,31,Female,Nagpur,Private Insurance,2024-11-23
P08891,Riya Jain,39,Female,Amravati,Corporate Insurance,2024-05-17
P08892,Diya Pawar,56,Male,Nagpur,Government Scheme,2024-03-21
P08893,Arjun Khan,18,Female,Wardha,Government Scheme,2025-10-13
P08894,Neha Sharma,56,Female,Mumbai,Private Insurance,2025-05-14
P08895,Karan Deshmukh,53,Female,Mumbai,Private Insurance,2024-09-02
P08896,Aditi Patil,66,Male,Nagpur,Private Insurance,2025-02-20
P08897,Isha Verma,59,Female,Bhandara,Corporate Insurance,2024-12-28
P08898,Nisha Joshi,67,Male,Bhandara,Private Insurance,2024-03-13
P08899,Nisha Deshmukh,40,Male,Wardha,Private Insurance,2025-07-04
P08900,Aarav Shah,26,Male,Akola,Self Pay,2024-03-15
P08901,Diya Singh,82,Female,Chandrapur,Corporate Insurance,2025-02-19
P08902,Isha Pawar,13,Male,Nagpur,Self Pay,2024-08-01
P08903,Karan Mehta,15,Male,Amravati,Private Insurance,2024-11-14
P08904,Isha Gupta,53,Male,Mumbai,Private Insurance,2024-12-11
P08905,Vivaan Shah,73,Female,Nagpur,Corporate Insurance,2024-11-13
P08906,Ananya Sharma,46,Male,Wardha,Self Pay,2024-06-11
P08907,Kavya Jain,61,Male,Jabalpur,Self Pay,2024-03-01
P08908,Rohan Singh,4,Male,Pune,Government Scheme,2024-04-05
P08909,Aditya Patil,33,Female,Akola,Self Pay,2025-06-14
P08910,Neha Deshmukh,6,Male,Nagpur,Corporate Insurance,2024-03-11
P08911,Nisha Deshmukh,57,Male,Chandrapur,Private Insurance,2025-01-04
P08912,Neha Shah,13,Male,Chandrapur,Private Insurance,2024-08-10
P08913,Vivaan Sharma,18,Male,Amravati,Private Insurance,2025-05-22
P08914,Aditya Jain,52,Male,Nagpur,Self Pay,2025-04-04
P08915,Aditi Verma,62,Female,Amravati,Private Insurance,2024-05-14
P08916,Rahul Reddy,39,Female,Wardha,Private Insurance,2025-05-10
P08917,Ananya Verma,53,Female,Jabalpur,Government Scheme,2025-04-25
P08918,Meera Gupta,52,Male,Nashik,Self Pay,2024-07-25
P08919,Karan Reddy,38,Female,Nagpur,Government Scheme,2025-09-06
P08920,Sneha Deshmukh,21,Male,Nagpur,Corporate Insurance,2024-11-17
P08921,Meera Mehta,53,Other,Bhandara,Private Insurance,2024-01-25
P08922,Diya Deshmukh,54,Male,Wardha,Government Scheme,2025-04-03
P08923,Diya Kulkarni,59,Male,Nagpur,Government Scheme,2024-11-24
P08924,Rohan Reddy,48,Male,Mumbai,Government Scheme,2024-09-19
P08925,Aarav Deshmukh,20,Female,Mumbai,Self Pay,2024-11-25
P08926,Aditya Sharma,55,Male,Mumbai,Government Scheme,2025-12-15
P08927,Rahul Joshi,42,Male,Amravati,Self Pay,2024-10-10
P08928,Kavya Joshi,33,Male,Pune,Self Pay,2025-05-20
P08929,Rohan Shah,36,Female,Akola,Corporate Insurance,2025-09-12
P08930,Vivaan Jain,29,Female,Wardha,Corporate Insurance,2025-02-26
P08931,Kavya Sharma,59,Male,Nagpur,Government Scheme,2025-10-11
P08932,Priya Pawar,15,Male,Nagpur,Self Pay,2024-12-29
P08933,Aditi Khan,23,Male,Nagpur,Government Scheme,2024-06-13
P08934,Nisha Mehta,36,Female,Mumbai,Self Pay,2024-12-25
P08935,Priya Rao,73,Male,Akola,Private Insurance,2024-03-30
P08936,Priya Mehta,62,Male,Jabalpur,Private Insurance,2024-07-31
P08937,Ananya Patil,11,Male,Bhandara,Corporate Insurance,2024-05-30
P08938,Neha Deshmukh,68,Male,Nagpur,Self Pay,2024-02-26
P08939,Isha Khan,68,Female,Wardha,Private Insurance,2024-04-22
P08940,Riya Joshi,20,Female,Nagpur,Government Scheme,2025-09-03
P08941,Riya Joshi,1,Male,Mumbai,Private Insurance,2025-09-18
P08942,Pooja Mehta,41,Female,Nagpur,Self Pay,2025-10-22
P08943,Neha Shah,63,Male,Nagpur,Private Insurance,2024-01-19
P08944,Meera Gupta,72,Female,Wardha,Government Scheme,2025-12-12
P08945,Aditya Kulkarni,25,Male,Pune,Self Pay,2024-09-07
P08946,Aarav Joshi,75,Female,Wardha,Government Scheme,2024-10-21
P08947,Aditi Patil,1,Male,Nagpur,Private Insurance,2024-05-11
P08948,Vivaan Rao,35,Male,Nashik,Self Pay,2025-11-21
P08949,Sneha Verma,34,Female,Nagpur,Self Pay,2025-12-29
P08950,Aditya Kulkarni,64,Male,Chandrapur,Private Insurance,2025-05-27
P08951,Nisha Sharma,67,Male,Chandrapur,Private Insurance,2024-02-24
P08952,Aditi Deshmukh,60,Male,Nagpur,Self Pay,2024-11-04
P08953,Aditi Patil,16,Other,Wardha,Private Insurance,2024-07-22
P08954,Rahul Sharma,58,Male,Nagpur,Private Insurance,2025-11-01
P08955,Ananya Singh,52,Male,Nagpur,Government Scheme,2025-04-20
P08956,Aditya Sharma,10,Male,Chandrapur,Government Scheme,2025-12-08
P08957,Aditya Shah,3,Male,Nagpur,Self Pay,2025-09-01
P08958,Isha Singh,62,Male,Nagpur,Corporate Insurance,2025-01-24
P08959,Nisha Gupta,39,Female,Akola,Self Pay,2024-07-25
P08960,Meera Deshmukh,18,Male,Nashik,Private Insurance,2025-07-23
P08961,Karan Joshi,38,Male,Mumbai,Private Insurance,2025-05-23
P08962,Arjun Deshmukh,49,Female,Mumbai,Private Insurance,2025-07-20
P08963,Aarav Verma,40,Female,Wardha,Self Pay,2025-11-11
P08964,Vivaan Gupta,13,Male,Amravati,Government Scheme,2025-03-20
P08965,Vivaan Gupta,78,Male,Bhandara,Corporate Insurance,2025-05-01
P08966,Kavya Joshi,61,Female,Pune,Government Scheme,2024-11-04
P08967,Vivaan Joshi,36,Male,Wardha,Private Insurance,2024-12-25
P08968,Ananya Singh,36,Male,Jabalpur,Government Scheme,2024-04-08
P08969,Priya Sharma,49,Female,Chandrapur,Private Insurance,2024-05-19
P08970,Nisha Shah,21,Male,Nagpur,Private Insurance,2025-12-29
P08971,Karan Reddy,48,Female,Pune,Private Insurance,2024-05-10
P08972,Arjun Jain,17,Male,Nagpur,Private Insurance,2024-02-22
P08973,Aditi Verma,41,Female,Mumbai,Private Insurance,2025-08-06
P08974,Ananya Pawar,20,Male,Amravati,Government Scheme,2024-04-08
P08975,Kavya Rao,21,Female,Akola,Self Pay,2024-12-02
P08976,Meera Khan,73,Male,Chandrapur,Corporate Insurance,2024-09-30
P08977,Riya Pawar,43,Male,Nagpur,Private Insurance,2024-10-31
P08978,Pooja Pawar,46,Female,Nashik,Government Scheme,2024-10-17
P08979,Isha Reddy,4,Male,Nagpur,Self Pay,2024-01-27
P08980,Vikram Deshmukh,31,Male,Amravati,Corporate Insurance,2024-07-14
P08981,Sneha Pawar,51,Male,Nagpur,Self Pay,2025-04-13
P08982,Meera Gupta,46,Male,Pune,Government Scheme,2024-02-26
P08983,Sneha Kulkarni,1,Male,Mumbai,Corporate Insurance,2024-07-12
P08984,Neha Sharma,46,Male,Nagpur,Self Pay,2025-10-18
P08985,Nisha Jain,49,Male,Pune,Private Insurance,2025-04-22
P08986,Diya Deshmukh,66,Female,Mumbai,Private Insurance,2025-01-09
P08987,Aditi Pawar,30,Female,Nagpur,Corporate Insurance,2025-02-02
P08988,Diya Reddy,1,Female,Jabalpur,Corporate Insurance,2025-12-08
P08989,Nisha Joshi,23,Female,Nagpur,Government Scheme,2024-02-05
P08990,Neha Verma,21,Male,Pune,Self Pay,2025-10-02
P08991,Aarav Shah,56,Female,Bhandara,Private Insurance,2024-12-14
P08992,Rohan Pawar,1,Male,Jabalpur,Self Pay,2024-12-26
P08993,Ananya Joshi,33,Female,Nagpur,Government Scheme,2024-06-16
P08994,Diya Jain,69,Female,Amravati,Private Insurance,2024-10-10
P08995,Priya Singh,42,Male,Pune,Government Scheme,2025-01-31
P08996,Aditya Patil,59,Female,Akola,Government Scheme,2024-07-05
P08997,Priya Kulkarni,11,Male,Chandrapur,Corporate Insurance,2024-09-12
P08998,Priya Gupta,12,Male,Chandrapur,Corporate Insurance,2025-12-25
P08999,Aditya Gupta,69,Male,Akola,Private Insurance,2025-08-18
P09000,Priya Rao,44,Male,Nagpur,Private Insurance,2025-03-17
P09001,Meera Shah,44,Male,Nagpur,Private Insurance,2024-08-01
P09002,Vikram Sharma,21,Female,Nagpur,Private Insurance,2025-09-05
P09003,Arjun Gupta,44,Male,Nagpur,Government Scheme,2025-09-18
P09004,Priya Pawar,20,Female,Pune,Government Scheme,2025-12-19
P09005,Karan Kulkarni,65,Female,Amravati,Private Insurance,2025-05-02
P09006,Rohan Patil,90,Male,Wardha,Corporate Insurance,2024-06-12
P09007,Rahul Deshmukh,51,Male,Nagpur,Self Pay,2024-10-02
P09008,Isha Jain,30,Male,Mumbai,Private Insurance,2025-11-06
P09009,Arjun Sharma,1,Male,Nagpur,Self Pay,2024-03-16
P09010,Vivaan Joshi,10,Male,Nagpur,Private Insurance,2025-08-02
P09011,Arjun Rao,72,Male,Pune,Government Scheme,2024-12-31
P09012,Rohan Singh,22,Female,Nagpur,Government Scheme,2024-11-27
P09013,Neha Joshi,35,Female,Pune,Private Insurance,2024-04-26
P09014,Aditya Deshmukh,54,Male,Amravati,Government Scheme,2025-11-23
P09015,Riya Shah,70,Male,Nashik,Corporate Insurance,2024-06-01
P09016,Aarav Singh,38,Female,Nagpur,Self Pay,2025-03-06
P09017,Ananya Deshmukh,34,Female,Amravati,Government Scheme,2025-02-05
P09018,Arjun Jain,43,Female,Wardha,Self Pay,2024-10-14
P09019,Karan Sharma,30,Male,Chandrapur,Self Pay,2024-04-16
P09020,Pooja Deshmukh,31,Female,Pune,Corporate Insurance,2024-04-26
P09021,Aditi Pawar,50,Female,Nagpur,Private Insurance,2025-04-10
P09022,Isha Khan,46,Female,Chandrapur,Private Insurance,2025-06-15
P09023,Rohan Khan,83,Female,Nagpur,Self Pay,2024-06-25
P09024,Arjun Joshi,50,Male,Pune,Corporate Insurance,2025-07-19
P09025,Meera Gupta,64,Male,Mumbai,Government Scheme,2025-05-14
P09026,Nisha Sharma,22,Female,Nagpur,Corporate Insurance,2024-05-31
P09027,Vivaan Sharma,52,Male,Nagpur,Self Pay,2024-10-07
P09028,Nisha Shah,28,Male,Pune,Private Insurance,2024-09-28
P09029,Riya Pawar,50,Male,Mumbai,Corporate Insurance,2025-02-08
P09030,Riya Mehta,55,Female,Chandrapur,Self Pay,2024-02-10
P09031,Vivaan Rao,43,Female,Wardha,Government Scheme,2025-11-25
P09032,Isha Pawar,88,Male,Nashik,Self Pay,2025-02-10
P09033,Rohan Mehta,69,Male,Nagpur,Private Insurance,2025-05-15
P09034,Vivaan Patil,64,Female,Jabalpur,Government Scheme,2025-03-14
P09035,Rohan Mehta,57,Male,Pune,Government Scheme,2024-10-18
P09036,Kavya Joshi,76,Female,Mumbai,Government Scheme,2025-09-11
P09037,Isha Shah,15,Female,Pune,Government Scheme,2024-08-24
P09038,Isha Sharma,68,Female,Mumbai,Private Insurance,2024-01-20
P09039,Ananya Kulkarni,23,Male,Nagpur,Private Insurance,2025-02-13
P09040,Aarav Singh,31,Female,Mumbai,Private Insurance,2024-03-28
P09041,Vikram Joshi,53,Female,Nagpur,Government Scheme,2025-08-22
P09042,Pooja Mehta,65,Female,Amravati,Government Scheme,2024-01-24
P09043,Rahul Reddy,20,Female,Amravati,Government Scheme,2024-06-01
P09044,Aarav Pawar,32,Female,Nagpur,Government Scheme,2025-11-20
P09045,Sneha Joshi,44,Male,Amravati,Private Insurance,2024-07-10
P09046,Vikram Khan,38,Male,Wardha,Self Pay,2025-01-09
P09047,Vikram Verma,58,Female,Nagpur,Self Pay,2025-09-29
P09048,Priya Deshmukh,90,Female,Amravati,Self Pay,2024-06-28
P09049,Meera Verma,50,Male,Amravati,Private Insurance,2024-08-07
P09050,Karan Shah,28,Female,Akola,Self Pay,2024-01-14
P09051,Sneha Joshi,17,Female,Bhandara,Government Scheme,2025-08-08
P09052,Neha Gupta,36,Male,Akola,Self Pay,2024-03-11
P09053,Riya Gupta,24,Male,Pune,Private Insurance,2025-12-14
P09054,Ananya Jain,51,Female,Akola,Self Pay,2025-06-09
P09055,Aarav Mehta,51,Female,Nagpur,Corporate Insurance,2024-08-16
P09056,Karan Mehta,33,Female,Wardha,Corporate Insurance,2024-12-16
P09057,Vikram Deshmukh,80,Female,Wardha,Corporate Insurance,2025-01-12
P09058,Aditya Mehta,28,Male,Nagpur,Private Insurance,2025-06-20
P09059,Aarav Singh,40,Male,Mumbai,Government Scheme,2024-09-27
P09060,Priya Joshi,54,Female,Nagpur,Private Insurance,2024-07-12
P09061,Pooja Gupta,59,Female,Jabalpur,Government Scheme,2024-04-06
P09062,Pooja Gupta,66,Female,Nagpur,Self Pay,2024-11-16
P09063,Pooja Shah,50,Female,Nashik,Self Pay,2024-12-17
P09064,Diya Mehta,62,Male,Nagpur,Corporate Insurance,2025-03-31
P09065,Vivaan Shah,29,Female,Mumbai,Corporate Insurance,2025-08-31
P09066,Aarav Sharma,59,Male,Pune,Private Insurance,2024-06-03
P09067,Aditya Jain,59,Male,Nagpur,Corporate Insurance,2024-06-11
P09068,Pooja Jain,71,Male,Nagpur,Corporate Insurance,2024-07-28
P09069,Aditi Pawar,10,Male,Chandrapur,Self Pay,2024-04-29
P09070,Arjun Kulkarni,25,Male,Nagpur,Private Insurance,2024-04-13
P09071,Meera Jain,58,Other,Nagpur,Private Insurance,2025-08-06
P09072,Diya Sharma,1,Female,Jabalpur,Government Scheme,2025-06-03
P09073,Kavya Pawar,51,Female,Chandrapur,Private Insurance,2025-08-28
P09074,Aditya Rao,62,Female,Nagpur,Private Insurance,2025-03-01
P09075,Diya Jain,31,Male,Wardha,Private Insurance,2025-08-19
P09076,Sneha Verma,34,Male,Nagpur,Government Scheme,2024-11-20
P09077,Riya Reddy,22,Female,Pune,Government Scheme,2025-10-04
P09078,Nisha Joshi,32,Male,Nagpur,Private Insurance,2025-02-18
P09079,Aditya Pawar,33,Male,Amravati,Corporate Insurance,2024-01-25
P09080,Rohan Singh,29,Male,Nagpur,Private Insurance,2024-05-03
P09081,Neha Sharma,28,Female,Jabalpur,Private Insurance,2025-01-12
P09082,Pooja Patil,37,Female,Nagpur,Government Scheme,2025-08-16
P09083,Meera Pawar,37,Male,Akola,Government Scheme,2024-04-17
P09084,Aarav Deshmukh,78,Female,Wardha,Private Insurance,2025-07-05
P09085,Isha Shah,35,Male,Pune,Self Pay,2025-10-11
P09086,Diya Khan,49,Female,Nagpur,Private Insurance,2024-05-12
P09087,Neha Singh,31,Female,Pune,Private Insurance,2025-02-08
P09088,Sneha Reddy,31,Female,Jabalpur,Government Scheme,2025-10-08
P09089,Rohan Reddy,10,Male,Nagpur,Private Insurance,2024-08-13
P09090,Diya Reddy,12,Female,Nagpur,Corporate Insurance,2024-10-14
P09091,Priya Gupta,19,Male,Jabalpur,Government Scheme,2024-11-24
P09092,Aarav Patil,45,Female,Amravati,Private Insurance,2024-12-04
P09093,Priya Khan,62,Male,Pune,Self Pay,2024-08-30
P09094,Aditya Reddy,8,Female,Pune,Self Pay,2025-01-22
P09095,Karan Jain,32,Female,Nagpur,Government Scheme,2024-07-16
P09096,Pooja Khan,16,Other,Nagpur,Corporate Insurance,2025-08-01
P09097,Nisha Mehta,37,Male,Amravati,Government Scheme,2025-05-13
P09098,Arjun Shah,62,Male,Chandrapur,Private Insurance,2024-04-29
P09099,Meera Kulkarni,34,Male,Wardha,Self Pay,2025-09-13
P09100,Isha Deshmukh,41,Female,Nashik,Corporate Insurance,2024-07-12
P09101,Aditi Khan,70,Male,Bhandara,Private Insurance,2025-01-21
P09102,Kavya Gupta,51,Female,Pune,Private Insurance,2025-11-14
P09103,Neha Verma,28,Male,Nagpur,Government Scheme,2025-05-12
P09104,Meera Joshi,45,Male,Amravati,Self Pay,2025-11-15
P09105,Nisha Kulkarni,26,Male,Nagpur,Private Insurance,2025-03-16
P09106,Diya Pawar,50,Male,Nagpur,Corporate Insurance,2025-08-13
P09107,Rohan Mehta,52,Male,Nagpur,Private Insurance,2024-12-04
P09108,Rahul Reddy,16,Male,Mumbai,Self Pay,2024-05-02
P09109,Kavya Verma,45,Female,Amravati,Corporate Insurance,2024-05-09
P09110,Meera Verma,40,Male,Nagpur,Private Insurance,2025-03-10
P09111,Aditya Verma,52,Male,Akola,Government Scheme,2024-04-15
P09112,Riya Verma,58,Female,Akola,Private Insurance,2024-11-21
P09113,Nisha Khan,51,Male,Wardha,Government Scheme,2024-12-04
P09114,Ananya Singh,36,Female,Nagpur,Government Scheme,2024-02-28
P09115,Riya Patil,60,Male,Nagpur,Self Pay,2025-09-10
P09116,Kavya Pawar,25,Male,Nagpur,Government Scheme,2024-02-25
P09117,Aditi Mehta,17,Female,Amravati,Private Insurance,2024-08-17
P09118,Riya Sharma,1,Female,Nagpur,Private Insurance,2025-09-17
P09119,Diya Reddy,41,Male,Chandrapur,Private Insurance,2024-01-28
P09120,Rahul Joshi,26,Female,Mumbai,Government Scheme,2024-03-07
P09121,Neha Verma,50,Other,Nagpur,Corporate Insurance,2025-09-07
P09122,Meera Gupta,5,Female,Nagpur,Self Pay,2024-07-17
P09123,Diya Deshmukh,30,Female,Mumbai,Private Insurance,2025-10-26
P09124,Kavya Patil,51,Female,Bhandara,Corporate Insurance,2024-04-20
P09125,Arjun Joshi,22,Male,Nashik,Private Insurance,2024-04-29
P09126,Rahul Sharma,50,Male,Mumbai,Corporate Insurance,2025-02-23
P09127,Aditi Pawar,31,Male,Akola,Private Insurance,2025-11-26
P09128,Diya Deshmukh,41,Male,Nashik,Private Insurance,2025-07-08
P09129,Priya Patil,53,Male,Amravati,Corporate Insurance,2025-03-20
P09130,Rahul Pawar,60,Female,Mumbai,Government Scheme,2024-07-12
P09131,Aditi Pawar,44,Female,Akola,Corporate Insurance,2024-02-20
P09132,Diya Singh,27,Male,Nagpur,Self Pay,2025-07-24
P09133,Sneha Kulkarni,33,Female,Chandrapur,Private Insurance,2024-03-26
P09134,Karan Reddy,54,Male,Nagpur,Private Insurance,2024-05-07
P09135,Karan Patil,23,Male,Bhandara,Government Scheme,2024-11-17
P09136,Rahul Jain,39,Male,Nagpur,Government Scheme,2024-09-17
P09137,Vivaan Shah,35,Male,Chandrapur,Government Scheme,2025-09-24
P09138,Aarav Reddy,40,Male,Wardha,Private Insurance,2024-06-26
P09139,Karan Joshi,23,Male,Bhandara,Private Insurance,2025-04-21
P09140,Neha Rao,7,Male,Chandrapur,Government Scheme,2024-11-27
P09141,Vivaan Reddy,52,Female,Nagpur,Private Insurance,2024-06-23
P09142,Vikram Deshmukh,60,Female,Nagpur,Government Scheme,2025-12-17
P09143,Vivaan Shah,8,Female,Wardha,Private Insurance,2025-08-03
P09144,Rohan Joshi,49,Male,Bhandara,Corporate Insurance,2025-06-21
P09145,Arjun Deshmukh,63,Male,Mumbai,Government Scheme,2024-12-01
P09146,Pooja Gupta,53,Male,Amravati,Private Insurance,2024-05-30
P09147,Kavya Pawar,34,Female,Chandrapur,Self Pay,2025-04-16
P09148,Vivaan Shah,24,Male,Mumbai,Government Scheme,2025-12-06
P09149,Vivaan Verma,44,Female,Akola,Government Scheme,2024-07-13
P09150,Kavya Verma,47,Male,Nagpur,Private Insurance,2025-05-12
P09151,Rohan Deshmukh,44,Female,Amravati,Private Insurance,2025-09-18
P09152,Aditya Joshi,39,Male,Mumbai,Corporate Insurance,2024-11-27
P09153,Nisha Kulkarni,21,Male,Amravati,Private Insurance,2024-02-28
P09154,Pooja Deshmukh,50,Female,Nagpur,Government Scheme,2025-10-30
P09155,Priya Mehta,51,Female,Bhandara,Private Insurance,2024-03-18
P09156,Pooja Jain,46,Female,Nagpur,Government Scheme,2025-07-10
P09157,Pooja Rao,44,Female,Bhandara,Government Scheme,2024-12-15
P09158,Vikram Verma,74,Female,Jabalpur,Private Insurance,2025-06-16
P09159,Vivaan Deshmukh,30,Female,Jabalpur,Private Insurance,2025-05-29
P09160,Ananya Patil,66,Female,Chandrapur,Government Scheme,2024-05-26
P09161,Pooja Gupta,28,Female,Mumbai,Government Scheme,2024-03-12
P09162,Karan Reddy,63,Male,Pune,Corporate Insurance,2024-04-03
P09163,Vivaan Pawar,65,Female,Jabalpur,Self Pay,2024-05-26
P09164,Meera Rao,36,Female,Mumbai,Corporate Insurance,2025-09-23
P09165,Ananya Reddy,74,Male,Mumbai,Corporate Insurance,2024-03-04
P09166,Neha Gupta,51,Female,Nagpur,Private Insurance,2025-05-11
P09167,Isha Shah,25,Male,Nagpur,Corporate Insurance,2024-10-06
P09168,Priya Verma,35,Male,Nagpur,Corporate Insurance,2025-08-19
P09169,Karan Jain,64,Male,Chandrapur,Government Scheme,2025-03-13
P09170,Aditi Pawar,60,Male,Mumbai,Government Scheme,2025-07-13
P09171,Karan Sharma,22,Male,Jabalpur,Private Insurance,2025-08-26
P09172,Nisha Reddy,39,Male,Pune,Private Insurance,2025-10-21
P09173,Rohan Jain,46,Male,Pune,Private Insurance,2025-08-08
P09174,Neha Reddy,32,Female,Wardha,Private Insurance,2024-10-01
P09175,Isha Joshi,87,Male,Wardha,Government Scheme,2025-11-02
P09176,Karan Jain,46,Male,Chandrapur,Self Pay,2024-09-12
P09177,Rohan Singh,41,Male,Nagpur,Private Insurance,2025-03-03
P09178,Kavya Patil,65,Female,Pune,Private Insurance,2024-06-21
P09179,Isha Joshi,35,Female,Chandrapur,Private Insurance,2025-08-15
P09180,Diya Deshmukh,61,Male,Nagpur,Corporate Insurance,2024-03-17
P09181,Karan Deshmukh,10,Female,Chandrapur,Self Pay,2025-12-03
P09182,Vikram Singh,33,Male,Chandrapur,Private Insurance,2024-12-18
P09183,Karan Mehta,62,Female,Pune,Self Pay,2025-09-11
P09184,Priya Rao,72,Female,Pune,Self Pay,2024-12-29
P09185,Neha Joshi,27,Female,Nagpur,Self Pay,2024-04-12
P09186,Meera Khan,25,Male,Pune,Corporate Insurance,2024-03-24
P09187,Diya Patil,53,Male,Nagpur,Government Scheme,2025-10-06
P09188,Arjun Joshi,30,Male,Amravati,Private Insurance,2025-03-16
P09189,Ananya Mehta,37,Male,Wardha,Corporate Insurance,2024-04-13
P09190,Aarav Rao,59,Male,Pune,Self Pay,2024-09-22
P09191,Isha Rao,32,Male,Mumbai,Private Insurance,2025-02-21
P09192,Neha Shah,5,Female,Nagpur,Government Scheme,2024-11-29
P09193,Aditya Jain,17,Male,Nashik,Government Scheme,2024-02-24
P09194,Priya Gupta,42,Male,Mumbai,Government Scheme,2025-01-07
P09195,Kavya Khan,7,Female,Jabalpur,Government Scheme,2024-05-07
P09196,Rahul Deshmukh,36,Male,Nagpur,Private Insurance,2024-08-14
P09197,Neha Patil,16,Female,Nagpur,Government Scheme,2025-05-01
P09198,Isha Rao,73,Male,Wardha,Private Insurance,2025-05-15
P09199,Sneha Verma,83,Male,Mumbai,Private Insurance,2024-02-27
P09200,Aditi Reddy,22,Female,Nagpur,Government Scheme,2025-01-07
P09201,Diya Sharma,47,Male,Wardha,Private Insurance,2024-07-05
P09202,Riya Mehta,24,Male,Jabalpur,Government Scheme,2024-11-18
P09203,Aditi Rao,36,Male,Wardha,Private Insurance,2025-08-10
P09204,Diya Sharma,76,Male,Chandrapur,Government Scheme,2024-10-26
P09205,Vikram Gupta,33,Female,Jabalpur,Private Insurance,2025-03-03
P09206,Karan Mehta,37,Female,Amravati,Private Insurance,2024-01-18
P09207,Kavya Sharma,24,Female,Nagpur,Self Pay,2024-12-25
P09208,Nisha Verma,64,Female,Nagpur,Government Scheme,2025-07-16
P09209,Arjun Joshi,1,Female,Chandrapur,Government Scheme,2025-04-18
P09210,Vivaan Deshmukh,34,Male,Nagpur,Government Scheme,2025-12-06
P09211,Rahul Patil,41,Female,Nagpur,Private Insurance,2025-07-27
P09212,Arjun Joshi,29,Male,Nagpur,Private Insurance,2024-04-05
P09213,Pooja Deshmukh,58,Female,Bhandara,Private Insurance,2024-02-14
P09214,Nisha Rao,65,Female,Pune,Self Pay,2024-07-30
P09215,Karan Sharma,15,Male,Bhandara,Government Scheme,2025-08-16
P09216,Rahul Patil,82,Other,Pune,Self Pay,2025-09-10
P09217,Aarav Mehta,15,Male,Jabalpur,Corporate Insurance,2025-06-13
P09218,Aditya Jain,66,Female,Nashik,Private Insurance,2025-06-01
P09219,Neha Kulkarni,45,Male,Chandrapur,Corporate Insurance,2025-05-03
P09220,Karan Gupta,32,Female,Nagpur,Self Pay,2024-08-16
P09221,Karan Gupta,34,Male,Wardha,Government Scheme,2025-05-11
P09222,Rahul Rao,41,Male,Nagpur,Government Scheme,2025-04-19
P09223,Nisha Reddy,46,Female,Wardha,Government Scheme,2024-03-01
P09224,Kavya Joshi,25,Male,Jabalpur,Private Insurance,2025-10-31
P09225,Riya Shah,38,Male,Nagpur,Private Insurance,2025-07-06
P09226,Arjun Jain,27,Female,Nagpur,Private Insurance,2024-06-09
P09227,Aditi Mehta,19,Female,Pune,Private Insurance,2024-07-28
P09228,Aarav Patil,26,Male,Jabalpur,Private Insurance,2025-05-11
P09229,Aditya Rao,20,Female,Pune,Private Insurance,2024-06-27
P09230,Isha Mehta,34,Female,Nagpur,Corporate Insurance,2025-08-15
P09231,Aditya Kulkarni,50,Female,Bhandara,Private Insurance,2024-12-09
P09232,Vikram Kulkarni,44,Male,Amravati,Corporate Insurance,2024-03-10
P09233,Neha Kulkarni,80,Female,Chandrapur,Government Scheme,2025-05-19
P09234,Vivaan Mehta,1,Male,Akola,Private Insurance,2025-11-13
P09235,Nisha Pawar,51,Male,Pune,Private Insurance,2024-08-30
P09236,Arjun Mehta,42,Female,Nagpur,Private Insurance,2025-12-01
P09237,Meera Mehta,57,Female,Jabalpur,Private Insurance,2025-06-09
P09238,Priya Khan,56,Male,Nagpur,Private Insurance,2025-06-19
P09239,Pooja Sharma,39,Female,Nagpur,Self Pay,2024-09-20
P09240,Rohan Shah,45,Female,Pune,Private Insurance,2025-01-11
P09241,Sneha Joshi,28,Female,Wardha,Government Scheme,2024-06-11
P09242,Ananya Sharma,54,Male,Wardha,Government Scheme,2025-03-16
P09243,Priya Singh,6,Male,Nagpur,Self Pay,2025-09-19
P09244,Isha Kulkarni,57,Male,Nagpur,Corporate Insurance,2025-04-18
P09245,Aditi Sharma,42,Female,Nagpur,Government Scheme,2025-09-29
P09246,Sneha Singh,33,Female,Nashik,Private Insurance,2024-04-22
P09247,Diya Deshmukh,38,Male,Nagpur,Corporate Insurance,2025-03-19
P09248,Nisha Rao,39,Female,Jabalpur,Corporate Insurance,2024-08-03
P09249,Karan Khan,67,Other,Pune,Self Pay,2025-02-15
P09250,Aditya Sharma,90,Male,Pune,Self Pay,2024-03-14
P09251,Aditi Reddy,65,Female,Mumbai,Government Scheme,2024-10-06
P09252,Aarav Sharma,31,Male,Akola,Government Scheme,2024-09-27
P09253,Arjun Sharma,54,Male,Wardha,Private Insurance,2025-01-20
P09254,Vikram Gupta,55,Male,Mumbai,Government Scheme,2025-06-27
P09255,Neha Deshmukh,24,Female,Amravati,Self Pay,2025-02-22
P09256,Riya Mehta,18,Male,Nagpur,Private Insurance,2025-10-08
P09257,Sneha Rao,41,Female,Chandrapur,Government Scheme,2024-07-26
P09258,Arjun Jain,57,Male,Nagpur,Self Pay,2024-09-28
P09259,Ananya Gupta,11,Female,Chandrapur,Private Insurance,2024-12-10
P09260,Neha Verma,28,Female,Jabalpur,Government Scheme,2025-03-25
P09261,Aarav Gupta,53,Male,Akola,Self Pay,2025-09-12
P09262,Pooja Patil,43,Male,Nagpur,Private Insurance,2025-03-10
P09263,Riya Reddy,69,Female,Nagpur,Private Insurance,2025-11-30
P09264,Diya Joshi,15,Male,Amravati,Private Insurance,2024-12-10
P09265,Kavya Joshi,87,Female,Nagpur,Private Insurance,2025-01-21
P09266,Rohan Khan,13,Male,Bhandara,Government Scheme,2025-05-21
P09267,Karan Singh,3,Male,Pune,Self Pay,2024-04-17
P09268,Rohan Rao,41,Female,Chandrapur,Private Insurance,2024-04-20
P09269,Rohan Rao,20,Male,Chandrapur,Government Scheme,2024-08-31
P09270,Pooja Shah,41,Other,Amravati,Private Insurance,2024-02-24
P09271,Neha Reddy,41,Male,Nagpur,Self Pay,2024-10-29
P09272,Priya Rao,38,Male,Chandrapur,Private Insurance,2024-09-11
P09273,Nisha Mehta,26,Male,Amravati,Self Pay,2025-03-27
P09274,Nisha Reddy,50,Male,Nagpur,Private Insurance,2025-12-08
P09275,Aarav Pawar,36,Female,Chandrapur,Self Pay,2025-02-16
P09276,Neha Patil,63,Male,Amravati,Government Scheme,2025-11-26
P09277,Neha Mehta,39,Female,Nagpur,Corporate Insurance,2025-03-17
P09278,Sneha Verma,24,Female,Wardha,Government Scheme,2025-04-07
P09279,Diya Reddy,10,Female,Nagpur,Corporate Insurance,2025-09-02
P09280,Rahul Kulkarni,39,Male,Nashik,Government Scheme,2025-02-26
P09281,Kavya Kulkarni,18,Female,Nagpur,Private Insurance,2025-12-08
P09282,Aditya Mehta,16,Female,Pune,Self Pay,2025-04-07
P09283,Karan Gupta,52,Female,Wardha,Private Insurance,2024-09-01
P09284,Kavya Patil,8,Female,Nagpur,Self Pay,2024-11-09
P09285,Sneha Jain,69,Male,Nagpur,Private Insurance,2025-04-17
P09286,Riya Verma,45,Female,Jabalpur,Self Pay,2024-07-29
P09287,Aarav Mehta,41,Female,Bhandara,Government Scheme,2025-06-19
P09288,Arjun Reddy,22,Male,Nashik,Government Scheme,2024-01-05
P09289,Sneha Gupta,57,Female,Mumbai,Self Pay,2025-06-16
P09290,Vikram Khan,42,Female,Nagpur,Self Pay,2024-01-15
P09291,Riya Sharma,29,Male,Bhandara,Self Pay,2024-04-29
P09292,Aarav Jain,46,Male,Chandrapur,Self Pay,2025-12-10
P09293,Ananya Shah,10,Female,Pune,Government Scheme,2025-08-28
P09294,Aarav Joshi,11,Male,Amravati,Self Pay,2025-06-27
P09295,Priya Reddy,21,Male,Jabalpur,Private Insurance,2025-11-08
P09296,Aditya Shah,49,Male,Chandrapur,Private Insurance,2025-05-18
P09297,Sneha Mehta,42,Female,Mumbai,Self Pay,2024-03-18
P09298,Diya Shah,62,Male,Nagpur,Government Scheme,2025-09-08
P09299,Kavya Rao,25,Male,Wardha,Corporate Insurance,2024-06-21
P09300,Pooja Khan,53,Male,Nagpur,Corporate Insurance,2025-03-19
P09301,Neha Khan,40,Male,Mumbai,Corporate Insurance,2025-10-13
P09302,Isha Patil,24,Male,Nagpur,Government Scheme,2025-05-02
P09303,Riya Jain,49,Male,Akola,Self Pay,2024-01-28
P09304,Karan Kulkarni,41,Female,Nagpur,Private Insurance,2025-07-30
P09305,Vivaan Khan,30,Female,Nagpur,Private Insurance,2025-08-07
P09306,Ananya Reddy,43,Male,Nagpur,Self Pay,2024-04-01
P09307,Rohan Khan,40,Female,Pune,Self Pay,2025-11-18
P09308,Karan Kulkarni,39,Male,Nagpur,Private Insurance,2024-05-16
P09309,Karan Mehta,34,Male,Pune,Corporate Insurance,2024-02-09
P09310,Rohan Jain,17,Male,Pune,Corporate Insurance,2025-02-09
P09311,Aarav Jain,43,Female,Jabalpur,Private Insurance,2025-05-08
P09312,Diya Reddy,27,Male,Akola,Private Insurance,2024-03-11
P09313,Ananya Deshmukh,23,Male,Chandrapur,Corporate Insurance,2024-04-23
P09314,Neha Kulkarni,37,Male,Chandrapur,Private Insurance,2025-04-26
P09315,Aarav Patil,56,Male,Nagpur,Private Insurance,2024-02-29
P09316,Diya Jain,46,Female,Wardha,Government Scheme,2025-08-30
P09317,Aditi Shah,32,Male,Pune,Self Pay,2024-07-17
P09318,Aditi Khan,31,Female,Nagpur,Self Pay,2025-09-03
P09319,Isha Patil,54,Male,Nagpur,Self Pay,2025-06-24
P09320,Kavya Singh,1,Female,Chandrapur,Self Pay,2024-08-24
P09321,Pooja Patil,57,Female,Pune,Self Pay,2025-08-05
P09322,Nisha Gupta,6,Female,Nagpur,Government Scheme,2024-05-27
P09323,Ananya Pawar,15,Female,Mumbai,Private Insurance,2024-12-18
P09324,Aarav Khan,32,Male,Nagpur,Government Scheme,2025-11-30
P09325,Rahul Kulkarni,83,Male,Wardha,Government Scheme,2025-10-11
P09326,Isha Khan,74,Female,Jabalpur,Private Insurance,2025-10-28
P09327,Kavya Deshmukh,55,Female,Amravati,Government Scheme,2024-04-19
P09328,Kavya Singh,49,Male,Chandrapur,Private Insurance,2024-08-16
P09329,Nisha Gupta,7,Female,Mumbai,Private Insurance,2024-02-25
P09330,Meera Deshmukh,45,Female,Nagpur,Government Scheme,2025-10-14
P09331,Vikram Mehta,32,Female,Nagpur,Private Insurance,2025-07-27
P09332,Pooja Rao,26,Male,Jabalpur,Private Insurance,2025-10-05
P09333,Riya Joshi,45,Other,Bhandara,Self Pay,2024-03-24
P09334,Karan Deshmukh,33,Female,Jabalpur,Self Pay,2024-09-03
P09335,Isha Jain,59,Male,Mumbai,Self Pay,2025-06-06
P09336,Kavya Rao,5,Male,Chandrapur,Private Insurance,2024-09-22
P09337,Karan Shah,43,Other,Wardha,Government Scheme,2024-08-01
P09338,Meera Jain,25,Male,Wardha,Self Pay,2025-11-11
P09339,Aditi Deshmukh,34,Male,Nagpur,Private Insurance,2025-01-25
P09340,Karan Joshi,48,Male,Wardha,Private Insurance,2025-06-25
P09341,Rohan Deshmukh,21,Male,Pune,Government Scheme,2025-07-17
P09342,Meera Singh,45,Female,Jabalpur,Government Scheme,2025-03-26
P09343,Ananya Pawar,38,Male,Jabalpur,Private Insurance,2025-06-23
P09344,Neha Singh,29,Male,Jabalpur,Private Insurance,2025-11-26
P09345,Nisha Deshmukh,33,Female,Nagpur,Government Scheme,2024-12-30
P09346,Aditi Patil,39,Female,Wardha,Government Scheme,2025-09-23
P09347,Aarav Pawar,27,Female,Nagpur,Government Scheme,2024-02-18
P09348,Diya Kulkarni,42,Female,Chandrapur,Corporate Insurance,2024-02-24
P09349,Aditi Shah,37,Female,Jabalpur,Private Insurance,2024-10-13
P09350,Kavya Khan,30,Female,Mumbai,Self Pay,2024-12-30
P09351,Vivaan Shah,72,Female,Mumbai,Private Insurance,2024-08-28
P09352,Aditya Mehta,50,Male,Amravati,Self Pay,2025-10-15
P09353,Vikram Jain,35,Female,Wardha,Self Pay,2024-01-17
P09354,Vivaan Gupta,45,Female,Nagpur,Government Scheme,2024-03-22
P09355,Kavya Reddy,22,Female,Bhandara,Government Scheme,2025-04-04
P09356,Aarav Kulkarni,34,Female,Nagpur,Self Pay,2024-02-22
P09357,Riya Shah,36,Female,Pune,Self Pay,2024-05-22
P09358,Rahul Khan,18,Other,Wardha,Private Insurance,2025-09-19
P09359,Pooja Rao,49,Female,Akola,Private Insurance,2025-08-18
P09360,Nisha Sharma,32,Female,Mumbai,Self Pay,2025-07-21
P09361,Kavya Deshmukh,35,Male,Nagpur,Government Scheme,2024-09-08
P09362,Kavya Mehta,31,Male,Chandrapur,Private Insurance,2024-05-02
P09363,Rohan Shah,90,Female,Pune,Corporate Insurance,2024-08-20
P09364,Pooja Mehta,29,Female,Jabalpur,Corporate Insurance,2024-05-12
P09365,Riya Gupta,3,Male,Nagpur,Government Scheme,2024-06-22
P09366,Vivaan Rao,12,Female,Akola,Government Scheme,2025-08-30
P09367,Riya Joshi,56,Female,Amravati,Private Insurance,2024-06-27
P09368,Meera Rao,67,Other,Nagpur,Government Scheme,2024-06-01
P09369,Karan Jain,29,Other,Nagpur,Corporate Insurance,2024-07-05
P09370,Diya Rao,66,Male,Bhandara,Private Insurance,2024-04-15
P09371,Ananya Deshmukh,56,Female,Nagpur,Private Insurance,2025-09-23
P09372,Aditi Gupta,38,Male,Akola,Corporate Insurance,2025-10-24
P09373,Rahul Deshmukh,37,Male,Nagpur,Private Insurance,2024-05-26
P09374,Ananya Mehta,45,Male,Nagpur,Corporate Insurance,2025-08-10
P09375,Karan Verma,59,Female,Nashik,Private Insurance,2024-07-16
P09376,Ananya Kulkarni,50,Female,Nagpur,Private Insurance,2024-10-21
P09377,Kavya Deshmukh,29,Female,Nagpur,Corporate Insurance,2025-12-30
P09378,Karan Khan,39,Male,Nagpur,Private Insurance,2025-04-02
P09379,Ananya Jain,80,Male,Amravati,Self Pay,2025-08-13
P09380,Ananya Patil,47,Female,Wardha,Private Insurance,2024-11-10
P09381,Riya Khan,59,Female,Pune,Self Pay,2025-03-29
P09382,Aditya Deshmukh,52,Female,Chandrapur,Private Insurance,2024-07-19
P09383,Karan Rao,47,Male,Nagpur,Self Pay,2025-06-20
P09384,Rahul Reddy,44,Female,Nagpur,Corporate Insurance,2025-12-21
P09385,Diya Joshi,59,Female,Pune,Private Insurance,2024-04-24
P09386,Aditya Gupta,56,Male,Nagpur,Private Insurance,2025-02-02
P09387,Rohan Pawar,47,Male,Nagpur,Self Pay,2024-07-15
P09388,Aditi Mehta,29,Male,Nagpur,Corporate Insurance,2025-04-10
P09389,Karan Rao,49,Male,Nashik,Private Insurance,2024-11-28
P09390,Aditi Shah,41,Female,Nashik,Corporate Insurance,2024-10-25
P09391,Diya Kulkarni,36,Female,Amravati,Corporate Insurance,2024-10-10
P09392,Ananya Deshmukh,90,Female,Nagpur,Self Pay,2024-12-31
P09393,Riya Gupta,13,Male,Pune,Private Insurance,2024-05-30
P09394,Vivaan Rao,60,Male,Nagpur,Government Scheme,2024-07-29
P09395,Aditya Rao,26,Female,Wardha,Self Pay,2024-02-21
P09396,Aditya Shah,44,Male,Pune,Self Pay,2024-11-09
P09397,Isha Joshi,90,Male,Nagpur,Private Insurance,2025-03-22
P09398,Meera Pawar,24,Male,Amravati,Government Scheme,2025-04-03
P09399,Riya Shah,28,Female,Akola,Self Pay,2024-06-02
P09400,Riya Jain,42,Female,Akola,Government Scheme,2025-08-15
P09401,Kavya Singh,26,Male,Wardha,Government Scheme,2024-10-30
P09402,Arjun Singh,59,Male,Amravati,Private Insurance,2025-08-08
P09403,Sneha Gupta,32,Male,Amravati,Private Insurance,2025-08-21
P09404,Priya Singh,54,Male,Wardha,Private Insurance,2024-01-09
P09405,Priya Khan,17,Female,Amravati,Government Scheme,2024-02-04
P09406,Neha Singh,8,Male,Nagpur,Government Scheme,2025-01-25
P09407,Karan Khan,38,Female,Nagpur,Self Pay,2025-09-03
P09408,Aditya Reddy,12,Female,Wardha,Private Insurance,2024-09-29
P09409,Pooja Verma,71,Female,Amravati,Private Insurance,2025-03-21
P09410,Vivaan Deshmukh,13,Female,Bhandara,Self Pay,2025-03-19
P09411,Neha Sharma,22,Female,Chandrapur,Private Insurance,2025-07-10
P09412,Vivaan Khan,50,Male,Jabalpur,Corporate Insurance,2025-10-05
P09413,Diya Gupta,31,Male,Chandrapur,Government Scheme,2025-02-19
P09414,Rahul Kulkarni,13,Female,Nashik,Corporate Insurance,2025-07-19
P09415,Rahul Patil,81,Female,Nagpur,Self Pay,2025-03-15
P09416,Diya Reddy,23,Female,Nashik,Corporate Insurance,2024-08-29
P09417,Isha Pawar,38,Female,Wardha,Self Pay,2025-02-20
P09418,Karan Patil,38,Female,Mumbai,Private Insurance,2025-06-23
P09419,Sneha Shah,55,Male,Jabalpur,Self Pay,2025-10-15
P09420,Vivaan Verma,51,Male,Nagpur,Private Insurance,2024-03-15
P09421,Aarav Reddy,26,Male,Mumbai,Government Scheme,2024-09-01
P09422,Aditi Reddy,36,Male,Akola,Private Insurance,2024-04-03
P09423,Kavya Jain,38,Male,Nashik,Self Pay,2024-05-05
P09424,Diya Gupta,56,Female,Wardha,Self Pay,2024-06-13
P09425,Vivaan Rao,20,Female,Amravati,Corporate Insurance,2025-10-20
P09426,Aarav Verma,80,Female,Pune,Private Insurance,2024-10-18
P09427,Ananya Singh,28,Female,Nagpur,Corporate Insurance,2025-11-02
P09428,Aditi Kulkarni,42,Male,Bhandara,Self Pay,2025-01-07
P09429,Kavya Shah,20,Female,Nagpur,Private Insurance,2024-01-14
P09430,Aditi Deshmukh,17,Female,Nagpur,Private Insurance,2024-10-17
P09431,Ananya Joshi,25,Female,Nashik,Private Insurance,2025-06-14
P09432,Rahul Mehta,24,Female,Nashik,Private Insurance,2025-04-03
P09433,Sneha Khan,34,Male,Mumbai,Government Scheme,2024-09-25
P09434,Vivaan Reddy,23,Female,Akola,Private Insurance,2024-03-31
P09435,Nisha Khan,55,Male,Akola,Government Scheme,2025-07-07
P09436,Ananya Sharma,27,Female,Jabalpur,Self Pay,2025-01-15
P09437,Ananya Patil,25,Female,Bhandara,Government Scheme,2025-07-31
P09438,Neha Khan,35,Female,Chandrapur,Corporate Insurance,2024-07-17
P09439,Vivaan Joshi,61,Male,Mumbai,Private Insurance,2024-04-24
P09440,Priya Joshi,46,Female,Nashik,Government Scheme,2024-09-23
P09441,Riya Shah,40,Male,Nashik,Corporate Insurance,2024-06-23
P09442,Neha Jain,15,Female,Bhandara,Private Insurance,2025-01-06
P09443,Priya Singh,20,Male,Bhandara,Government Scheme,2024-12-31
P09444,Meera Deshmukh,18,Male,Chandrapur,Corporate Insurance,2024-04-06
P09445,Rahul Reddy,67,Male,Akola,Government Scheme,2024-12-07
P09446,Vikram Rao,52,Female,Bhandara,Corporate Insurance,2024-10-10
P09447,Meera Jain,26,Female,Nagpur,Corporate Insurance,2025-01-14
P09448,Rohan Deshmukh,31,Male,Nagpur,Private Insurance,2025-07-09
P09449,Vikram Jain,26,Male,Wardha,Self Pay,2024-11-28
P09450,Neha Kulkarni,25,Female,Nagpur,Self Pay,2024-07-21
P09451,Arjun Sharma,51,Female,Amravati,Corporate Insurance,2025-10-21
P09452,Aditya Khan,37,Female,Nagpur,Government Scheme,2025-07-12
P09453,Aditi Rao,82,Female,Nagpur,Self Pay,2025-12-02
P09454,Pooja Shah,66,Female,Pune,Private Insurance,2024-06-17
P09455,Sneha Sharma,67,Female,Bhandara,Government Scheme,2025-03-24
P09456,Vikram Joshi,55,Female,Pune,Self Pay,2025-07-04
P09457,Aditi Pawar,34,Male,Nagpur,Corporate Insurance,2025-10-13
P09458,Nisha Jain,53,Male,Nagpur,Private Insurance,2024-05-21
P09459,Sneha Deshmukh,35,Male,Nagpur,Private Insurance,2024-07-03
P09460,Vivaan Joshi,73,Male,Nagpur,Corporate Insurance,2025-11-25
P09461,Kavya Reddy,50,Male,Nagpur,Government Scheme,2025-02-17
P09462,Neha Reddy,47,Female,Bhandara,Private Insurance,2024-04-22
P09463,Vivaan Reddy,44,Male,Nagpur,Government Scheme,2024-05-20
P09464,Aditya Deshmukh,75,Female,Pune,Corporate Insurance,2025-12-30
P09465,Kavya Reddy,15,Female,Wardha,Corporate Insurance,2025-10-18
P09466,Arjun Gupta,77,Male,Nagpur,Private Insurance,2024-06-16
P09467,Kavya Kulkarni,38,Female,Pune,Self Pay,2025-02-07
P09468,Ananya Shah,15,Male,Wardha,Government Scheme,2025-06-02
P09469,Rahul Rao,28,Male,Amravati,Private Insurance,2024-11-21
P09470,Isha Joshi,11,Female,Bhandara,Self Pay,2024-08-10
P09471,Riya Rao,54,Female,Akola,Private Insurance,2025-05-26
P09472,Vivaan Rao,22,Male,Bhandara,Government Scheme,2024-02-29
P09473,Aditi Reddy,45,Male,Mumbai,Private Insurance,2024-05-31
P09474,Aditya Gupta,64,Male,Amravati,Private Insurance,2024-01-19
P09475,Riya Gupta,29,Female,Amravati,Private Insurance,2025-10-12
P09476,Ananya Joshi,37,Male,Pune,Corporate Insurance,2024-04-17
P09477,Ananya Kulkarni,17,Female,Chandrapur,Government Scheme,2025-09-26
P09478,Ananya Joshi,35,Female,Jabalpur,Self Pay,2024-10-24
P09479,Vivaan Singh,90,Male,Pune,Private Insurance,2024-03-17
P09480,Vivaan Reddy,57,Female,Wardha,Corporate Insurance,2025-02-27
P09481,Vivaan Rao,37,Female,Chandrapur,Government Scheme,2024-08-20
P09482,Meera Shah,30,Female,Amravati,Corporate Insurance,2024-12-15
P09483,Kavya Shah,41,Male,Nagpur,Private Insurance,2025-12-15
P09484,Aditya Kulkarni,44,Male,Amravati,Government Scheme,2025-04-05
P09485,Diya Reddy,34,Male,Nagpur,Private Insurance,2024-01-13
P09486,Isha Patil,52,Female,Akola,Private Insurance,2024-03-10
P09487,Karan Verma,24,Female,Akola,Government Scheme,2025-07-16
P09488,Rohan Deshmukh,24,Male,Mumbai,Self Pay,2025-05-08
P09489,Vivaan Jain,49,Female,Nagpur,Private Insurance,2024-12-22
P09490,Vikram Gupta,20,Female,Wardha,Self Pay,2025-07-27
P09491,Ananya Rao,56,Female,Amravati,Self Pay,2024-06-12
P09492,Sneha Rao,42,Male,Bhandara,Government Scheme,2024-06-17
P09493,Meera Reddy,7,Male,Nagpur,Self Pay,2024-10-24
P09494,Nisha Kulkarni,44,Female,Wardha,Government Scheme,2025-08-01
P09495,Diya Reddy,10,Female,Chandrapur,Corporate Insurance,2025-12-18
P09496,Sneha Gupta,55,Male,Nagpur,Self Pay,2024-07-01
P09497,Karan Gupta,37,Male,Chandrapur,Corporate Insurance,2025-03-27
P09498,Rahul Kulkarni,77,Female,Nagpur,Private Insurance,2024-11-20
P09499,Neha Khan,62,Female,Amravati,Self Pay,2025-10-05
P09500,Aarav Sharma,22,Male,Mumbai,Corporate Insurance,2025-08-11
P09501,Priya Pawar,4,Male,Nagpur,Private Insurance,2024-05-06
P09502,Vivaan Rao,28,Male,Nagpur,Government Scheme,2025-05-16
P09503,Aditi Patil,19,Male,Mumbai,Corporate Insurance,2024-01-13
P09504,Aarav Patil,77,Male,Nagpur,Private Insurance,2025-01-02
P09505,Neha Rao,42,Female,Amravati,Government Scheme,2024-07-13
P09506,Ananya Mehta,60,Female,Wardha,Self Pay,2024-09-26
P09507,Rohan Sharma,37,Female,Chandrapur,Self Pay,2024-08-28
P09508,Diya Shah,39,Male,Chandrapur,Private Insurance,2025-02-15
P09509,Aditi Verma,41,Female,Chandrapur,Private Insurance,2025-09-11
P09510,Ananya Deshmukh,63,Female,Jabalpur,Private Insurance,2025-01-14
P09511,Ananya Sharma,48,Female,Amravati,Private Insurance,2025-09-24
P09512,Karan Joshi,22,Male,Wardha,Private Insurance,2025-12-10
P09513,Vikram Singh,73,Male,Jabalpur,Self Pay,2024-06-11
P09514,Pooja Verma,36,Female,Nagpur,Corporate Insurance,2025-08-26
P09515,Riya Verma,33,Female,Jabalpur,Corporate Insurance,2024-06-07
P09516,Vivaan Joshi,1,Male,Jabalpur,Corporate Insurance,2024-03-25
P09517,Rohan Patil,54,Female,Jabalpur,Corporate Insurance,2024-06-01
P09518,Neha Pawar,44,Male,Nagpur,Private Insurance,2024-10-28
P09519,Karan Khan,44,Female,Bhandara,Private Insurance,2024-05-04
P09520,Rohan Rao,34,Male,Pune,Private Insurance,2025-03-04
P09521,Karan Joshi,31,Female,Nagpur,Self Pay,2025-03-11
P09522,Sneha Deshmukh,35,Male,Chandrapur,Corporate Insurance,2025-05-29
P09523,Aditi Khan,51,Female,Nagpur,Private Insurance,2025-10-27
P09524,Rohan Verma,54,Female,Nagpur,Government Scheme,2024-05-09
P09525,Aditi Kulkarni,38,Male,Pune,Government Scheme,2025-12-16
P09526,Isha Khan,60,Male,Jabalpur,Private Insurance,2025-08-29
P09527,Rahul Shah,40,Male,Nagpur,Self Pay,2024-02-09
P09528,Ananya Gupta,32,Male,Nagpur,Private Insurance,2025-04-04
P09529,Karan Shah,46,Male,Bhandara,Government Scheme,2024-07-07
P09530,Pooja Shah,16,Male,Nagpur,Corporate Insurance,2024-02-19
P09531,Vivaan Sharma,46,Female,Chandrapur,Private Insurance,2025-05-12
P09532,Aarav Deshmukh,13,Male,Akola,Private Insurance,2024-02-13
P09533,Pooja Singh,22,Female,Amravati,Self Pay,2024-05-09
P09534,Karan Sharma,4,Female,Nashik,Government Scheme,2025-05-15
P09535,Karan Verma,39,Male,Nagpur,Government Scheme,2024-03-02
P09536,Diya Shah,73,Female,Nagpur,Government Scheme,2025-07-05
P09537,Arjun Shah,40,Female,Pune,Private Insurance,2024-01-20
P09538,Aditya Sharma,54,Female,Nagpur,Private Insurance,2024-08-14
P09539,Nisha Reddy,87,Male,Nagpur,Corporate Insurance,2024-07-06
P09540,Aditi Patil,50,Male,Chandrapur,Private Insurance,2024-04-28
P09541,Neha Reddy,27,Female,Nagpur,Corporate Insurance,2025-01-23
P09542,Ananya Rao,30,Female,Wardha,Private Insurance,2024-06-09
P09543,Aditi Deshmukh,42,Female,Pune,Corporate Insurance,2024-04-19
P09544,Riya Patil,30,Female,Nagpur,Corporate Insurance,2024-10-13
P09545,Arjun Patil,31,Female,Amravati,Private Insurance,2024-12-28
P09546,Aditi Mehta,61,Female,Nagpur,Government Scheme,2025-04-06
P09547,Rahul Rao,61,Male,Akola,Self Pay,2024-03-03
P09548,Aditya Pawar,11,Male,Amravati,Government Scheme,2024-05-17
P09549,Riya Rao,26,Female,Mumbai,Corporate Insurance,2024-02-06
P09550,Rohan Jain,33,Female,Nagpur,Private Insurance,2025-07-31
P09551,Neha Pawar,53,Female,Pune,Corporate Insurance,2025-02-12
P09552,Kavya Reddy,64,Female,Pune,Government Scheme,2024-06-30
P09553,Aditya Kulkarni,90,Female,Nashik,Private Insurance,2025-01-23
P09554,Rohan Shah,33,Male,Nashik,Government Scheme,2025-08-13
P09555,Vikram Khan,34,Male,Nagpur,Private Insurance,2025-07-09
P09556,Priya Jain,53,Female,Amravati,Government Scheme,2025-11-05
P09557,Sneha Gupta,29,Female,Amravati,Private Insurance,2024-06-17
P09558,Priya Kulkarni,39,Male,Nagpur,Self Pay,2024-04-29
P09559,Isha Joshi,34,Male,Wardha,Private Insurance,2025-07-11
P09560,Rahul Patil,1,Female,Akola,Government Scheme,2025-10-31
P09561,Arjun Gupta,44,Male,Wardha,Corporate Insurance,2024-05-07
P09562,Arjun Kulkarni,39,Female,Jabalpur,Corporate Insurance,2025-05-29
P09563,Sneha Deshmukh,66,Male,Akola,Self Pay,2025-02-23
P09564,Rohan Deshmukh,42,Female,Wardha,Private Insurance,2025-10-09
P09565,Kavya Patil,18,Male,Amravati,Corporate Insurance,2024-05-20
P09566,Nisha Reddy,37,Female,Bhandara,Private Insurance,2024-09-10
P09567,Vikram Khan,2,Male,Amravati,Government Scheme,2025-03-29
P09568,Arjun Deshmukh,19,Male,Nagpur,Corporate Insurance,2025-09-22
P09569,Neha Singh,54,Male,Bhandara,Private Insurance,2025-08-25
P09570,Karan Kulkarni,37,Male,Akola,Private Insurance,2024-12-14
P09571,Isha Pawar,60,Female,Amravati,Government Scheme,2024-09-27
P09572,Rahul Mehta,5,Male,Nagpur,Government Scheme,2024-05-18
P09573,Priya Kulkarni,37,Female,Nagpur,Private Insurance,2024-10-20
P09574,Isha Verma,33,Male,Amravati,Self Pay,2025-12-28
P09575,Karan Jain,60,Female,Nagpur,Corporate Insurance,2024-06-15
P09576,Aditya Deshmukh,55,Female,Nashik,Corporate Insurance,2025-11-23
P09577,Arjun Reddy,54,Female,Chandrapur,Private Insurance,2024-07-23
P09578,Kavya Rao,71,Male,Nagpur,Self Pay,2024-04-01
P09579,Karan Gupta,35,Male,Jabalpur,Corporate Insurance,2025-06-07
P09580,Rahul Jain,67,Female,Chandrapur,Private Insurance,2024-11-29
P09581,Pooja Reddy,22,Male,Nagpur,Government Scheme,2025-06-18
P09582,Rahul Reddy,21,Female,Pune,Private Insurance,2025-12-20
P09583,Aditi Patil,56,Female,Nashik,Private Insurance,2024-04-18
P09584,Karan Deshmukh,13,Female,Wardha,Private Insurance,2025-02-04
P09585,Aditi Kulkarni,53,Male,Nagpur,Self Pay,2024-07-13
P09586,Aarav Pawar,44,Male,Pune,Government Scheme,2024-12-28
P09587,Arjun Gupta,62,Male,Nagpur,Private Insurance,2024-07-06
P09588,Meera Patil,41,Female,Amravati,Government Scheme,2024-05-22
P09589,Nisha Shah,43,Female,Pune,Private Insurance,2025-01-13
P09590,Priya Verma,52,Male,Pune,Private Insurance,2024-11-02
P09591,Pooja Shah,29,Female,Chandrapur,Corporate Insurance,2025-07-13
P09592,Isha Verma,29,Male,Nagpur,Government Scheme,2024-12-29
P09593,Arjun Shah,51,Male,Nagpur,Self Pay,2025-03-16
P09594,Karan Pawar,41,Female,Pune,Private Insurance,2025-06-05
P09595,Meera Gupta,34,Female,Nashik,Private Insurance,2024-02-09
P09596,Aditya Joshi,40,Male,Pune,Corporate Insurance,2024-11-24
P09597,Rahul Gupta,72,Male,Nagpur,Private Insurance,2025-01-17
P09598,Pooja Joshi,34,Male,Jabalpur,Private Insurance,2025-04-08
P09599,Sneha Sharma,33,Male,Nagpur,Self Pay,2024-01-30
P09600,Neha Singh,10,Female,Nagpur,Government Scheme,2024-03-15
P09601,Pooja Singh,41,Male,Pune,Corporate Insurance,2025-09-11
P09602,Karan Verma,54,Male,Amravati,Corporate Insurance,2025-07-11
P09603,Kavya Rao,58,Male,Chandrapur,Private Insurance,2024-11-03
P09604,Isha Jain,44,Female,Bhandara,Private Insurance,2024-01-03
P09605,Aditi Reddy,60,Male,Mumbai,Government Scheme,2024-07-08
P09606,Aarav Kulkarni,56,Female,Nagpur,Private Insurance,2025-04-13
P09607,Priya Kulkarni,63,Female,Nagpur,Government Scheme,2025-05-11
P09608,Meera Khan,61,Other,Chandrapur,Private Insurance,2025-08-26
P09609,Rohan Pawar,72,Male,Pune,Corporate Insurance,2025-02-07
P09610,Neha Khan,39,Male,Mumbai,Corporate Insurance,2025-07-13
P09611,Meera Shah,17,Male,Amravati,Private Insurance,2024-06-21
P09612,Vikram Patil,55,Female,Nashik,Private Insurance,2024-04-17
P09613,Pooja Mehta,57,Male,Amravati,Corporate Insurance,2024-09-01
P09614,Aditi Gupta,72,Male,Nagpur,Private Insurance,2025-09-08
P09615,Rohan Singh,66,Male,Nagpur,Private Insurance,2025-10-09
P09616,Priya Gupta,79,Male,Nagpur,Private Insurance,2024-02-27
P09617,Karan Kulkarni,54,Male,Nagpur,Private Insurance,2024-05-22
P09618,Ananya Singh,46,Male,Nagpur,Private Insurance,2024-02-18
P09619,Sneha Pawar,16,Female,Nagpur,Private Insurance,2025-07-11
P09620,Neha Deshmukh,48,Male,Pune,Private Insurance,2025-08-23
P09621,Karan Joshi,32,Female,Nagpur,Self Pay,2025-11-07
P09622,Pooja Deshmukh,46,Female,Pune,Private Insurance,2024-05-13
P09623,Riya Pawar,43,Male,Pune,Self Pay,2025-01-13
P09624,Arjun Gupta,51,Male,Wardha,Government Scheme,2024-11-22
P09625,Vivaan Joshi,40,Male,Nashik,Government Scheme,2025-12-13
P09626,Priya Sharma,60,Female,Nagpur,Corporate Insurance,2025-11-14
P09627,Isha Jain,1,Female,Nagpur,Private Insurance,2025-09-02
P09628,Rohan Sharma,46,Male,Akola,Private Insurance,2024-06-01
P09629,Priya Gupta,65,Male,Chandrapur,Government Scheme,2024-08-31
P09630,Ananya Shah,78,Male,Wardha,Private Insurance,2025-07-23
P09631,Meera Shah,56,Male,Mumbai,Private Insurance,2025-03-20
P09632,Karan Deshmukh,74,Female,Nashik,Corporate Insurance,2025-03-02
P09633,Aditi Khan,45,Male,Amravati,Corporate Insurance,2024-02-25
P09634,Neha Joshi,42,Female,Nagpur,Government Scheme,2024-10-23
P09635,Aarav Singh,52,Male,Mumbai,Government Scheme,2025-12-12
P09636,Nisha Gupta,42,Male,Jabalpur,Government Scheme,2024-12-01
P09637,Aditya Kulkarni,27,Female,Chandrapur,Private Insurance,2025-10-06
P09638,Aditi Shah,32,Male,Nashik,Private Insurance,2024-10-26
P09639,Karan Rao,21,Male,Wardha,Government Scheme,2025-09-10
P09640,Rohan Gupta,52,Female,Nagpur,Private Insurance,2025-08-26
P09641,Rohan Deshmukh,42,Female,Mumbai,Private Insurance,2025-03-30
P09642,Riya Gupta,35,Male,Akola,Government Scheme,2025-08-17
P09643,Pooja Kulkarni,31,Male,Bhandara,Government Scheme,2024-02-05
P09644,Sneha Sharma,52,Male,Akola,Private Insurance,2024-09-29
P09645,Meera Reddy,57,Female,Wardha,Corporate Insurance,2024-03-06
P09646,Aditi Deshmukh,21,Male,Nagpur,Self Pay,2025-05-23
P09647,Pooja Reddy,18,Female,Akola,Government Scheme,2024-08-01
P09648,Sneha Shah,60,Female,Nagpur,Private Insurance,2025-01-23
P09649,Aditya Pawar,16,Female,Nagpur,Government Scheme,2025-09-07
P09650,Aarav Khan,52,Female,Nagpur,Self Pay,2025-06-30
P09651,Ananya Sharma,73,Female,Amravati,Government Scheme,2025-05-01
P09652,Sneha Shah,73,Female,Mumbai,Government Scheme,2024-02-06
P09653,Isha Verma,56,Female,Nagpur,Private Insurance,2025-03-25
P09654,Ananya Deshmukh,55,Male,Amravati,Private Insurance,2024-09-02
P09655,Arjun Khan,85,Female,Nashik,Corporate Insurance,2025-12-23
P09656,Kavya Deshmukh,1,Female,Mumbai,Private Insurance,2024-09-02
P09657,Arjun Pawar,33,Male,Nashik,Government Scheme,2025-07-01
P09658,Meera Gupta,58,Male,Jabalpur,Corporate Insurance,2025-03-11
P09659,Aditi Rao,36,Male,Akola,Private Insurance,2024-09-01
P09660,Priya Reddy,66,Female,Nashik,Corporate Insurance,2024-05-31
P09661,Diya Sharma,41,Male,Amravati,Corporate Insurance,2024-07-08
P09662,Aditya Mehta,45,Male,Nagpur,Self Pay,2025-01-23
P09663,Aditya Deshmukh,37,Male,Wardha,Self Pay,2025-10-08
P09664,Neha Kulkarni,32,Male,Nashik,Corporate Insurance,2025-12-16
P09665,Rohan Mehta,32,Female,Chandrapur,Private Insurance,2024-08-17
P09666,Sneha Verma,47,Female,Nashik,Self Pay,2024-02-01
P09667,Rohan Jain,27,Female,Chandrapur,Private Insurance,2024-06-10
P09668,Rohan Joshi,60,Female,Nashik,Corporate Insurance,2025-01-02
P09669,Riya Reddy,54,Male,Nagpur,Government Scheme,2024-10-20
P09670,Aditi Shah,63,Female,Nagpur,Self Pay,2024-04-10
P09671,Sneha Deshmukh,21,Male,Bhandara,Private Insurance,2024-05-06
P09672,Aditi Sharma,10,Other,Nagpur,Private Insurance,2025-03-01
P09673,Riya Singh,42,Male,Mumbai,Self Pay,2024-07-13
P09674,Nisha Khan,90,Female,Nagpur,Private Insurance,2024-06-24
P09675,Arjun Khan,66,Male,Nagpur,Government Scheme,2024-10-02
P09676,Sneha Kulkarni,31,Female,Akola,Self Pay,2025-10-20
P09677,Meera Shah,50,Female,Nagpur,Private Insurance,2025-09-07
P09678,Rahul Singh,56,Female,Bhandara,Private Insurance,2024-08-20
P09679,Isha Sharma,16,Female,Nagpur,Private Insurance,2025-07-14
P09680,Pooja Joshi,68,Male,Nagpur,Corporate Insurance,2025-11-30
P09681,Aarav Joshi,39,Female,Nashik,Private Insurance,2024-07-23
P09682,Riya Jain,40,Male,Amravati,Private Insurance,2024-01-04
P09683,Ananya Shah,42,Female,Bhandara,Corporate Insurance,2024-06-17
P09684,Ananya Sharma,64,Male,Nagpur,Self Pay,2025-08-30
P09685,Vikram Reddy,28,Female,Bhandara,Self Pay,2024-03-18
P09686,Priya Gupta,10,Male,Amravati,Government Scheme,2024-07-10
P09687,Aditi Patil,48,Female,Nagpur,Self Pay,2025-11-27
P09688,Riya Shah,3,Male,Nashik,Corporate Insurance,2024-05-27
P09689,Isha Rao,36,Male,Bhandara,Corporate Insurance,2024-12-15
P09690,Nisha Mehta,65,Male,Mumbai,Government Scheme,2025-10-07
P09691,Isha Pawar,53,Female,Pune,Self Pay,2025-09-10
P09692,Nisha Jain,62,Male,Bhandara,Self Pay,2024-08-10
P09693,Karan Kulkarni,54,Male,Nagpur,Self Pay,2024-07-01
P09694,Kavya Mehta,88,Male,Nashik,Self Pay,2025-03-02
P09695,Rahul Mehta,31,Male,Bhandara,Private Insurance,2024-08-23
P09696,Meera Gupta,50,Male,Pune,Self Pay,2025-06-21
P09697,Diya Shah,34,Other,Bhandara,Private Insurance,2025-05-08
P09698,Vivaan Joshi,60,Male,Nagpur,Private Insurance,2024-11-02
P09699,Aditya Khan,41,Female,Pune,Private Insurance,2024-10-26
P09700,Ananya Deshmukh,75,Female,Pune,Private Insurance,2024-03-14
P09701,Meera Kulkarni,32,Male,Nagpur,Government Scheme,2025-05-21
P09702,Neha Rao,69,Other,Akola,Private Insurance,2025-11-04
P09703,Aditi Shah,53,Female,Bhandara,Self Pay,2025-10-01
P09704,Aarav Patil,41,Female,Bhandara,Corporate Insurance,2025-04-17
P09705,Aditya Sharma,52,Female,Mumbai,Private Insurance,2025-06-15
P09706,Priya Rao,47,Female,Nagpur,Private Insurance,2025-10-13
P09707,Pooja Khan,49,Other,Nagpur,Private Insurance,2024-06-08
P09708,Karan Khan,38,Male,Nagpur,Self Pay,2025-07-14
P09709,Isha Gupta,29,Female,Mumbai,Private Insurance,2024-03-16
P09710,Vivaan Kulkarni,36,Female,Nagpur,Private Insurance,2025-07-19
P09711,Ananya Pawar,10,Female,Akola,Private Insurance,2024-06-08
P09712,Diya Jain,58,Male,Pune,Private Insurance,2025-03-06
P09713,Nisha Kulkarni,19,Male,Pune,Self Pay,2024-01-02
P09714,Karan Verma,38,Female,Nagpur,Self Pay,2024-01-05
P09715,Riya Kulkarni,54,Female,Nagpur,Private Insurance,2025-04-18
P09716,Aditi Khan,58,Male,Jabalpur,Government Scheme,2025-10-06
P09717,Meera Sharma,8,Male,Bhandara,Government Scheme,2024-03-21
P09718,Sneha Kulkarni,40,Male,Nagpur,Corporate Insurance,2025-08-29
P09719,Aditya Gupta,51,Female,Nagpur,Self Pay,2025-07-05
P09720,Diya Reddy,43,Other,Pune,Self Pay,2025-06-14
P09721,Priya Gupta,68,Male,Mumbai,Corporate Insurance,2024-07-18
P09722,Aditi Singh,26,Male,Bhandara,Private Insurance,2025-10-03
P09723,Aditi Shah,3,Female,Amravati,Private Insurance,2025-03-20
P09724,Riya Mehta,57,Female,Akola,Self Pay,2024-05-14
P09725,Sneha Reddy,32,Female,Nagpur,Private Insurance,2025-10-06
P09726,Meera Patil,9,Male,Mumbai,Government Scheme,2024-07-24
P09727,Vikram Sharma,39,Male,Nagpur,Self Pay,2024-12-29
P09728,Rahul Khan,65,Female,Nagpur,Government Scheme,2024-04-24
P09729,Aditya Singh,18,Male,Nagpur,Private Insurance,2024-10-11
P09730,Priya Pawar,86,Male,Nagpur,Government Scheme,2025-04-17
P09731,Neha Shah,26,Female,Amravati,Private Insurance,2025-10-17
P09732,Neha Jain,44,Male,Akola,Private Insurance,2024-11-16
P09733,Meera Khan,19,Male,Wardha,Government Scheme,2025-03-27
P09734,Pooja Shah,43,Female,Akola,Private Insurance,2024-03-15
P09735,Nisha Verma,39,Male,Nagpur,Corporate Insurance,2024-06-23
P09736,Vivaan Rao,14,Female,Amravati,Government Scheme,2025-02-24
P09737,Kavya Shah,90,Male,Wardha,Corporate Insurance,2024-01-31
P09738,Rohan Joshi,33,Male,Bhandara,Corporate Insurance,2024-09-04
P09739,Meera Rao,33,Male,Nagpur,Government Scheme,2024-02-13
P09740,Karan Khan,60,Male,Pune,Government Scheme,2024-12-24
P09741,Vikram Pawar,76,Female,Nagpur,Corporate Insurance,2024-07-10
P09742,Priya Jain,63,Female,Nagpur,Private Insurance,2024-07-09
P09743,Sneha Joshi,19,Male,Nagpur,Government Scheme,2024-12-03
P09744,Aditya Pawar,46,Female,Chandrapur,Private Insurance,2024-04-27
P09745,Ananya Verma,6,Male,Nagpur,Self Pay,2025-07-08
P09746,Arjun Mehta,59,Female,Nagpur,Self Pay,2024-11-25
P09747,Vivaan Deshmukh,11,Female,Wardha,Government Scheme,2025-10-21
P09748,Karan Joshi,27,Male,Amravati,Government Scheme,2024-06-14
P09749,Vivaan Joshi,42,Male,Nagpur,Government Scheme,2024-02-15
P09750,Vikram Shah,50,Male,Chandrapur,Government Scheme,2024-10-22
P09751,Isha Patil,37,Male,Chandrapur,Government Scheme,2024-03-17
P09752,Aditi Pawar,71,Female,Nagpur,Corporate Insurance,2024-10-06
P09753,Ananya Khan,56,Male,Nagpur,Private Insurance,2025-07-17
P09754,Nisha Sharma,54,Male,Amravati,Private Insurance,2025-11-17
P09755,Isha Reddy,19,Male,Jabalpur,Private Insurance,2024-11-30
P09756,Rohan Mehta,74,Female,Nashik,Self Pay,2024-05-16
P09757,Meera Sharma,27,Male,Nagpur,Corporate Insurance,2024-10-09
P09758,Riya Patil,75,Female,Jabalpur,Private Insurance,2024-07-28
P09759,Sneha Pawar,80,Male,Wardha,Government Scheme,2024-03-29
P09760,Pooja Verma,52,Female,Amravati,Corporate Insurance,2025-08-01
P09761,Aditya Kulkarni,62,Male,Jabalpur,Private Insurance,2025-06-17
P09762,Sneha Pawar,1,Male,Nashik,Corporate Insurance,2024-08-03
P09763,Vivaan Singh,38,Male,Bhandara,Corporate Insurance,2024-12-20
P09764,Ananya Khan,63,Male,Chandrapur,Self Pay,2024-12-16
P09765,Nisha Mehta,60,Male,Jabalpur,Private Insurance,2024-11-10
P09766,Aditi Singh,19,Female,Nagpur,Self Pay,2025-07-10
P09767,Sneha Patil,36,Male,Amravati,Private Insurance,2025-05-24
P09768,Arjun Deshmukh,1,Other,Amravati,Private Insurance,2024-01-04
P09769,Sneha Singh,50,Female,Jabalpur,Private Insurance,2024-06-12
P09770,Nisha Khan,6,Female,Nagpur,Private Insurance,2025-11-29
P09771,Riya Jain,63,Male,Nagpur,Corporate Insurance,2024-10-28
P09772,Priya Kulkarni,64,Female,Amravati,Self Pay,2024-12-03
P09773,Aditya Singh,33,Male,Nagpur,Private Insurance,2025-07-09
P09774,Isha Rao,52,Male,Akola,Government Scheme,2025-07-08
P09775,Nisha Gupta,38,Male,Amravati,Government Scheme,2025-02-16
P09776,Arjun Joshi,47,Female,Pune,Private Insurance,2025-11-03
P09777,Diya Rao,20,Female,Nashik,Private Insurance,2025-03-06
P09778,Riya Reddy,54,Male,Wardha,Government Scheme,2025-10-02
P09779,Rohan Sharma,11,Female,Pune,Self Pay,2024-11-27
P09780,Neha Shah,7,Male,Nagpur,Private Insurance,2024-06-09
P09781,Diya Jain,40,Female,Bhandara,Corporate Insurance,2024-03-22
P09782,Aditi Deshmukh,38,Female,Chandrapur,Government Scheme,2025-02-09
P09783,Priya Sharma,47,Female,Nagpur,Government Scheme,2025-10-12
P09784,Isha Sharma,30,Female,Nagpur,Private Insurance,2024-10-26
P09785,Kavya Pawar,78,Male,Bhandara,Government Scheme,2025-06-14
P09786,Rahul Joshi,45,Male,Wardha,Private Insurance,2025-01-23
P09787,Neha Joshi,46,Male,Chandrapur,Private Insurance,2025-08-11
P09788,Vikram Sharma,46,Male,Nagpur,Corporate Insurance,2025-07-23
P09789,Karan Khan,61,Female,Nagpur,Government Scheme,2025-05-24
P09790,Vivaan Mehta,53,Female,Jabalpur,Private Insurance,2024-09-15
P09791,Rahul Jain,50,Male,Nagpur,Private Insurance,2024-10-27
P09792,Aditya Deshmukh,56,Female,Jabalpur,Private Insurance,2024-12-14
P09793,Riya Rao,7,Female,Akola,Corporate Insurance,2025-08-23
P09794,Rahul Rao,8,Female,Chandrapur,Private Insurance,2025-03-19
P09795,Kavya Joshi,41,Male,Nagpur,Government Scheme,2024-05-05
P09796,Kavya Rao,38,Female,Mumbai,Self Pay,2024-07-16
P09797,Karan Shah,53,Female,Mumbai,Private Insurance,2024-08-15
P09798,Rahul Sharma,42,Male,Nashik,Government Scheme,2025-03-18
P09799,Nisha Pawar,53,Male,Akola,Self Pay,2025-07-12
P09800,Arjun Kulkarni,18,Female,Wardha,Corporate Insurance,2024-04-18
P09801,Pooja Mehta,42,Male,Nagpur,Self Pay,2025-06-11
P09802,Pooja Gupta,17,Female,Jabalpur,Private Insurance,2025-03-29
P09803,Nisha Jain,49,Female,Nagpur,Private Insurance,2024-05-30
P09804,Ananya Jain,6,Female,Wardha,Private Insurance,2024-04-14
P09805,Aditi Sharma,49,Female,Amravati,Private Insurance,2024-04-17
P09806,Priya Khan,14,Female,Nashik,Corporate Insurance,2025-07-20
P09807,Riya Kulkarni,35,Male,Nashik,Private Insurance,2024-06-20
P09808,Karan Joshi,59,Female,Chandrapur,Private Insurance,2024-05-21
P09809,Ananya Shah,46,Male,Nagpur,Government Scheme,2024-10-31
P09810,Kavya Mehta,11,Female,Nagpur,Private Insurance,2025-04-16
P09811,Isha Khan,29,Female,Nagpur,Government Scheme,2024-11-19
P09812,Sneha Singh,13,Male,Jabalpur,Private Insurance,2025-02-28
P09813,Pooja Patil,10,Male,Nagpur,Self Pay,2024-09-24
P09814,Diya Khan,44,Female,Jabalpur,Private Insurance,2024-11-06
P09815,Isha Jain,53,Female,Nagpur,Government Scheme,2025-03-02
P09816,Karan Rao,50,Male,Mumbai,Government Scheme,2025-04-16
P09817,Aditya Jain,53,Female,Bhandara,Private Insurance,2025-06-22
P09818,Sneha Patil,42,Male,Pune,Private Insurance,2025-09-09
P09819,Rohan Rao,37,Male,Chandrapur,Government Scheme,2024-08-27
P09820,Neha Jain,22,Female,Nashik,Self Pay,2024-03-28
P09821,Kavya Sharma,34,Male,Nashik,Government Scheme,2024-03-08
P09822,Riya Khan,17,Female,Nagpur,Government Scheme,2025-05-08
P09823,Rohan Verma,26,Male,Mumbai,Government Scheme,2024-11-10
P09824,Vikram Singh,44,Male,Chandrapur,Government Scheme,2024-10-26
P09825,Rahul Verma,40,Male,Nagpur,Self Pay,2025-06-19
P09826,Isha Khan,90,Other,Nagpur,Private Insurance,2025-05-06
P09827,Ananya Deshmukh,16,Male,Bhandara,Government Scheme,2025-10-29
P09828,Aditya Mehta,40,Female,Mumbai,Corporate Insurance,2025-09-30
P09829,Diya Patil,15,Female,Pune,Government Scheme,2025-07-01
P09830,Vikram Sharma,35,Female,Nagpur,Government Scheme,2025-04-21
P09831,Rohan Patil,35,Female,Akola,Self Pay,2025-10-16
P09832,Nisha Gupta,58,Male,Nagpur,Private Insurance,2024-04-26
P09833,Arjun Singh,33,Female,Nagpur,Government Scheme,2025-11-28
P09834,Aditi Kulkarni,38,Male,Pune,Private Insurance,2024-10-30
P09835,Arjun Kulkarni,34,Female,Nagpur,Private Insurance,2024-06-30
P09836,Priya Mehta,15,Female,Amravati,Private Insurance,2025-02-05
P09837,Aditya Pawar,30,Female,Nagpur,Self Pay,2025-10-14
P09838,Aarav Kulkarni,35,Other,Nagpur,Government Scheme,2024-04-02
P09839,Aarav Shah,43,Female,Nagpur,Corporate Insurance,2024-05-06
P09840,Diya Rao,53,Female,Nagpur,Private Insurance,2025-04-14
P09841,Arjun Joshi,38,Female,Wardha,Private Insurance,2025-05-03
P09842,Meera Deshmukh,37,Other,Mumbai,Government Scheme,2025-06-04
P09843,Vivaan Kulkarni,9,Female,Nagpur,Private Insurance,2025-10-17
P09844,Rohan Khan,52,Male,Mumbai,Government Scheme,2025-07-10
P09845,Vivaan Sharma,29,Female,Akola,Private Insurance,2025-08-15
P09846,Rohan Mehta,56,Female,Nagpur,Private Insurance,2024-03-28
P09847,Meera Verma,67,Male,Nagpur,Government Scheme,2024-09-17
P09848,Meera Singh,38,Male,Nagpur,Government Scheme,2025-05-29
P09849,Ananya Deshmukh,23,Male,Pune,Private Insurance,2025-08-21
P09850,Vikram Reddy,42,Female,Nashik,Private Insurance,2024-09-24
P09851,Sneha Gupta,49,Other,Nagpur,Private Insurance,2025-02-28
P09852,Riya Deshmukh,36,Male,Nagpur,Private Insurance,2024-06-03
P09853,Arjun Sharma,31,Male,Nagpur,Corporate Insurance,2025-09-23
P09854,Vivaan Verma,53,Female,Chandrapur,Self Pay,2025-01-17
P09855,Vivaan Gupta,51,Female,Nagpur,Private Insurance,2024-03-10
P09856,Vivaan Sharma,35,Female,Bhandara,Private Insurance,2025-02-22
P09857,Meera Pawar,11,Male,Chandrapur,Private Insurance,2024-07-12
P09858,Pooja Shah,51,Male,Akola,Private Insurance,2024-11-29
P09859,Riya Kulkarni,27,Female,Nagpur,Corporate Insurance,2024-09-10
P09860,Rahul Deshmukh,46,Female,Wardha,Private Insurance,2025-09-05
P09861,Diya Gupta,45,Female,Wardha,Corporate Insurance,2025-09-10
P09862,Isha Rao,6,Female,Pune,Self Pay,2024-04-23
P09863,Vivaan Gupta,44,Male,Wardha,Self Pay,2024-08-24
P09864,Aditya Jain,52,Female,Amravati,Government Scheme,2024-10-24
P09865,Isha Patil,54,Female,Nagpur,Private Insurance,2025-09-15
P09866,Pooja Patil,44,Female,Akola,Self Pay,2024-07-13
P09867,Pooja Rao,4,Female,Chandrapur,Self Pay,2025-05-26
P09868,Isha Singh,66,Male,Akola,Government Scheme,2024-02-05
P09869,Aarav Singh,50,Female,Chandrapur,Private Insurance,2025-12-01
P09870,Arjun Shah,19,Male,Mumbai,Private Insurance,2024-09-04
P09871,Isha Jain,27,Male,Mumbai,Private Insurance,2024-07-15
P09872,Pooja Reddy,46,Male,Nagpur,Private Insurance,2025-06-08
P09873,Pooja Patil,55,Female,Nagpur,Government Scheme,2025-03-22
P09874,Neha Deshmukh,33,Male,Mumbai,Corporate Insurance,2025-01-16
P09875,Nisha Mehta,58,Male,Akola,Self Pay,2025-11-10
P09876,Karan Patil,8,Female,Jabalpur,Government Scheme,2024-11-01
P09877,Nisha Gupta,22,Male,Wardha,Self Pay,2025-01-28
P09878,Riya Patil,3,Female,Jabalpur,Government Scheme,2024-12-12
P09879,Rahul Shah,25,Female,Nagpur,Government Scheme,2024-05-06
P09880,Aditya Shah,71,Female,Chandrapur,Self Pay,2024-08-16
P09881,Nisha Deshmukh,81,Male,Wardha,Private Insurance,2025-03-16
P09882,Ananya Patil,46,Female,Nagpur,Corporate Insurance,2024-03-30
P09883,Neha Shah,30,Female,Nagpur,Private Insurance,2025-06-17
P09884,Isha Kulkarni,38,Female,Nagpur,Government Scheme,2025-03-07
P09885,Neha Jain,51,Female,Nagpur,Government Scheme,2025-04-19
P09886,Aditi Khan,12,Female,Jabalpur,Government Scheme,2025-08-18
P09887,Kavya Patil,31,Male,Jabalpur,Government Scheme,2024-12-19
P09888,Aditya Shah,69,Female,Mumbai,Private Insurance,2025-07-30
P09889,Aditya Mehta,22,Male,Jabalpur,Self Pay,2025-06-30
P09890,Riya Pawar,28,Male,Pune,Private Insurance,2024-06-19
P09891,Diya Mehta,42,Male,Mumbai,Government Scheme,2024-07-16
P09892,Meera Rao,47,Male,Nagpur,Self Pay,2024-11-13
P09893,Kavya Gupta,30,Female,Nagpur,Government Scheme,2024-03-10
P09894,Priya Patil,43,Male,Mumbai,Corporate Insurance,2025-02-07
P09895,Aarav Patil,54,Female,Wardha,Private Insurance,2025-10-28
P09896,Aditi Patil,79,Female,Akola,Private Insurance,2025-08-08
P09897,Rohan Khan,40,Female,Bhandara,Private Insurance,2025-06-16
P09898,Arjun Patil,41,Male,Nagpur,Corporate Insurance,2024-05-23
P09899,Neha Rao,71,Male,Nagpur,Self Pay,2025-08-07
P09900,Aditya Singh,32,Female,Nashik,Self Pay,2024-04-06
P09901,Isha Rao,17,Male,Bhandara,Government Scheme,2024-10-27
P09902,Aditi Pawar,47,Female,Amravati,Private Insurance,2025-11-11
P09903,Riya Joshi,62,Female,Chandrapur,Private Insurance,2025-07-09
P09904,Meera Deshmukh,49,Female,Amravati,Government Scheme,2024-04-16
P09905,Aarav Jain,40,Male,Wardha,Private Insurance,2025-01-16
P09906,Meera Sharma,14,Male,Akola,Government Scheme,2025-12-23
P09907,Kavya Reddy,41,Female,Wardha,Corporate Insurance,2024-11-22
P09908,Vikram Sharma,65,Female,Jabalpur,Private Insurance,2025-03-13
P09909,Rahul Singh,19,Male,Wardha,Self Pay,2024-10-06
P09910,Vivaan Gupta,37,Male,Jabalpur,Government Scheme,2024-12-30
P09911,Rohan Singh,35,Female,Pune,Private Insurance,2025-01-13
P09912,Rohan Jain,29,Male,Mumbai,Private Insurance,2024-05-17
P09913,Karan Patil,47,Male,Nashik,Government Scheme,2025-11-19
P09914,Rahul Rao,50,Female,Chandrapur,Self Pay,2025-09-20
P09915,Pooja Pawar,50,Female,Bhandara,Government Scheme,2024-03-14
P09916,Rohan Gupta,23,Male,Bhandara,Private Insurance,2024-05-05
P09917,Diya Rao,11,Female,Nagpur,Private Insurance,2025-04-15
P09918,Karan Mehta,47,Female,Nagpur,Self Pay,2024-10-19
P09919,Rahul Deshmukh,32,Male,Nagpur,Private Insurance,2025-05-10
P09920,Pooja Patil,77,Male,Nashik,Government Scheme,2024-02-05
P09921,Pooja Reddy,78,Male,Nagpur,Private Insurance,2025-07-02
P09922,Aditya Pawar,80,Male,Bhandara,Self Pay,2024-01-17
P09923,Arjun Shah,24,Female,Nagpur,Private Insurance,2024-05-23
P09924,Diya Patil,53,Male,Nagpur,Private Insurance,2025-06-16
P09925,Arjun Pawar,59,Female,Bhandara,Government Scheme,2024-09-10
P09926,Kavya Verma,56,Male,Mumbai,Self Pay,2024-05-31
P09927,Kavya Deshmukh,35,Female,Amravati,Corporate Insurance,2025-10-06
P09928,Aarav Gupta,66,Female,Mumbai,Corporate Insurance,2025-03-14
P09929,Aarav Sharma,42,Female,Nagpur,Government Scheme,2024-07-29
P09930,Karan Pawar,44,Male,Wardha,Government Scheme,2025-06-12
P09931,Aditi Singh,13,Male,Nagpur,Government Scheme,2024-04-07
P09932,Neha Khan,54,Male,Nagpur,Government Scheme,2024-12-25
P09933,Isha Sharma,37,Female,Nagpur,Private Insurance,2024-05-18
P09934,Karan Deshmukh,51,Female,Nagpur,Self Pay,2025-04-24
P09935,Meera Jain,46,Male,Akola,Corporate Insurance,2024-07-17
P09936,Ananya Pawar,45,Female,Chandrapur,Private Insurance,2024-06-25
P09937,Priya Sharma,41,Male,Nagpur,Private Insurance,2024-07-05
P09938,Sneha Khan,57,Male,Mumbai,Private Insurance,2025-08-20
P09939,Aditi Shah,38,Male,Akola,Government Scheme,2025-09-24
P09940,Aditi Joshi,14,Female,Nagpur,Government Scheme,2024-05-30
P09941,Ananya Jain,53,Male,Amravati,Private Insurance,2024-04-24
P09942,Diya Gupta,27,Male,Nagpur,Government Scheme,2025-03-07
P09943,Meera Shah,17,Male,Pune,Self Pay,2025-04-13
P09944,Vivaan Mehta,23,Male,Wardha,Private Insurance,2025-09-02
P09945,Pooja Deshmukh,47,Female,Nagpur,Self Pay,2025-08-22
P09946,Rohan Pawar,40,Male,Nagpur,Self Pay,2025-08-02
P09947,Diya Patil,1,Female,Nagpur,Government Scheme,2024-02-01
P09948,Vikram Rao,35,Male,Amravati,Private Insurance,2024-02-07
P09949,Rahul Verma,64,Male,Chandrapur,Corporate Insurance,2024-05-16
P09950,Kavya Reddy,33,Male,Jabalpur,Private Insurance,2024-09-25
P09951,Arjun Gupta,39,Female,Nagpur,Private Insurance,2025-06-23
P09952,Kavya Mehta,62,Male,Nagpur,Private Insurance,2025-09-14
P09953,Ananya Jain,57,Female,Nagpur,Corporate Insurance,2025-06-08
P09954,Karan Joshi,61,Female,Amravati,Private Insurance,2025-09-13
P09955,Nisha Singh,1,Male,Akola,Government Scheme,2024-09-28
P09956,Pooja Joshi,75,Female,Jabalpur,Self Pay,2025-04-09
P09957,Aarav Sharma,54,Female,Nashik,Government Scheme,2024-04-09
P09958,Neha Verma,89,Male,Nagpur,Self Pay,2024-03-20
P09959,Isha Khan,27,Male,Mumbai,Private Insurance,2025-08-25
P09960,Pooja Deshmukh,8,Male,Pune,Self Pay,2024-10-22
P09961,Meera Singh,42,Male,Nagpur,Private Insurance,2025-06-14
P09962,Meera Jain,37,Male,Mumbai,Private Insurance,2025-12-02
P09963,Vikram Verma,54,Female,Akola,Private Insurance,2025-02-23
P09964,Karan Patil,62,Female,Pune,Government Scheme,2024-03-18
P09965,Aarav Pawar,40,Male,Wardha,Private Insurance,2025-04-24
P09966,Aditi Patil,37,Male,Nagpur,Government Scheme,2025-08-08
P09967,Rahul Sharma,52,Female,Pune,Private Insurance,2024-07-19
P09968,Rohan Patil,37,Female,Wardha,Government Scheme,2024-11-01
P09969,Aditi Joshi,36,Male,Jabalpur,Private Insurance,2025-04-03
P09970,Nisha Khan,62,Male,Nagpur,Government Scheme,2025-06-27
P09971,Karan Verma,66,Male,Amravati,Self Pay,2024-05-12
P09972,Vivaan Reddy,63,Male,Nashik,Private Insurance,2024-02-09
P09973,Kavya Jain,39,Male,Bhandara,Self Pay,2025-04-10
P09974,Aarav Rao,1,Male,Amravati,Government Scheme,2024-01-08
P09975,Rohan Singh,39,Female,Akola,Private Insurance,2024-11-26
P09976,Meera Sharma,28,Male,Nashik,Private Insurance,2024-08-07
P09977,Vikram Deshmukh,40,Male,Bhandara,Private Insurance,2024-11-16
P09978,Arjun Verma,29,Male,Nagpur,Self Pay,2025-09-27
P09979,Aarav Khan,42,Female,Chandrapur,Private Insurance,2025-11-14
P09980,Sneha Singh,22,Male,Bhandara,Corporate Insurance,2025-05-11
P09981,Diya Joshi,18,Male,Pune,Self Pay,2024-09-28
P09982,Priya Khan,65,Female,Chandrapur,Government Scheme,2025-03-22
P09983,Rohan Verma,24,Other,Wardha,Corporate Insurance,2024-04-11
P09984,Riya Khan,42,Male,Nagpur,Private Insurance,2025-12-29
P09985,Diya Verma,60,Male,Nagpur,Self Pay,2025-09-29
P09986,Rohan Joshi,59,Male,Nagpur,Private Insurance,2024-09-10
P09987,Riya Kulkarni,57,Female,Chandrapur,Government Scheme,2024-01-18
P09988,Meera Rao,48,Male,Pune,Private Insurance,2025-09-12
P09989,Neha Singh,56,Female,Jabalpur,Self Pay,2024-01-23
P09990,Rohan Gupta,68,Male,Chandrapur,Private Insurance,2024-03-21
P09991,Vivaan Kulkarni,50,Male,Nashik,Government Scheme,2024-01-05
P09992,Rahul Shah,7,Male,Chandrapur,Corporate Insurance,2024-05-04
P09993,Ananya Sharma,32,Male,Amravati,Private Insurance,2025-11-01
P09994,Isha Khan,55,Male,Chandrapur,Corporate Insurance,2024-12-15
P09995,Kavya Joshi,30,Female,Amravati,Government Scheme,2024-05-02
P09996,Vikram Pawar,73,Female,Wardha,Self Pay,2025-12-01
P09997,Kavya Patil,41,Female,Mumbai,Government Scheme,2024-10-30
P09998,Diya Jain,44,Male,Bhandara,Self Pay,2025-05-28
P09999,Aarav Sharma,63,Male,Nagpur,Corporate Insurance,2025-02-01
P10000,Vivaan Verma,39,Male,Bhandara,Private Insurance,2024-03-23
